src,dest,weight
ee12564debb781ba,pegasus-mpi-cluster,0.0
ee12564debb781ba,pegasus-kickstart,0.0
pegasus-mpi-cluster,8e2bbf4642ad101f,25.0
pegasus-mpi-cluster,91f6ea50db390a38,25.0
pegasus-mpi-cluster,97439c66a6a0a895,25.0
pegasus-mpi-cluster,f77159e85de4744d,25.0
pegasus-mpi-cluster,4fd4264786682042,248.0
pegasus-mpi-cluster,21bebda66ed66fd0,248.0
pegasus-mpi-cluster,f5ae04ebdba46aee,246.0
pegasus-mpi-cluster,21f268e77f233993,25.0
pegasus-mpi-cluster,a58f08685e2443e8,25.0
pegasus-mpi-cluster,630596971fdb9a8b,248.0
pegasus-mpi-cluster,dd7728b5cb54ed77,248.0
pegasus-mpi-cluster,634e14c2a34df8bd,248.0
pegasus-mpi-cluster,07d5c879eeb4c7cc,248.0
pegasus-mpi-cluster,7b5b3d48b302f9af,248.0
pegasus-mpi-cluster,92e92d2d2fa950ad,247.0
pegasus-mpi-cluster,dd4e1b1c2a80dc1b,246.0
pegasus-mpi-cluster,dcf7f10035435855,248.0
pegasus-mpi-cluster,21f02480744a68d5,248.0
pegasus-mpi-cluster,3d0cae9ad2a92a2e,25.0
pegasus-mpi-cluster,51c90691cdb7aedd,25.0
pegasus-mpi-cluster,075df37366614217,25.0
pegasus-mpi-cluster,330a030dfe61cb1f,25.0
pegasus-mpi-cluster,95f6a814ea495928,248.0
pegasus-mpi-cluster,507f2582eb220043,25.0
pegasus-mpi-cluster,b0a739148af3b9ac,25.0
pegasus-mpi-cluster,741cdb702deb517a,246.0
pegasus-mpi-cluster,8f6e828dcfb35d2e,248.0
pegasus-mpi-cluster,b8bb1334fa425e85,248.0
pegasus-mpi-cluster,218e6b929b6a280a,247.0
pegasus-mpi-cluster,73e78c61e1d054b6,248.0
pegasus-mpi-cluster,219490445d9b1410,25.0
pegasus-mpi-cluster,6c18a97aed91fb87,25.0
pegasus-mpi-cluster,cd8b6fdc7a308a09,248.0
pegasus-mpi-cluster,3b5bfd789b3eda41,248.0
pegasus-mpi-cluster,93627b165bcf6b91,25.0
pegasus-mpi-cluster,f8a9f3e55184f9bd,25.0
pegasus-mpi-cluster,d3d9cea8beba765e,248.0
pegasus-mpi-cluster,0da830130ed033fb,248.0
pegasus-mpi-cluster,b9f6da35078d3fb3,248.0
pegasus-mpi-cluster,414bf739210e4985,248.0
pegasus-mpi-cluster,f2188ddae1092d06,248.0
pegasus-mpi-cluster,05efc4a1df7d2ce7,247.0
pegasus-mpi-cluster,e2ad4b3921549260,248.0
pegasus-mpi-cluster,626eb5db352b6b5b,248.0
pegasus-mpi-cluster,487dd5f581555d60,246.0
pegasus-mpi-cluster,631b7e80e553bedd,248.0
pegasus-mpi-cluster,c1bcce156686f989,246.0
pegasus-mpi-cluster,bfa8f67e15cada95,248.0
pegasus-mpi-cluster,0117279761734909,248.0
pegasus-mpi-cluster,097357c373944dba,25.0
pegasus-mpi-cluster,f7872ca0cf66a6b5,25.0
pegasus-mpi-cluster,3a0cd209e8b47a8f,248.0
pegasus-mpi-cluster,067987c9da7489d1,248.0
pegasus-mpi-cluster,de2aabac21c21b03,248.0
pegasus-mpi-cluster,266bf3cea08abc44,248.0
pegasus-mpi-cluster,ac0d05fc5ab022cb,248.0
pegasus-mpi-cluster,fe5034815289f543,248.0
pegasus-mpi-cluster,c138e1b785cb9705,247.0
pegasus-mpi-cluster,62139bebb085f79b,25.0
pegasus-mpi-cluster,f55de0fd21288c09,25.0
pegasus-mpi-cluster,c7d95b39e1fe07ba,248.0
pegasus-mpi-cluster,1ea8e367775961be,248.0
pegasus-mpi-cluster,9e5e74490c1f88b3,25.0
pegasus-mpi-cluster,cef21d89f6a49eac,25.0
pegasus-mpi-cluster,896564efbb50167f,247.0
pegasus-mpi-cluster,bcb840eec626706c,248.0
pegasus-mpi-cluster,19ad419013245c09,248.0
pegasus-mpi-cluster,e461c2cbbe91fa44,248.0
pegasus-mpi-cluster,ae310528b1f36d16,246.0
pegasus-mpi-cluster,5a649a31085156b0,25.0
pegasus-mpi-cluster,e1e0e6285e875211,25.0
pegasus-mpi-cluster,f006a51cb84f447b,248.0
pegasus-mpi-cluster,6d1bb257c0013ba8,248.0
pegasus-mpi-cluster,111db8acfa93b398,247.0
pegasus-mpi-cluster,35ba27c3202632ba,25.0
pegasus-mpi-cluster,ab02e68eeeeafaa4,25.0
pegasus-mpi-cluster,00df339b9a31d0c3,248.0
pegasus-mpi-cluster,14bc19226b32289b,248.0
pegasus-mpi-cluster,b0c32df7723ddaf9,248.0
pegasus-mpi-cluster,3c5202aa0b4b7933,248.0
pegasus-mpi-cluster,fe27e1a8fd23dcd9,248.0
pegasus-mpi-cluster,4a52437970e16412,248.0
pegasus-mpi-cluster,684cb791d4c99d76,25.0
pegasus-mpi-cluster,9361d8df3a56f986,25.0
pegasus-mpi-cluster,0191c857bd29337d,25.0
pegasus-mpi-cluster,fda068867fc11f62,25.0
pegasus-mpi-cluster,f1a4669262507f89,248.0
pegasus-mpi-cluster,45ec49c3b93783c5,25.0
pegasus-mpi-cluster,dfe85a4c96fbb77b,25.0
pegasus-mpi-cluster,f2583758af62ab56,248.0
5424335785880719,pegasus-mpi-cluster,97510.0
00171042a7482487,pegasus-mpi-cluster,7.0
016b315cc3f4f897,pegasus-mpi-cluster,7.0
02310934914e0167,pegasus-mpi-cluster,7.0
02c7054178933aff,pegasus-mpi-cluster,7.0
037b6c6423f9f201,pegasus-mpi-cluster,7.0
05cc73ee3a1723a6,pegasus-mpi-cluster,10.0
07b2a06bd427435f,pegasus-mpi-cluster,7.0
089a36a2c4e7cc38,pegasus-mpi-cluster,7.0
08f298d8b073c142,pegasus-mpi-cluster,5.0
0a85a93acbaefb8f,pegasus-mpi-cluster,7.0
0c7539f05849b1bf,pegasus-mpi-cluster,7.0
0db76f49ce8e72e7,pegasus-mpi-cluster,7.0
14f6c2dbfaf6838a,pegasus-mpi-cluster,7.0
18a9838b2b2a9571,pegasus-mpi-cluster,7.0
19c76510264edafa,pegasus-mpi-cluster,7.0
1a4e49c30e71e907,pegasus-mpi-cluster,20.0
1a8b8ef19b69fa89,pegasus-mpi-cluster,7.0
1af36c5a7e86f3bc,pegasus-mpi-cluster,7.0
1c6222fb5dc179ea,pegasus-mpi-cluster,7.0
2033562e05aaa28d,pegasus-mpi-cluster,7.0
20f8613cb1ea05b3,pegasus-mpi-cluster,7.0
22832ce129a26377,pegasus-mpi-cluster,7.0
291a90448d8c7a77,pegasus-mpi-cluster,7.0
2cea1428cc598724,pegasus-mpi-cluster,7.0
2dd6f61aaa94f9a0,pegasus-mpi-cluster,7.0
2e04d9e5d6e18d14,pegasus-mpi-cluster,14.0
2e2304e057fbdf36,pegasus-mpi-cluster,7.0
30da8a48302f7836,pegasus-mpi-cluster,7.0
3737c0cf1d32ecf3,pegasus-mpi-cluster,7.0
3826db173ec44d7e,pegasus-mpi-cluster,7.0
38a9d405929273d5,pegasus-mpi-cluster,7.0
3a1e4531d332d309,pegasus-mpi-cluster,7.0
3dba0c5f5edc42f3,pegasus-mpi-cluster,7.0
3e23905014d74b7e,pegasus-mpi-cluster,7.0
3f6a90d49cc3ddcd,pegasus-mpi-cluster,7.0
40fa1bd16bae3676,pegasus-mpi-cluster,7.0
46795fe9fd9cd98d,pegasus-mpi-cluster,7.0
47edfb2419789401,pegasus-mpi-cluster,7.0
480b0732c60924b6,pegasus-mpi-cluster,7.0
4be889b4c8f6c1dd,pegasus-mpi-cluster,7.0
4c08a9583b5227b1,pegasus-mpi-cluster,7.0
4f9231187d16b513,pegasus-mpi-cluster,7.0
56733243a4cb5ed7,pegasus-mpi-cluster,7.0
5a6a54243d982fd8,pegasus-mpi-cluster,7.0
5c62b4f72cc4e9ee,pegasus-mpi-cluster,7.0
5d04306d6bdf2192,pegasus-mpi-cluster,7.0
5db1933c5947fb3f,pegasus-mpi-cluster,7.0
5f6c0f5353c3064c,pegasus-mpi-cluster,7.0
62121b03aec5749b,pegasus-mpi-cluster,7.0
622627d27869163d,pegasus-mpi-cluster,7.0
668532cdf5e3b920,pegasus-mpi-cluster,7.0
68bb584abab66e48,pegasus-mpi-cluster,7.0
69025fcea6322162,pegasus-mpi-cluster,7.0
69cb1d0362b5dee4,pegasus-mpi-cluster,7.0
69e2abf93b113c05,pegasus-mpi-cluster,7.0
6bd67b6f6dee4064,pegasus-mpi-cluster,7.0
6e6ad402c107a654,pegasus-mpi-cluster,7.0
6f943a7502dc8f7a,pegasus-mpi-cluster,11.0
7111759db368ac4a,pegasus-mpi-cluster,6.0
75d85a2b8fce00cf,pegasus-mpi-cluster,7.0
7617d087f1e88e3b,pegasus-mpi-cluster,7.0
775d04e9805741a5,pegasus-mpi-cluster,7.0
7851742e20a668c6,pegasus-mpi-cluster,7.0
78daf60d299b8c7e,pegasus-mpi-cluster,7.0
7e872fe51577e0a3,pegasus-mpi-cluster,11.0
7fe8324238f99f47,pegasus-mpi-cluster,7.0
80068026c532ab2f,pegasus-mpi-cluster,7.0
80c0da6e7e5d29ca,pegasus-mpi-cluster,7.0
8543a14d3f39e093,pegasus-mpi-cluster,7.0
8549cf99c020dd93,pegasus-mpi-cluster,7.0
875ef8c727d470d3,pegasus-mpi-cluster,7.0
88fb7a128f1fab42,pegasus-mpi-cluster,7.0
8cb263bc1e9a2ae7,pegasus-mpi-cluster,7.0
8d4aebb7e2987983,pegasus-mpi-cluster,2.0
8d69029ed8608726,pegasus-mpi-cluster,7.0
8d72e139faabd948,pegasus-mpi-cluster,7.0
8fdad083ae9b630e,pegasus-mpi-cluster,7.0
9039f7838d6d7b19,pegasus-mpi-cluster,7.0
9266aa1046c1aeef,pegasus-mpi-cluster,7.0
9293b6aac24b529e,pegasus-mpi-cluster,7.0
92b4190d469488f3,pegasus-mpi-cluster,7.0
93b941fb3cf5db5f,pegasus-mpi-cluster,7.0
94bcdf570e0f7b8d,pegasus-mpi-cluster,7.0
9bee8e63c61f01f2,pegasus-mpi-cluster,7.0
9c39f7feb7f7fc0f,pegasus-mpi-cluster,7.0
9e8e6238e224fdfb,pegasus-mpi-cluster,7.0
9eee2ebf05d6457e,pegasus-mpi-cluster,7.0
a067555e9120027a,pegasus-mpi-cluster,7.0
a37bde1662a0f089,pegasus-mpi-cluster,7.0
a53d447c031ec3e2,pegasus-mpi-cluster,7.0
a76eb798302964cd,pegasus-mpi-cluster,2.0
a7ac875f1735909f,pegasus-mpi-cluster,7.0
a8181946d29553d0,pegasus-mpi-cluster,7.0
a8664d9fd1280324,pegasus-mpi-cluster,7.0
a927e01317149052,pegasus-mpi-cluster,7.0
ace9948649898013,pegasus-mpi-cluster,7.0
af61a152343570d7,pegasus-mpi-cluster,7.0
b2bdede21e39ad46,pegasus-mpi-cluster,7.0
b4860f82767f15bb,pegasus-mpi-cluster,7.0
b6623ea6c09fc5dd,pegasus-mpi-cluster,7.0
b6bd15dcc697ce2d,pegasus-mpi-cluster,7.0
b7ad57af3c42756b,pegasus-mpi-cluster,2.0
b8d16ef421b92265,pegasus-mpi-cluster,7.0
b9f7a4dbcea95b8e,pegasus-mpi-cluster,7.0
ba3dd9d37144e7bd,pegasus-mpi-cluster,7.0
bb7a6f6f4b306140,pegasus-mpi-cluster,4.0
bc2f4c4a83e93646,pegasus-mpi-cluster,40.0
bc57c863462d93fb,pegasus-mpi-cluster,7.0
bcfe42ac476c9a8f,pegasus-mpi-cluster,7.0
c39d1d2de6a51ea8,pegasus-mpi-cluster,7.0
c6306861b56a4e1c,pegasus-mpi-cluster,7.0
c7afa62908102c4c,pegasus-mpi-cluster,7.0
c8c80e940fb22efc,pegasus-mpi-cluster,20.0
cd17043c63b632da,pegasus-mpi-cluster,7.0
cda5a94a6a7f445b,pegasus-mpi-cluster,10.0
cf2ad325fc05a9af,pegasus-mpi-cluster,7.0
cf51dc99bbea9560,pegasus-mpi-cluster,11.0
d060fd26f1b01e1e,pegasus-mpi-cluster,7.0
d11d849e7976a27a,pegasus-mpi-cluster,7.0
d1a8f66fc2c93b24,pegasus-mpi-cluster,7.0
d1fad570c7ebd030,pegasus-mpi-cluster,7.0
d2a4f39c65a2ed92,pegasus-mpi-cluster,7.0
d399a7712309f362,pegasus-mpi-cluster,7.0
d4bec6647bcd57c9,pegasus-mpi-cluster,7.0
d713480120c5c2da,pegasus-mpi-cluster,7.0
d79e2a9e7b83a350,pegasus-mpi-cluster,7.0
daaadcc813a1ccb9,pegasus-mpi-cluster,7.0
db7d3f378484e9b9,pegasus-mpi-cluster,7.0
dce59f39a1f74aba,pegasus-mpi-cluster,7.0
dfe81d8bbc8a161c,pegasus-mpi-cluster,5.0
e3240e0f52bfac2b,pegasus-mpi-cluster,7.0
e52a7b7853a5c36f,pegasus-mpi-cluster,7.0
e5305a022ab0d3ca,pegasus-mpi-cluster,7.0
e5f2792a109c9bdf,pegasus-mpi-cluster,7.0
e89ec7a7010d8f6b,pegasus-mpi-cluster,97510.0
ea3827cc1edd4046,pegasus-mpi-cluster,7.0
eb3ec9fb02a9b500,pegasus-mpi-cluster,7.0
ebc8358ac4b6b2d7,pegasus-mpi-cluster,7.0
ed998ffca8f6be16,pegasus-mpi-cluster,7.0
f1f88ff81e59e375,pegasus-mpi-cluster,7.0
f36928c3fef62e56,pegasus-mpi-cluster,7.0
f6f842c3e8f20227,pegasus-mpi-cluster,7.0
f7f87d28bf117dd1,pegasus-mpi-cluster,7.0
f9c9e2d85b47a0c0,pegasus-mpi-cluster,7.0
fc22f71c233d5b4d,pegasus-mpi-cluster,7.0
fc3ec2ad8dc77816,pegasus-mpi-cluster,20.0
ff107e97a52414d9,pegasus-mpi-cluster,7.0
0c571a2eaa772ba9,pegasus-mpi-cluster,97510.0
dfdacf9a4f8272cc,pegasus-mpi-cluster,97510.0
0bf39d477eefc81f,pegasus-mpi-cluster,97510.0
fc1c80d730b7695b,pegasus-mpi-cluster,97510.0
949b782560a3ecea,pegasus-mpi-cluster,97510.0
fd659a81fc823455,pegasus-mpi-cluster,97510.0
66cdf9569ee375c7,pegasus-mpi-cluster,53939.0
0c0d806d1e2327dd,pegasus-mpi-cluster,97510.0
5c79c0393b3acc34,pegasus-mpi-cluster,97510.0
d56c8d398bc76056,pegasus-mpi-cluster,97510.0
f37e0dca9c8206b5,pegasus-mpi-cluster,97510.0
3a198269ccf4c16e,pegasus-mpi-cluster,97510.0
d9adb47819a6951f,pegasus-mpi-cluster,97510.0
84b6a4dd4c356c1b,pegasus-mpi-cluster,97510.0
8e4c3076bb1486a0,pegasus-mpi-cluster,97510.0
059f4f461ce0cce4,pegasus-mpi-cluster,97510.0
a4578fb2d93f2047,pegasus-mpi-cluster,97510.0
4464f631debfd843,pegasus-mpi-cluster,97510.0
d918da9a61926dbe,pegasus-mpi-cluster,97510.0
07ec7bce796e79b1,pegasus-mpi-cluster,97510.0
ff03f9a1f8288a69,pegasus-mpi-cluster,97510.0
a19fcf39006b0a82,pegasus-mpi-cluster,97510.0
a4cbf74da5277ce2,pegasus-mpi-cluster,97510.0
2723b26aecd62f4f,pegasus-mpi-cluster,97510.0
e72dcb1fcccef89e,pegasus-mpi-cluster,97510.0
327cdf8cf67adadf,mFitplane,15773906.0
0d25787b581699c7,pegasus-mpi-cluster,97510.0
f6b95ca49c62a82f,pegasus-mpi-cluster,97510.0
d2e8a0080bd0e7d1,mFitplane,15568082.0
d2e8a0080bd0e7d1,mDiff,2880.0
4fd4264786682042,pegasus-mpi-cluster,4820.0
21bebda66ed66fd0,pegasus-mpi-cluster,4474.0
850f177733956288,pegasus-mpi-cluster,97510.0
c249e87268325262,pegasus-mpi-cluster,97510.0
f5ae04ebdba46aee,pegasus-mpi-cluster,4934.0
0001148b65c463d1,pegasus-kickstart,0.0
000ee992967d0a99,pegasus-kickstart,0.0
0020aef76b2dec2a,pegasus-kickstart,0.0
002631907671fbb3,pegasus-kickstart,0.0
002b5ec0f667049c,pegasus-kickstart,0.0
002fa4c6fe56c462,pegasus-kickstart,0.0
0032c626905fdab9,pegasus-kickstart,0.0
00356e9dbf423c11,pegasus-kickstart,0.0
004823e27dd14524,pegasus-kickstart,0.0
0060dcc8d82b307c,pegasus-kickstart,0.0
0066f2878ae52883,pegasus-kickstart,0.0
0084c1f23584ab30,pegasus-kickstart,0.0
008741f783c5cea8,pegasus-kickstart,0.0
008db0dac92f890f,pegasus-kickstart,0.0
00a8e73d43b37561,pegasus-kickstart,0.0
00a93d6e270a0798,pegasus-kickstart,0.0
00b12a2429b071a9,pegasus-kickstart,0.0
00bdf214a5f588c5,pegasus-kickstart,0.0
00f508c4f1af27bb,pegasus-kickstart,0.0
00fe035373ee2728,pegasus-kickstart,0.0
00ff2317cea66b52,pegasus-kickstart,0.0
0100b6b9006626dc,pegasus-kickstart,0.0
011c4fdd7c683f6f,pegasus-kickstart,0.0
012e08e0fba95d41,pegasus-kickstart,0.0
0159f0e9769e6fc1,pegasus-kickstart,0.0
017bc9f2cad76624,pegasus-kickstart,0.0
0187e91416471bb0,pegasus-kickstart,0.0
018c7d2885d7d2cd,pegasus-kickstart,0.0
01aa1e9e95736e32,pegasus-kickstart,0.0
01ac6180d7eb99b9,pegasus-kickstart,0.0
01ad97c63a65cc94,pegasus-kickstart,0.0
01b31885a1661f98,pegasus-kickstart,0.0
01b4d3f454263034,pegasus-kickstart,0.0
01c1d50d6aae621f,pegasus-kickstart,0.0
01faf13d6cebb579,pegasus-kickstart,0.0
01fd047f378c7dd4,pegasus-kickstart,0.0
01fd7331a4d4d86c,pegasus-kickstart,0.0
020030f586ba5f38,pegasus-kickstart,0.0
02025b00662847d6,pegasus-kickstart,0.0
0211aa5360a22dfa,pegasus-kickstart,0.0
022b482b3445cfbc,pegasus-kickstart,0.0
023806e92ddb28f7,pegasus-kickstart,0.0
0268359964234df1,pegasus-kickstart,0.0
026abd056d37b2fa,pegasus-kickstart,0.0
0289b02f4a66e588,pegasus-kickstart,0.0
029061230d028726,pegasus-kickstart,0.0
029e9f4cc4d03433,pegasus-kickstart,0.0
02a70c6400bb7f15,pegasus-kickstart,0.0
02b00b228ed384f9,pegasus-kickstart,0.0
02b832bda588d0b2,pegasus-kickstart,0.0
02b9320b0fc5135f,pegasus-kickstart,0.0
02bf629ce3eeb06e,pegasus-kickstart,0.0
02c70cb9219bc7d0,pegasus-kickstart,0.0
02d02b9de20d0638,pegasus-kickstart,0.0
02d3ebe57abd0459,pegasus-kickstart,0.0
02d81911b64ed623,pegasus-kickstart,0.0
02da69605a5b2e68,pegasus-kickstart,0.0
02e10765ffe122d4,pegasus-kickstart,0.0
02f9e8f12e9a6695,pegasus-kickstart,0.0
0301cdc5a9092e9f,pegasus-kickstart,0.0
0334015590162ca6,pegasus-kickstart,0.0
033f5afccf4cd0f4,pegasus-kickstart,0.0
0342c74378174ec0,pegasus-kickstart,0.0
03bf4a1ff058005a,pegasus-kickstart,0.0
03cbb184bfec8a88,pegasus-kickstart,0.0
03e12865f8dd9c38,pegasus-kickstart,0.0
03e3ea2ff3c7dbae,pegasus-kickstart,0.0
03f52e2da1e16227,pegasus-kickstart,0.0
043784d0fe016127,pegasus-kickstart,0.0
044100370e64d517,pegasus-kickstart,0.0
04426543741853b5,pegasus-kickstart,0.0
047237a690581ccc,pegasus-kickstart,0.0
047486784c5d9d1c,pegasus-kickstart,0.0
048fff3bf2526936,pegasus-kickstart,0.0
0499c6a8b31bb167,pegasus-kickstart,0.0
049f92cf1253b91e,pegasus-kickstart,0.0
04d0955e0b33ac05,pegasus-kickstart,0.0
04f786de9f81a588,pegasus-kickstart,0.0
05165fed526f9b0f,pegasus-kickstart,0.0
05181eb6bd8d8088,pegasus-kickstart,0.0
0528b16d00c858a8,pegasus-kickstart,0.0
0547007148ea1db6,pegasus-kickstart,0.0
054e54b4ea695410,pegasus-kickstart,0.0
055071e0af760dd4,pegasus-kickstart,0.0
055ce77701a16257,pegasus-kickstart,0.0
0570d1d4583da3ab,pegasus-kickstart,0.0
0593d3d0355cff7d,pegasus-kickstart,0.0
05b1d585829af6e5,pegasus-kickstart,0.0
05d79f0cebbe93df,pegasus-kickstart,0.0
05da870fa86cdd46,pegasus-kickstart,0.0
05daa45c551768a9,pegasus-kickstart,0.0
05e657b0ff5ccd72,pegasus-kickstart,0.0
05f1ea4bd83afb7d,pegasus-kickstart,0.0
05f6dbcf30971024,pegasus-kickstart,0.0
0602ed16bbd7921a,pegasus-kickstart,0.0
061383fdcd910995,pegasus-kickstart,0.0
06164d7b618de754,pegasus-kickstart,0.0
0624a633f6934f0d,pegasus-kickstart,0.0
062b4182929631af,pegasus-kickstart,0.0
0655b978c8d8f6e5,pegasus-kickstart,0.0
065b79f570660a38,pegasus-kickstart,0.0
066d601c3168d9c6,pegasus-kickstart,0.0
067cfc2b007e11f3,pegasus-kickstart,0.0
067dc714598f5d73,pegasus-kickstart,0.0
067e9fae3f3f4cab,pegasus-kickstart,0.0
0683475604c8bbbb,pegasus-kickstart,0.0
06a9d8b8d8290471,pegasus-kickstart,0.0
06b659beb9a6f0eb,pegasus-kickstart,0.0
06b954930aaa4b2b,pegasus-kickstart,0.0
06d6e5a5e368e629,pegasus-kickstart,0.0
070923116ce4e9ee,pegasus-kickstart,0.0
0719b1d31160d6a5,pegasus-kickstart,0.0
072b9c74cf13873d,pegasus-kickstart,0.0
07310bd1acec1c8e,pegasus-kickstart,0.0
074730d9fae2d83c,pegasus-kickstart,0.0
074d0682e135af0c,pegasus-kickstart,0.0
074ecd3dea23139a,pegasus-kickstart,0.0
0755407138a4c787,pegasus-kickstart,0.0
07a275ac7e2d6486,pegasus-kickstart,0.0
07c7eaed6d8fca59,pegasus-kickstart,0.0
07c7f51ae5df0b58,pegasus-kickstart,0.0
083bceb9ebf1deb8,pegasus-kickstart,0.0
0842ece9a4ca8425,pegasus-kickstart,0.0
085016f461682bd6,pegasus-kickstart,0.0
08845403932d0330,pegasus-kickstart,0.0
0884d8ce9c68de52,pegasus-kickstart,0.0
08a7ebe1d840cefd,pegasus-kickstart,0.0
08ba3b6adeda13f5,pegasus-kickstart,0.0
08bd5e7c0abeaa20,pegasus-kickstart,0.0
08bf392b058c60bc,pegasus-kickstart,0.0
08c1cd3278df88f0,pegasus-kickstart,0.0
08cff386117da63e,pegasus-kickstart,0.0
08d73b5704d63634,pegasus-kickstart,0.0
08f1f464154eb083,pegasus-kickstart,0.0
08f3df8099dcdea4,pegasus-kickstart,0.0
0902c7f678404ed8,pegasus-kickstart,0.0
090495580309d771,pegasus-kickstart,0.0
0916d3237ad37abd,pegasus-kickstart,0.0
0930252efaf9443c,pegasus-kickstart,0.0
09306a48589fab41,pegasus-kickstart,0.0
093470259cdfab44,pegasus-kickstart,0.0
093c2d7c1d65f288,pegasus-kickstart,0.0
0952ee7ee35d13be,pegasus-kickstart,0.0
09530e45bbaf089c,pegasus-kickstart,0.0
0959995a52324a7e,pegasus-kickstart,0.0
096b62a642d9d062,pegasus-kickstart,0.0
098c856ffbc4aa0c,pegasus-kickstart,0.0
098f6b89ab76113f,pegasus-kickstart,0.0
09c88f436be1d3a8,pegasus-kickstart,0.0
09d356fbfaa5484e,pegasus-kickstart,0.0
09e53d85a5c3246a,pegasus-kickstart,0.0
09e6e99d781d0daf,pegasus-kickstart,0.0
09ea6fa95031210a,pegasus-kickstart,0.0
0a1d20f83f01ce8d,pegasus-kickstart,0.0
0a1eb972516c0bd2,pegasus-kickstart,0.0
0a51c8e030137d58,pegasus-kickstart,0.0
0a722d53602479b8,pegasus-kickstart,0.0
0a9e463cf204d7b6,pegasus-kickstart,0.0
0ae0e4c1d0a4f20c,pegasus-kickstart,0.0
0af27cf4475c38dc,pegasus-kickstart,0.0
0afc5a67696f80d4,pegasus-kickstart,0.0
0b018aca20d730e8,pegasus-kickstart,0.0
0b115488825833b8,pegasus-kickstart,0.0
0b1592470f5de152,pegasus-kickstart,0.0
0b1fdc82f534e165,pegasus-kickstart,0.0
0b2740bb9b529a07,pegasus-kickstart,0.0
0b32fa9dab0bbe1f,pegasus-kickstart,0.0
0b454c1d0565a5c6,pegasus-kickstart,0.0
0b5597d4e45777b1,pegasus-kickstart,0.0
0b626c2292518ce6,pegasus-kickstart,0.0
0b6400a40cef2c8e,pegasus-kickstart,0.0
0b80fcd8f9ca8e36,pegasus-kickstart,0.0
0b99b64a59357654,pegasus-kickstart,0.0
0ba1ac41350158ec,pegasus-kickstart,0.0
0bafed4c5b35fa04,pegasus-kickstart,0.0
0bb309b7e18853e8,pegasus-kickstart,0.0
0bb8c6582c5701ce,pegasus-kickstart,0.0
0bbd9d5e5325e228,pegasus-kickstart,0.0
0bdee693a38b4ce4,pegasus-kickstart,0.0
0be0049502005302,pegasus-kickstart,0.0
0be251ea89d9fdeb,pegasus-kickstart,0.0
0be2c7ca8aceb4eb,pegasus-kickstart,0.0
0be35a40cd4906c5,pegasus-kickstart,0.0
0be7df147adf3308,pegasus-kickstart,0.0
0c1c99511849fdbf,pegasus-kickstart,0.0
0c3e67d45225c6ed,pegasus-kickstart,0.0
0c4d7e8267af147b,pegasus-kickstart,0.0
0c6e1b8a907d5bf8,pegasus-kickstart,0.0
0c73c6fa6326a945,pegasus-kickstart,0.0
0c762b004f05e3fe,pegasus-kickstart,0.0
0c89658c1126066a,pegasus-kickstart,0.0
0cad5e4dca530309,pegasus-kickstart,0.0
0cb204fa5b76c810,pegasus-kickstart,0.0
0cb71e728316c078,pegasus-kickstart,0.0
0cd55882ec0ea231,pegasus-kickstart,0.0
0ce10b85f953f525,pegasus-kickstart,0.0
0d10a628d4a7947c,pegasus-kickstart,0.0
0d13cef59bde9ab7,pegasus-kickstart,0.0
0d28569ce6a1e69b,pegasus-kickstart,0.0
0d3bd221c95b3e1c,pegasus-kickstart,0.0
0d4f6de292d6a799,pegasus-kickstart,0.0
0d59c573652f1438,pegasus-kickstart,0.0
0d5ced281839c229,pegasus-kickstart,0.0
0d7053021e449995,pegasus-kickstart,0.0
0d8616cf3660499b,pegasus-kickstart,0.0
0dad66f3d363d84f,pegasus-kickstart,0.0
0db07a348d6b3280,pegasus-kickstart,0.0
0db8029bc047b131,pegasus-kickstart,0.0
0ddbf9a27b5828ad,pegasus-kickstart,0.0
0de5dc6ebbbc855c,pegasus-kickstart,0.0
0df340067184953b,pegasus-kickstart,0.0
0e1eeaa25af93007,pegasus-kickstart,0.0
0e28f4363c78be49,pegasus-kickstart,0.0
0e2d2d30cc4a7869,pegasus-kickstart,0.0
0e4c9831dcee348e,pegasus-kickstart,0.0
0ea54dd9c173bfbd,pegasus-kickstart,0.0
0ec67b1cb03feefe,pegasus-kickstart,0.0
0efdd5d84c236383,pegasus-kickstart,0.0
0f02455ff76ed0a8,pegasus-kickstart,0.0
0f0dc8b61e1c7f9e,pegasus-kickstart,0.0
0f39222ba80ae343,pegasus-kickstart,0.0
0f46ab4fb3f19449,pegasus-kickstart,0.0
0f4cca5af3ebda01,pegasus-kickstart,0.0
0f659cb85de0fb99,pegasus-kickstart,0.0
0f669d6bd6dbd065,pegasus-kickstart,0.0
0f737559242790bd,pegasus-kickstart,0.0
0f8ed530bfc69589,pegasus-kickstart,0.0
0f9143356263f273,pegasus-kickstart,0.0
0fa356f3f5cad7cd,pegasus-kickstart,0.0
0fa43c1a7a2ae94c,pegasus-kickstart,0.0
0fd2538c64bd0f27,pegasus-kickstart,0.0
0fed4eba4001a2c2,pegasus-kickstart,0.0
0fee8286c0b40002,pegasus-kickstart,0.0
0ff468f5b2369c58,pegasus-kickstart,0.0
0ff6d053653b20ad,pegasus-kickstart,0.0
10048aa875e4f6ba,pegasus-kickstart,0.0
102eed8a01d6595a,pegasus-kickstart,0.0
1033e4603d93fb02,pegasus-kickstart,0.0
10347a9c56fa2def,pegasus-kickstart,0.0
105026b92076c40f,pegasus-kickstart,0.0
105effceb628a29c,pegasus-kickstart,0.0
10623e64af681ed3,pegasus-kickstart,0.0
1097a3bba6960c13,pegasus-kickstart,0.0
10a3780ed2ca1ed1,pegasus-kickstart,0.0
10a3e67fcb79baf0,pegasus-kickstart,0.0
10b3b76acbb879b5,pegasus-kickstart,0.0
10c63cbced32fbae,pegasus-kickstart,0.0
10c92dd072147896,pegasus-kickstart,0.0
10e564efa911c766,pegasus-kickstart,0.0
10ef5d4486b31561,pegasus-kickstart,0.0
10f9564d7d11d5b0,pegasus-kickstart,0.0
11254c9a5d6508ca,pegasus-kickstart,0.0
1148f760bcba2e1e,pegasus-kickstart,0.0
11773d37e89c4431,pegasus-kickstart,0.0
118a7a629e6d5841,pegasus-kickstart,0.0
118dc82eb460a61e,pegasus-kickstart,0.0
118df7dca52b2bb9,pegasus-kickstart,0.0
119d29a94ae537a5,pegasus-kickstart,0.0
11b069710691d952,pegasus-kickstart,0.0
11c97c96d0f5cedb,pegasus-kickstart,0.0
11d4a51c5d9b2164,pegasus-kickstart,0.0
11f9d5d4bdf0b3cc,pegasus-kickstart,0.0
12007046178fa32d,pegasus-kickstart,0.0
121cfbc730e5dd73,pegasus-kickstart,0.0
1220ff2d02e5af14,pegasus-kickstart,0.0
1226b5c9879c2155,pegasus-kickstart,0.0
123aa815949801c5,pegasus-kickstart,0.0
12697f23daaa9144,pegasus-kickstart,0.0
1273677eb92c350a,pegasus-kickstart,0.0
127bf1cb254ede77,pegasus-kickstart,0.0
12961583d57c2020,pegasus-kickstart,0.0
12a844a0723523db,pegasus-kickstart,0.0
12ac16982f3a2ad5,pegasus-kickstart,0.0
12bd3c609d5bd8bc,pegasus-kickstart,0.0
12c1248ee1604782,pegasus-kickstart,0.0
12ffa2a9d6572f34,pegasus-kickstart,0.0
130c3901db44605b,pegasus-kickstart,0.0
13103004e22f947f,pegasus-kickstart,0.0
1320c3ed32973279,pegasus-kickstart,0.0
132bd4ce17b7ca43,pegasus-kickstart,0.0
132c601b3f250ca5,pegasus-kickstart,0.0
132e6899fa159c75,pegasus-kickstart,0.0
136518d56ac6c64c,pegasus-kickstart,0.0
13758370cab0439f,pegasus-kickstart,0.0
138c70702ec25d1a,pegasus-kickstart,0.0
139928f9d040945e,pegasus-kickstart,0.0
13a0d5fdd3ff31a1,pegasus-kickstart,0.0
13a34e81dec9a155,pegasus-kickstart,0.0
13ba2e5c6f101437,pegasus-kickstart,0.0
13c5cd740b2268b4,pegasus-kickstart,0.0
13c69f82638ffb3f,pegasus-kickstart,0.0
13dc685157ff20c0,pegasus-kickstart,0.0
1411cf36918f31e6,pegasus-kickstart,0.0
1428c6493f509813,pegasus-kickstart,0.0
142feb39e13e63b2,pegasus-kickstart,0.0
1433f79e89ff77ba,pegasus-kickstart,0.0
1446e1af7fc5c3db,pegasus-kickstart,0.0
1462fe889b3fec61,pegasus-kickstart,0.0
14702d45832b572e,pegasus-kickstart,0.0
14834e4e382484a1,pegasus-kickstart,0.0
149219ab3a147b6d,pegasus-kickstart,0.0
149fc5cdf87deee9,pegasus-kickstart,0.0
149fc813c0cb3653,pegasus-kickstart,0.0
14b69768b11e1683,pegasus-kickstart,0.0
14dc5cf77f627a35,pegasus-kickstart,0.0
14e0e4e457673a38,pegasus-kickstart,0.0
14e5ffb546d519d2,pegasus-kickstart,0.0
14fabd8bd65c13a5,pegasus-kickstart,0.0
15009b38ffaf880d,pegasus-kickstart,0.0
1506031c4e8425f6,pegasus-kickstart,0.0
152dd46b9a8ce1ff,pegasus-kickstart,0.0
153e0bc1648ed3de,pegasus-kickstart,0.0
1544a15fd7eeb689,pegasus-kickstart,0.0
154d1d91605233e7,pegasus-kickstart,0.0
156471c2f999926e,pegasus-kickstart,0.0
156e564e543e5c27,pegasus-kickstart,0.0
15792983c03a283e,pegasus-kickstart,0.0
15a429ce03020417,pegasus-kickstart,0.0
15c1d1dc49255495,pegasus-kickstart,0.0
15fbb60f87af2ff0,pegasus-kickstart,0.0
16056f908541641c,pegasus-kickstart,0.0
161af08f9518d022,pegasus-kickstart,0.0
1627ae1a4c920ec0,pegasus-kickstart,0.0
1631ef8ed34483f6,pegasus-kickstart,0.0
16459add1644100b,pegasus-kickstart,0.0
1645c158b6d25105,pegasus-kickstart,0.0
1659cc80a3137f18,pegasus-kickstart,0.0
165e6bc1c4a6f9a9,pegasus-kickstart,0.0
169e8caa41c4a028,pegasus-kickstart,0.0
16b6be3037c543c3,pegasus-kickstart,0.0
16bb6493dedab5bc,pegasus-kickstart,0.0
16d76f50e589ac02,pegasus-kickstart,0.0
16dc5fc31f2c63ba,pegasus-kickstart,0.0
16dce17b518f8596,pegasus-kickstart,0.0
1730f5fb972a437c,pegasus-kickstart,0.0
175a2757d0049647,pegasus-kickstart,0.0
175fd33a18946d94,pegasus-kickstart,0.0
176f5081f1a7354c,pegasus-kickstart,0.0
1778085e5b2bcde9,pegasus-kickstart,0.0
177f5281c52ccee8,pegasus-kickstart,0.0
17cd18ce4a60728b,pegasus-kickstart,0.0
17d26d6831b3176c,pegasus-kickstart,0.0
17e3f2fb46b4ba5d,pegasus-kickstart,0.0
17ed3c109376d3a2,pegasus-kickstart,0.0
17f831043bb46a6b,pegasus-kickstart,0.0
1864b278039e71d7,pegasus-kickstart,0.0
18822336b775dadc,pegasus-kickstart,0.0
189be6180340902e,pegasus-kickstart,0.0
18adf513c7e3f7c8,pegasus-kickstart,0.0
18d08061c5201c65,pegasus-kickstart,0.0
18d2371cd5a1ed3f,pegasus-kickstart,0.0
18d868404513e208,pegasus-kickstart,0.0
18db5728f81046e8,pegasus-kickstart,0.0
190bdc2b72f7fe72,pegasus-kickstart,0.0
19109dc6ccc445c8,pegasus-kickstart,0.0
1915909ea310202b,pegasus-kickstart,0.0
1915af2123c97904,pegasus-kickstart,0.0
191d22339fed988d,pegasus-kickstart,0.0
194feafb859894ed,pegasus-kickstart,0.0
19501283e910e944,pegasus-kickstart,0.0
19511616625609a4,pegasus-kickstart,0.0
195be617518dc59d,pegasus-kickstart,0.0
195f0213ba2eab33,pegasus-kickstart,0.0
1964f8c753e9a788,pegasus-kickstart,0.0
1985701ffe47fae9,pegasus-kickstart,0.0
199002a844c3bc5f,pegasus-kickstart,0.0
19a0465a7a90f939,pegasus-kickstart,0.0
19abde86f049252f,pegasus-kickstart,0.0
19b01fa24c3032ce,pegasus-kickstart,0.0
19d442a2633f616f,pegasus-kickstart,0.0
19d511a0f1f7cd47,pegasus-kickstart,0.0
19ecdc0abcba8138,pegasus-kickstart,0.0
1a2a58e68a336396,pegasus-kickstart,0.0
1a5cd000e9091cad,pegasus-kickstart,0.0
1a6e92d92b296733,pegasus-kickstart,0.0
1a8d3d8a2c9ea4e6,pegasus-kickstart,0.0
1a90050505628ca2,pegasus-kickstart,0.0
1ab2caca33b46825,pegasus-kickstart,0.0
1ace811e3ad9f579,pegasus-kickstart,0.0
1ad0c1c8bc8f57b1,pegasus-kickstart,0.0
1b0a117532ebcd4b,pegasus-kickstart,0.0
1b0f21f9cae34456,pegasus-kickstart,0.0
1b14dea69bbff2a9,pegasus-kickstart,0.0
1b49b3176e4601cd,pegasus-kickstart,0.0
1b5852493f40f7f1,pegasus-kickstart,0.0
1b6c75f538cdd86a,pegasus-kickstart,0.0
1b720748fb960a49,pegasus-kickstart,0.0
1b7b939c10135617,pegasus-kickstart,0.0
1b7fa2319da2b4a6,pegasus-kickstart,0.0
1b8435a6fabc2aed,pegasus-kickstart,0.0
1b9d71addfd80f78,pegasus-kickstart,0.0
1ba8f54dd588a5cc,pegasus-kickstart,0.0
1bae8477714b1ab2,pegasus-kickstart,0.0
1bb2ecf93917441a,pegasus-kickstart,0.0
1bca7956af33c0e6,pegasus-kickstart,0.0
1be255c6ee3ecd83,pegasus-kickstart,0.0
1be80558f257f314,pegasus-kickstart,0.0
1beb5f2217f9fcc3,pegasus-kickstart,0.0
1c1bdfe34abad492,pegasus-kickstart,0.0
1c256e644c8a5666,pegasus-kickstart,0.0
1c3191cb9e3b4c30,pegasus-kickstart,0.0
1c41ad0193ddce17,pegasus-kickstart,0.0
1c5da78d5d978f0d,pegasus-kickstart,0.0
1c960d199514857c,pegasus-kickstart,0.0
1c96a70e25a0f560,pegasus-kickstart,0.0
1c9a10b0376f5956,pegasus-kickstart,0.0
1c9e0e4eef883f17,pegasus-kickstart,0.0
1c9e63b8807ad7ea,pegasus-kickstart,0.0
1c9f4aded69bd54e,pegasus-kickstart,0.0
1ca51d44c6291f96,pegasus-kickstart,0.0
1cada2020fe281d0,pegasus-kickstart,0.0
1cccb9d086c2a8b9,pegasus-kickstart,0.0
1ce315d1e5e2ebf8,pegasus-kickstart,0.0
1cf4923a80e6f24d,pegasus-kickstart,0.0
1cfafa761164ae3c,pegasus-kickstart,0.0
1d465ae405e1754e,pegasus-kickstart,0.0
1d5a80f05ef8bc53,pegasus-kickstart,0.0
1d6e2c370edfc997,pegasus-kickstart,0.0
1d7e428163119d3c,pegasus-kickstart,0.0
1db0e3f162a033c0,pegasus-kickstart,0.0
1dbd0f5dee27a42d,pegasus-kickstart,0.0
1ded3542b957dd27,pegasus-kickstart,0.0
1dfcfce2ecf1101c,pegasus-kickstart,0.0
1e189fb0783a30db,pegasus-kickstart,0.0
1e3c8988ca2b9ba8,pegasus-kickstart,0.0
1e6175afc9588948,pegasus-kickstart,0.0
1e6e83fdb80f1b31,pegasus-kickstart,0.0
1e75a33058a9107f,pegasus-kickstart,0.0
1e89f4ac761ef960,pegasus-kickstart,0.0
1eaf10c556af6b5b,pegasus-kickstart,0.0
1eb5888dc03e8b8b,pegasus-kickstart,0.0
1eb871a0bcee0c2e,pegasus-kickstart,0.0
1ef461fb33aaaeb1,pegasus-kickstart,0.0
1efacf34022885fb,pegasus-kickstart,0.0
1f1acebbb0d467a9,pegasus-kickstart,0.0
1f490a22eade646d,pegasus-kickstart,0.0
1f5c57b9729bf941,pegasus-kickstart,0.0
1f68cb7e791ae910,pegasus-kickstart,0.0
1f8dd84e3204326d,pegasus-kickstart,0.0
1f9484b7a248b719,pegasus-kickstart,0.0
1fa307362c6e0d63,pegasus-kickstart,0.0
1fd989de75d5dfde,pegasus-kickstart,0.0
1fe6126d405745e4,pegasus-kickstart,0.0
1ffafdee50ad44e5,pegasus-kickstart,0.0
2029c04db44e80be,pegasus-kickstart,0.0
204c120a3757bb3c,pegasus-kickstart,0.0
2054113ae26fdf70,pegasus-kickstart,0.0
2061ad69ce1cfc80,pegasus-kickstart,0.0
2065ce0301c434ef,pegasus-kickstart,0.0
206fde1f2d2b9570,pegasus-kickstart,0.0
20928f196af7a2f9,pegasus-kickstart,0.0
2097385db8cb49b7,pegasus-kickstart,0.0
209eea1de7537ca4,pegasus-kickstart,0.0
20a083546e3a177e,pegasus-kickstart,0.0
20d1170a21126955,pegasus-kickstart,0.0
20daa39e8a676c0d,pegasus-kickstart,0.0
20dbde6eae494230,pegasus-kickstart,0.0
2103d66c4c757e58,pegasus-kickstart,0.0
2119a6ab1912ac64,pegasus-kickstart,0.0
2127da503e383f59,pegasus-kickstart,0.0
2133e3f50663b9be,pegasus-kickstart,0.0
2177fcea7c7c3cf7,pegasus-kickstart,0.0
21d73fab5e1e9b58,pegasus-kickstart,0.0
21e04ba8df753c91,pegasus-kickstart,0.0
220096d7c768b746,pegasus-kickstart,0.0
220dadfd86c3f795,pegasus-kickstart,0.0
220f320465cc0958,pegasus-kickstart,0.0
221a20ae9bf3f6e5,pegasus-kickstart,0.0
222385111d9a5548,pegasus-kickstart,0.0
22292233d0e909e6,pegasus-kickstart,0.0
223ac5800687ee08,pegasus-kickstart,0.0
22633a3ee083c4e2,pegasus-kickstart,0.0
2295996b43978a57,pegasus-kickstart,0.0
22ad7ab85ad0984d,pegasus-kickstart,0.0
22b1488d0b8767ed,pegasus-kickstart,0.0
22b60c819be088ee,pegasus-kickstart,0.0
22bfb30e61e7ec31,pegasus-kickstart,0.0
22db06c8c2f93dad,pegasus-kickstart,0.0
22e6888e8a41aeed,pegasus-kickstart,0.0
22e95ee9c1979c15,pegasus-kickstart,0.0
22e9d7997c0b8cee,pegasus-kickstart,0.0
23299c77b4cf9fc7,pegasus-kickstart,0.0
232d7123f1eecb76,pegasus-kickstart,0.0
233cdb654c2d0098,pegasus-kickstart,0.0
2346ebd630c52baa,pegasus-kickstart,0.0
2357b24897b1af02,pegasus-kickstart,0.0
235bd7c4729cde00,pegasus-kickstart,0.0
237cd5e3aa2eba9e,pegasus-kickstart,0.0
238f7f16190db8f2,pegasus-kickstart,0.0
239a4a00e944a9fb,pegasus-kickstart,0.0
23ae6bd66ca56ec8,pegasus-kickstart,0.0
23bd3d67512afacd,pegasus-kickstart,0.0
23bd8650fef16a7d,pegasus-kickstart,0.0
23c243a5fa26b2c9,pegasus-kickstart,0.0
23e9dc14fe24a528,pegasus-kickstart,0.0
23f5807c0fe5df00,pegasus-kickstart,0.0
24049815586fc53f,pegasus-kickstart,0.0
24053a08bfe016cc,pegasus-kickstart,0.0
240e04c71883af25,pegasus-kickstart,0.0
24204de0a0bbb474,pegasus-kickstart,0.0
242998295ae43173,pegasus-kickstart,0.0
2457b913c322930b,pegasus-kickstart,0.0
245fd42e8d884c9c,pegasus-kickstart,0.0
247f06131da8470e,pegasus-kickstart,0.0
24889b6cb425db87,pegasus-kickstart,0.0
248a141862241279,pegasus-kickstart,0.0
24abf8d784584e38,pegasus-kickstart,0.0
24c18eccf6ffd780,pegasus-kickstart,0.0
24c6226be11a4420,pegasus-kickstart,0.0
24de2a8a342adc15,pegasus-kickstart,0.0
24e65d407761aea8,pegasus-kickstart,0.0
24e8c97409b1f840,pegasus-kickstart,0.0
24fe71c49c62ad7f,pegasus-kickstart,0.0
250223bd692b8dac,pegasus-kickstart,0.0
250b74830fbe69b4,pegasus-kickstart,0.0
252106889bc5f427,pegasus-kickstart,0.0
2526ecbc14fa1000,pegasus-kickstart,0.0
252a5a937a01ff5e,pegasus-kickstart,0.0
253e22c9b980352f,pegasus-kickstart,0.0
254de3360f5247a7,pegasus-kickstart,0.0
256dac9a2c07e9ac,pegasus-kickstart,0.0
25a8d03c336068d5,pegasus-kickstart,0.0
25ccb3125c811591,pegasus-kickstart,0.0
25ce01c28831a540,pegasus-kickstart,0.0
25e446498ab11767,pegasus-kickstart,0.0
25f616f8429f30e2,pegasus-kickstart,0.0
25f97c064e718e26,pegasus-kickstart,0.0
260c37d9623cf2c3,pegasus-kickstart,0.0
2614a4e5af014b2c,pegasus-kickstart,0.0
264fe0666ffe36c2,pegasus-kickstart,0.0
2652990ecf384ff7,pegasus-kickstart,0.0
265e65940b604288,pegasus-kickstart,0.0
267158b545d6c9bc,pegasus-kickstart,0.0
267c5f8d879f2b64,pegasus-kickstart,0.0
267f16bea9c3f1d8,pegasus-kickstart,0.0
2684794b7e13a102,pegasus-kickstart,0.0
26929006088fb7a4,pegasus-kickstart,0.0
26c94cbb8977df50,pegasus-kickstart,0.0
26cfa6cb662a7e8d,pegasus-kickstart,0.0
26ddab0900379add,pegasus-kickstart,0.0
26e69a9d20b04458,pegasus-kickstart,0.0
26ecc461de0f2f74,pegasus-kickstart,0.0
26fd818ad6efd18b,pegasus-kickstart,0.0
2707feb02ac52d68,pegasus-kickstart,0.0
271ae0224254664d,pegasus-kickstart,0.0
2727253f51dee86a,pegasus-kickstart,0.0
27391363c0429fc4,pegasus-kickstart,0.0
275acab4fd0c5241,pegasus-kickstart,0.0
276bad81512f4bcc,pegasus-kickstart,0.0
2777742c042e130b,pegasus-kickstart,0.0
278f0fdecef740a1,pegasus-kickstart,0.0
27915a709b20c38c,pegasus-kickstart,0.0
2797749223bb9288,pegasus-kickstart,0.0
279ea4013f2bb4bb,pegasus-kickstart,0.0
27bc43909f1687ee,pegasus-kickstart,0.0
27e3071c6bf07069,pegasus-kickstart,0.0
27f597b7e6595e90,pegasus-kickstart,0.0
27fd25b50efbd9a3,pegasus-kickstart,0.0
28083dddcfb2767f,pegasus-kickstart,0.0
2825ba8d4096ac35,pegasus-kickstart,0.0
2828fe6977c10554,pegasus-kickstart,0.0
287e3e71561cb84b,pegasus-kickstart,0.0
289de82fe564ac55,pegasus-kickstart,0.0
28a8db6254b852f8,pegasus-kickstart,0.0
28af25d6b6e2b0b3,pegasus-kickstart,0.0
28b439725479c331,pegasus-kickstart,0.0
28b4910f6c71c316,pegasus-kickstart,0.0
28d70d3bd8b8daea,pegasus-kickstart,0.0
28eb3a07c55eadf9,pegasus-kickstart,0.0
28f70228d90da6a3,pegasus-kickstart,0.0
28f793bb097a01c7,pegasus-kickstart,0.0
291f8c8f9c4c194a,pegasus-kickstart,0.0
292fbe971a2b561e,pegasus-kickstart,0.0
294dc55ce0ae5ac9,pegasus-kickstart,0.0
295b317bd117f761,pegasus-kickstart,0.0
29617c578a62a10d,pegasus-kickstart,0.0
2966572be8861d62,pegasus-kickstart,0.0
29699ee0eecd397e,pegasus-kickstart,0.0
297266bf6c55e421,pegasus-kickstart,0.0
2978e933697ae8d5,pegasus-kickstart,0.0
297951d7272ad820,pegasus-kickstart,0.0
298e46e1edbbfb7b,pegasus-kickstart,0.0
29a01322c26bd4c6,pegasus-kickstart,0.0
29a1c5e6c60ff354,pegasus-kickstart,0.0
29a61d862272563a,pegasus-kickstart,0.0
29dfe0633ac86e5b,pegasus-kickstart,0.0
29edc7c8e898e2ba,pegasus-kickstart,0.0
29f92d4eef4a3054,pegasus-kickstart,0.0
2a0333c944b1f78d,pegasus-kickstart,0.0
2a239387ba1d72f8,pegasus-kickstart,0.0
2a2a24dcc10e5e07,pegasus-kickstart,0.0
2a32d6aebf2dcc8d,pegasus-kickstart,0.0
2a3aa087526d0488,pegasus-kickstart,0.0
2a634237a916f8a0,pegasus-kickstart,0.0
2a74c81d3a2c6f1b,pegasus-kickstart,0.0
2ab14aab6d654ea1,pegasus-kickstart,0.0
2ac68d3565232076,pegasus-kickstart,0.0
2ad7ce9eab0dde40,pegasus-kickstart,0.0
2ad97352f7a5c5b6,pegasus-kickstart,0.0
2afdcc8e9d637373,pegasus-kickstart,0.0
2b30ec099994fcbb,pegasus-kickstart,0.0
2b3d2ed7d966d80a,pegasus-kickstart,0.0
2b3fe0309a43be1c,pegasus-kickstart,0.0
2b4c414cb0e20f6e,pegasus-kickstart,0.0
2b645fa7d012d514,pegasus-kickstart,0.0
2ba5fe655fb1b65b,pegasus-kickstart,0.0
2bc0fb27be29f9bb,pegasus-kickstart,0.0
2bc5216c8bdeba90,pegasus-kickstart,0.0
2bc9e89e899cfb04,pegasus-kickstart,0.0
2bd4f9bc4fdfc899,pegasus-kickstart,0.0
2bfb5f93817e7fe8,pegasus-kickstart,0.0
2c0584ff44c8fc01,pegasus-kickstart,0.0
2c23f045b420e122,pegasus-kickstart,0.0
2c3f67be594666c9,pegasus-kickstart,0.0
2c71c01a54754f3a,pegasus-kickstart,0.0
2c7c0effe93806b8,pegasus-kickstart,0.0
2ca7100e4f041376,pegasus-kickstart,0.0
2caedca90a5e9fc7,pegasus-kickstart,0.0
2cc31f8995294b7e,pegasus-kickstart,0.0
2cc4b3b3857a5f9c,pegasus-kickstart,0.0
2cec371f97a4756b,pegasus-kickstart,0.0
2ceeb824e9efc302,pegasus-kickstart,0.0
2cf0174c213bfcf4,pegasus-kickstart,0.0
2cf378dd74ab89f6,pegasus-kickstart,0.0
2d27b830c19734ee,pegasus-kickstart,0.0
2d2903bb90604064,pegasus-kickstart,0.0
2d2cc89f6a3ff413,pegasus-kickstart,0.0
2d2e41a396a5e9e8,pegasus-kickstart,0.0
2d316d44dddccf60,pegasus-kickstart,0.0
2d3bec2550a33aaa,pegasus-kickstart,0.0
2d91d91aadd85789,pegasus-kickstart,0.0
2d92fec17b356e8b,pegasus-kickstart,0.0
2dac508878862b7e,pegasus-kickstart,0.0
2e0358a754d48f62,pegasus-kickstart,0.0
2e256c077b97e4e7,pegasus-kickstart,0.0
2e35f4715d775dec,pegasus-kickstart,0.0
2e4068ac6b394950,pegasus-kickstart,0.0
2e47aba5f7231f22,pegasus-kickstart,0.0
2e4e6cb967fc70c0,pegasus-kickstart,0.0
2e59b9038d6608a3,pegasus-kickstart,0.0
2e887db5dd68dce7,pegasus-kickstart,0.0
2ea3687b5b735d8e,pegasus-kickstart,0.0
2ead4f05f8e88559,pegasus-kickstart,0.0
2eb16b5227f06824,pegasus-kickstart,0.0
2efe8abb6e01650d,pegasus-kickstart,0.0
2f05b6ab95dfe9ec,pegasus-kickstart,0.0
2f06a33b4b75133f,pegasus-kickstart,0.0
2f095a9876d01b92,pegasus-kickstart,0.0
2f0f397d90b9f2af,pegasus-kickstart,0.0
2f2eff5de28808b2,pegasus-kickstart,0.0
2f34fea4fb412526,pegasus-kickstart,0.0
2f616499013850b7,pegasus-kickstart,0.0
2f8af67eb6db66e7,pegasus-kickstart,0.0
2f92e87280d3753c,pegasus-kickstart,0.0
2feaabb667cf4d0c,pegasus-kickstart,0.0
2ffa2e9a193bcadd,pegasus-kickstart,0.0
3009ee6858dc7f3a,pegasus-kickstart,0.0
300c3bdf73a11cec,pegasus-kickstart,0.0
3014744c27ac723a,pegasus-kickstart,0.0
3015f4cc0d0e9fd3,pegasus-kickstart,0.0
301c186b33e7a544,pegasus-kickstart,0.0
303e817565d947fe,pegasus-kickstart,0.0
304d48406c139108,pegasus-kickstart,0.0
30562cb84624b12b,pegasus-kickstart,0.0
306afa5d3965825f,pegasus-kickstart,0.0
30709145b5c645bf,pegasus-kickstart,0.0
3078d15abdf4481e,pegasus-kickstart,0.0
30b767e4632661e6,pegasus-kickstart,0.0
30bd406b990a37c4,pegasus-kickstart,0.0
30cebc609affdedd,pegasus-kickstart,0.0
30d0123680551624,pegasus-kickstart,0.0
30d10590bbb8feb0,pegasus-kickstart,0.0
31181fe86e8cacbc,pegasus-kickstart,0.0
312f303e57ba399c,pegasus-kickstart,0.0
314906dc2f3052cd,pegasus-kickstart,0.0
315556d7c89989c9,pegasus-kickstart,0.0
31559c2a2cf77afb,pegasus-kickstart,0.0
316d022bcdf91bca,pegasus-kickstart,0.0
316d4951f09c15e1,pegasus-kickstart,0.0
318b0eaaa695a386,pegasus-kickstart,0.0
318eef4142300af1,pegasus-kickstart,0.0
3197ca17ab140a3d,pegasus-kickstart,0.0
31982048b89530f4,pegasus-kickstart,0.0
3198b34c08464a92,pegasus-kickstart,0.0
31c874f860ce579d,pegasus-kickstart,0.0
31ca04cc5366a558,pegasus-kickstart,0.0
31cae3ab3a92d22d,pegasus-kickstart,0.0
31de5b4fa6e3f807,pegasus-kickstart,0.0
31df757773dffeb0,pegasus-kickstart,0.0
31e13212aac0da1c,pegasus-kickstart,0.0
31ed6909483f14e0,pegasus-kickstart,0.0
31f50c2ee4effc65,pegasus-kickstart,0.0
321b7a1f3ef8d10b,pegasus-kickstart,0.0
3224c79ca6911677,pegasus-kickstart,0.0
32257f10ef7998a9,pegasus-kickstart,0.0
3249309b96729cc3,pegasus-kickstart,0.0
3260e546c44e4264,pegasus-kickstart,0.0
3260ff27790431b2,pegasus-kickstart,0.0
326fda1970506ed5,pegasus-kickstart,0.0
3276501175dc8278,pegasus-kickstart,0.0
32959c60c35e801b,pegasus-kickstart,0.0
32a210813a7279db,pegasus-kickstart,0.0
32b5b8a0c46ff2de,pegasus-kickstart,0.0
32da01fd2a605306,pegasus-kickstart,0.0
32f1687a639df564,pegasus-kickstart,0.0
32f43033bc07092a,pegasus-kickstart,0.0
32fae9702ae49565,pegasus-kickstart,0.0
33552378f029de03,pegasus-kickstart,0.0
3373409f60670b48,pegasus-kickstart,0.0
3377f43a549fa067,pegasus-kickstart,0.0
3378308acc2f00cf,pegasus-kickstart,0.0
33ac2d95f673a6c7,pegasus-kickstart,0.0
33e24f093232d189,pegasus-kickstart,0.0
33e6fc221368a751,pegasus-kickstart,0.0
33ef05d6a809bef7,pegasus-kickstart,0.0
33f8739ee243f9b8,pegasus-kickstart,0.0
340301f8d1a6b305,pegasus-kickstart,0.0
3404ea43b8a2e12c,pegasus-kickstart,0.0
34071bf3c747febe,pegasus-kickstart,0.0
340f071db03567fc,pegasus-kickstart,0.0
3413f3df5716b03d,pegasus-kickstart,0.0
3417460cef6c8708,pegasus-kickstart,0.0
341eb0e8f912f887,pegasus-kickstart,0.0
343cb3fa0921a10e,pegasus-kickstart,0.0
344db317aece5378,pegasus-kickstart,0.0
3459a695c4e038f6,pegasus-kickstart,0.0
3464e16d5f44f270,pegasus-kickstart,0.0
346faa7e486128e4,pegasus-kickstart,0.0
34a537fc1b61fbc8,pegasus-kickstart,0.0
34b466b544cc4632,pegasus-kickstart,0.0
34b5e44d6e68f6b7,pegasus-kickstart,0.0
34d23674650abca8,pegasus-kickstart,0.0
34d34cf97e4206c9,pegasus-kickstart,0.0
34e5a43241fb1cf9,pegasus-kickstart,0.0
34eb6e79903fdf88,pegasus-kickstart,0.0
34fa843992f0a055,pegasus-kickstart,0.0
350dccf70b37567a,pegasus-kickstart,0.0
3511f4175ef61191,pegasus-kickstart,0.0
35203b190fae1e23,pegasus-kickstart,0.0
35258b081d391ddf,pegasus-kickstart,0.0
355105daa782a0fe,pegasus-kickstart,0.0
35538ae7fc100026,pegasus-kickstart,0.0
3556c9394923a9d5,pegasus-kickstart,0.0
355972a2686021b0,pegasus-kickstart,0.0
355faac3ea63e84f,pegasus-kickstart,0.0
35a8a59ff70f0b10,pegasus-kickstart,0.0
35beb19111e8c2d5,pegasus-kickstart,0.0
36084e200dd6f7bb,pegasus-kickstart,0.0
3622adcf8c065609,pegasus-kickstart,0.0
363de41421b3322a,pegasus-kickstart,0.0
3651ba1181e86268,pegasus-kickstart,0.0
369e882f28f0738b,pegasus-kickstart,0.0
36e09cdd0fbfd42f,pegasus-kickstart,0.0
36f3efc66bc32e9b,pegasus-kickstart,0.0
3700b93025045525,pegasus-kickstart,0.0
370f7bcdf32f85e3,pegasus-kickstart,0.0
3712049398552575,pegasus-kickstart,0.0
371ffb8c2601edf2,pegasus-kickstart,0.0
372bd07dd4594b4f,pegasus-kickstart,0.0
37361b212e3748e8,pegasus-kickstart,0.0
3754bc77cd67bd29,pegasus-kickstart,0.0
3760cfa4a5a15443,pegasus-kickstart,0.0
37939d03da587d7a,pegasus-kickstart,0.0
3797113790eb0002,pegasus-kickstart,0.0
3797bd938fe82a57,pegasus-kickstart,0.0
37983b754abd5c1d,pegasus-kickstart,0.0
37a32923ff38a90f,pegasus-kickstart,0.0
37a66b0bca8a63ee,pegasus-kickstart,0.0
37cd61dc2aa92b6f,pegasus-kickstart,0.0
37dce6cc7c316a0a,pegasus-kickstart,0.0
3834de87a2c75dd6,pegasus-kickstart,0.0
3840fc1f1e7d2a38,pegasus-kickstart,0.0
3848783b040b1327,pegasus-kickstart,0.0
385bc27c2d667954,pegasus-kickstart,0.0
386537f2cd98bbde,pegasus-kickstart,0.0
386eb190ffbd938e,pegasus-kickstart,0.0
3877506fefaf11a4,pegasus-kickstart,0.0
3878c5e8bc67f1fd,pegasus-kickstart,0.0
38a02354aa4f10b4,pegasus-kickstart,0.0
38a9ee2bdcba5d26,pegasus-kickstart,0.0
38be8f01f68fecea,pegasus-kickstart,0.0
38e2f27a8878bc6c,pegasus-kickstart,0.0
38eba6292ff9aaa1,pegasus-kickstart,0.0
38ec709421cb3aaa,pegasus-kickstart,0.0
38f0d4565b2d3eab,pegasus-kickstart,0.0
38f153dd05198176,pegasus-kickstart,0.0
38f472615f6c3146,pegasus-kickstart,0.0
3911ad86e5c6702b,pegasus-kickstart,0.0
39262c3f397ee0b8,pegasus-kickstart,0.0
393585e8ee62e3ab,pegasus-kickstart,0.0
3944c649d0238f04,pegasus-kickstart,0.0
395246e88213d593,pegasus-kickstart,0.0
3983bb666ef91188,pegasus-kickstart,0.0
3988c3bc7cb0554b,pegasus-kickstart,0.0
39b2c8383c4bbf95,pegasus-kickstart,0.0
39cc89e46e122bdb,pegasus-kickstart,0.0
39d28b6fb1a68bef,pegasus-kickstart,0.0
39d89de76e34bb1f,pegasus-kickstart,0.0
39e78ee5087fdb94,pegasus-kickstart,0.0
3a09784a100b6a27,pegasus-kickstart,0.0
3a564cbb4f01f3d0,pegasus-kickstart,0.0
3a6c473f341f4f5c,pegasus-kickstart,0.0
3a86493e28783b09,pegasus-kickstart,0.0
3a96b7066eecee6a,pegasus-kickstart,0.0
3aa8d9a445de668c,pegasus-kickstart,0.0
3aacabfbc740daff,pegasus-kickstart,0.0
3ad0cd2bea88c162,pegasus-kickstart,0.0
3ad53915d7c77ded,pegasus-kickstart,0.0
3b04205de87d2ef5,pegasus-kickstart,0.0
3b35a28778b7a2a4,pegasus-kickstart,0.0
3b3961c3d046a8d4,pegasus-kickstart,0.0
3b4c4c54f8689761,pegasus-kickstart,0.0
3b573f5aa021d3f5,pegasus-kickstart,0.0
3b6d946bfd05a43a,pegasus-kickstart,0.0
3b6f91c84e4cb134,pegasus-kickstart,0.0
3b73bb609157a130,pegasus-kickstart,0.0
3b7f61dfec6b8f9f,pegasus-kickstart,0.0
3b8afba5c697afdc,pegasus-kickstart,0.0
3b8bc836f4f6ca71,pegasus-kickstart,0.0
3b93bbf43f078003,pegasus-kickstart,0.0
3bc5eaee24ca62a3,pegasus-kickstart,0.0
3bd366f369b76e76,pegasus-kickstart,0.0
3bee32d32186fc65,pegasus-kickstart,0.0
3bf085130c88a7e8,pegasus-kickstart,0.0
3bf3ad8074ce0ad0,pegasus-kickstart,0.0
3bf4ecfe6f590fec,pegasus-kickstart,0.0
3c048f4b4f46906f,pegasus-kickstart,0.0
3c30df003a8c243e,pegasus-kickstart,0.0
3c333c06f0bea837,pegasus-kickstart,0.0
3c3f9d719028a895,pegasus-kickstart,0.0
3c49b3ef722cf2fe,pegasus-kickstart,0.0
3c4a0acb3f182a94,pegasus-kickstart,0.0
3c8e1f0a003e09d0,pegasus-kickstart,0.0
3ca6089347608315,pegasus-kickstart,0.0
3ca76f6f11026096,pegasus-kickstart,0.0
3cb3badb99db712c,pegasus-kickstart,0.0
3cbb52ba06fb4625,pegasus-kickstart,0.0
3cc9ace869196369,pegasus-kickstart,0.0
3ccb70e0c9ea9bf0,pegasus-kickstart,0.0
3cd668965744beb2,pegasus-kickstart,0.0
3cdd77d5f4a06fce,pegasus-kickstart,0.0
3ce6a472b1c52e5d,pegasus-kickstart,0.0
3cfc18889d14ed0e,pegasus-kickstart,0.0
3d1f28c69bfbff28,pegasus-kickstart,0.0
3d2b986e9bce7a8b,pegasus-kickstart,0.0
3d47dde40d6910c0,pegasus-kickstart,0.0
3d5dcca7e7ff8cd9,pegasus-kickstart,0.0
3d6435a4ba04fdca,pegasus-kickstart,0.0
3d7e7108c60bcccf,pegasus-kickstart,0.0
3d8fb67df80c9ce7,pegasus-kickstart,0.0
3d984f8c0babd0b7,pegasus-kickstart,0.0
3d990079ea073279,pegasus-kickstart,0.0
3da4c984874fe2b9,pegasus-kickstart,0.0
3dba800cd1a92429,pegasus-kickstart,0.0
3dbde5b55b505f97,pegasus-kickstart,0.0
3dbe5c603591c039,pegasus-kickstart,0.0
3dd68ceb4dd0fb1c,pegasus-kickstart,0.0
3df9be031649af70,pegasus-kickstart,0.0
3e011989fcd90544,pegasus-kickstart,0.0
3e02017999064dc2,pegasus-kickstart,0.0
3e12b8ffcf265fd1,pegasus-kickstart,0.0
3e220470c67bc557,pegasus-kickstart,0.0
3e23f0d1ecec4622,pegasus-kickstart,0.0
3e2bfdf6ba450b57,pegasus-kickstart,0.0
3e4038838ee77ec0,pegasus-kickstart,0.0
3e872b6518af50cb,pegasus-kickstart,0.0
3eea5a02ebfd9415,pegasus-kickstart,0.0
3f03ca3965a4be05,pegasus-kickstart,0.0
3f07733b939633e1,pegasus-kickstart,0.0
3f149ed4c737d88c,pegasus-kickstart,0.0
3f3198f3341c0b84,pegasus-kickstart,0.0
3f491ad09558043a,pegasus-kickstart,0.0
3f85832cb73ad0ba,pegasus-kickstart,0.0
3f8837ddd2dd4f03,pegasus-kickstart,0.0
3fa2b5a8dab94333,pegasus-kickstart,0.0
3fa7963a1d340715,pegasus-kickstart,0.0
3fabee293b3aa7c3,pegasus-kickstart,0.0
3fc3acb540ade011,pegasus-kickstart,0.0
3fd60bafa15df926,pegasus-kickstart,0.0
3fefcd72529736a4,pegasus-kickstart,0.0
401e7fdcdd2f8c39,pegasus-kickstart,0.0
4027c758656cac94,pegasus-kickstart,0.0
402bba35ca072022,pegasus-kickstart,0.0
403882bf10fb20e2,pegasus-kickstart,0.0
4045cb48cab811e4,pegasus-kickstart,0.0
4059d780a5c1a126,pegasus-kickstart,0.0
4083d07201293cd3,pegasus-kickstart,0.0
40a73cf725112cc9,pegasus-kickstart,0.0
40b3e05020fa1b14,pegasus-kickstart,0.0
40cc662d1a3c7b8e,pegasus-kickstart,0.0
40ef2539eeea1dd0,pegasus-kickstart,0.0
40f0dff6d2ac068f,pegasus-kickstart,0.0
4112177016197044,pegasus-kickstart,0.0
412ab3f69104ec07,pegasus-kickstart,0.0
412c05ed7deae09f,pegasus-kickstart,0.0
412e3aa960529f68,pegasus-kickstart,0.0
412fce16d13b8ee2,pegasus-kickstart,0.0
4136bd6fc0756a5d,pegasus-kickstart,0.0
413781d6540ff6d1,pegasus-kickstart,0.0
4143b3dbb4d9b7a4,pegasus-kickstart,0.0
4144d19eb646857c,pegasus-kickstart,0.0
4153dbd738eaaa87,pegasus-kickstart,0.0
415a0ba5cd50021f,pegasus-kickstart,0.0
415d0c497aeb7f3a,pegasus-kickstart,0.0
416ac39b67c29c99,pegasus-kickstart,0.0
41b0ba4f3c658462,pegasus-kickstart,0.0
41babe92edbce66b,pegasus-kickstart,0.0
41d38cfffa589359,pegasus-kickstart,0.0
41d3eb3a313de148,pegasus-kickstart,0.0
41f19e7a9d61d585,pegasus-kickstart,0.0
4207a12a7e044f09,pegasus-kickstart,0.0
42160116d8a2f24a,pegasus-kickstart,0.0
4219c7691a21887e,pegasus-kickstart,0.0
423da25ae5c3fc2e,pegasus-kickstart,0.0
426087b06fd8097b,pegasus-kickstart,0.0
4265e6e8a9a3c712,pegasus-kickstart,0.0
427351c395ffb93f,pegasus-kickstart,0.0
4299e7d259a3a0e2,pegasus-kickstart,0.0
42a4a103208a4884,pegasus-kickstart,0.0
42a7e7049194adc4,pegasus-kickstart,0.0
42abd782f3ef9a9f,pegasus-kickstart,0.0
42ade569fb225201,pegasus-kickstart,0.0
42ba6624d998fefa,pegasus-kickstart,0.0
42c974af9f7c5acc,pegasus-kickstart,0.0
42de98ed61ad0cd1,pegasus-kickstart,0.0
42fc78c12decb7db,pegasus-kickstart,0.0
430e78f12c668033,pegasus-kickstart,0.0
4322dea52fc89ab1,pegasus-kickstart,0.0
4331fb680972f3e1,pegasus-kickstart,0.0
434be422d06438c5,pegasus-kickstart,0.0
434e802f38ff4933,pegasus-kickstart,0.0
435a9221ece4219b,pegasus-kickstart,0.0
436ba08a97d3b911,pegasus-kickstart,0.0
436f03bbc8f55825,pegasus-kickstart,0.0
43889d28b7fa79c0,pegasus-kickstart,0.0
439548f83335463e,pegasus-kickstart,0.0
43a32bff6e3121be,pegasus-kickstart,0.0
43c8bdff53034551,pegasus-kickstart,0.0
43c9384bbdc82b1c,pegasus-kickstart,0.0
43d9477a3219e718,pegasus-kickstart,0.0
43d9b0931880d367,pegasus-kickstart,0.0
44312596daee0378,pegasus-kickstart,0.0
4434e738c3feb95c,pegasus-kickstart,0.0
443a883612639e4d,pegasus-kickstart,0.0
444fb1aa9a2acab5,pegasus-kickstart,0.0
44552a08df1e8bf5,pegasus-kickstart,0.0
446e30970eabf4b6,pegasus-kickstart,0.0
44763b3d724ec87f,pegasus-kickstart,0.0
4479ca3eb5e9e04d,pegasus-kickstart,0.0
44946d56bc366ccf,pegasus-kickstart,0.0
4496303d25b26fd5,pegasus-kickstart,0.0
449f043b2c0fbc63,pegasus-kickstart,0.0
44a079801277f3f1,pegasus-kickstart,0.0
44a347cb73828a9a,pegasus-kickstart,0.0
44afb43bf53a77a6,pegasus-kickstart,0.0
44d74292052059e6,pegasus-kickstart,0.0
44e71b6a70a385dc,pegasus-kickstart,0.0
44ffb442e78058d9,pegasus-kickstart,0.0
450b3524f274412a,pegasus-kickstart,0.0
451b9427bda29dee,pegasus-kickstart,0.0
451f84c4c30ff477,pegasus-kickstart,0.0
4541f0a959aa7763,pegasus-kickstart,0.0
45571b419bddba02,pegasus-kickstart,0.0
455e00197267f0b9,pegasus-kickstart,0.0
455e57ab1c41a5c3,pegasus-kickstart,0.0
4560a6872e8ef815,pegasus-kickstart,0.0
4573862f5e5f3c65,pegasus-kickstart,0.0
458344345a15bb9e,pegasus-kickstart,0.0
45a4e40d259a45d2,pegasus-kickstart,0.0
45af9fba79c1d487,pegasus-kickstart,0.0
45b137de7540f05c,pegasus-kickstart,0.0
4608bbad8810a1a8,pegasus-kickstart,0.0
4616c4f19af5fe91,pegasus-kickstart,0.0
462c92aca5db0c8f,pegasus-kickstart,0.0
462f107c020882ba,pegasus-kickstart,0.0
4635cbcb9405a9e9,pegasus-kickstart,0.0
463b56b5ad2a7c50,pegasus-kickstart,0.0
4643a925eeb6db8f,pegasus-kickstart,0.0
46442ae45f93390b,pegasus-kickstart,0.0
4645f014bb560518,pegasus-kickstart,0.0
4653fd02f5e981b3,pegasus-kickstart,0.0
465f2e5edb00e171,pegasus-kickstart,0.0
466c559ce3899e3a,pegasus-kickstart,0.0
4680d8f148f52c56,pegasus-kickstart,0.0
469044d987d47892,pegasus-kickstart,0.0
469549a4ac2f7b37,pegasus-kickstart,0.0
46d62429f3dcec6f,pegasus-kickstart,0.0
46d80f4cc96d0a3e,pegasus-kickstart,0.0
46e4a48ebac965d8,pegasus-kickstart,0.0
46ecbc13a8c02acc,pegasus-kickstart,0.0
4707d8730b172626,pegasus-kickstart,0.0
47382a31c85279e0,pegasus-kickstart,0.0
476f7c45e1cbbe3d,pegasus-kickstart,0.0
477a40731780915c,pegasus-kickstart,0.0
478d83fe45fac1ac,pegasus-kickstart,0.0
47d7c39a5b796604,pegasus-kickstart,0.0
47f1694500887ac2,pegasus-kickstart,0.0
4801aa84b931a26b,pegasus-kickstart,0.0
4802ed83108ba544,pegasus-kickstart,0.0
48381f7ccd7504be,pegasus-kickstart,0.0
48433744d7bdd0c4,pegasus-kickstart,0.0
485478e0a0825fb0,pegasus-kickstart,0.0
48580f03626f0361,pegasus-kickstart,0.0
4873f4d5afb0fff8,pegasus-kickstart,0.0
48782b33e5bbc87a,pegasus-kickstart,0.0
48a4aace57f5d7b7,pegasus-kickstart,0.0
48a9a045707b14bf,pegasus-kickstart,0.0
48aa649eae2f477e,pegasus-kickstart,0.0
48e17beb4f80fe1b,pegasus-kickstart,0.0
48e4ab3585408bf3,pegasus-kickstart,0.0
48f54a034496adfd,pegasus-kickstart,0.0
491cc416bfdde252,pegasus-kickstart,0.0
491f7dd957760f49,pegasus-kickstart,0.0
49230eec962613d7,pegasus-kickstart,0.0
4944d0bba39260d5,pegasus-kickstart,0.0
49b8d735c6fad059,pegasus-kickstart,0.0
49d10855e2946d2b,pegasus-kickstart,0.0
49db5c47151cf1c7,pegasus-kickstart,0.0
49df71ecfce04987,pegasus-kickstart,0.0
49e21d6a2ead8369,pegasus-kickstart,0.0
49ebb1c363db2856,pegasus-kickstart,0.0
4a0f8ad7b331af17,pegasus-kickstart,0.0
4a530b2c38197e27,pegasus-kickstart,0.0
4a62127d0a843398,pegasus-kickstart,0.0
4a6f660863a2ef09,pegasus-kickstart,0.0
4a7a9033b562e9d1,pegasus-kickstart,0.0
4a7d138490664659,pegasus-kickstart,0.0
4a80cb0552c26910,pegasus-kickstart,0.0
4a8cbc0defb1cf92,pegasus-kickstart,0.0
4a95c6100c22d6d8,pegasus-kickstart,0.0
4a98c0c020c228ff,pegasus-kickstart,0.0
4adafe917486c6d0,pegasus-kickstart,0.0
4aec21b86ae28ca0,pegasus-kickstart,0.0
4af82f8fc01e0ca4,pegasus-kickstart,0.0
4b0f10bf18ef17cc,pegasus-kickstart,0.0
4b1faf44eddf7cc8,pegasus-kickstart,0.0
4b766d62fb92a16a,pegasus-kickstart,0.0
4b79359db5a18eb8,pegasus-kickstart,0.0
4b9f3d4a781c8bdd,pegasus-kickstart,0.0
4baad3e91063145b,pegasus-kickstart,0.0
4bb5b94779d597c3,pegasus-kickstart,0.0
4bcf91ccbdd8ab6b,pegasus-kickstart,0.0
4bd3b8494cd624b2,pegasus-kickstart,0.0
4bd4c83598fc1f00,pegasus-kickstart,0.0
4bd6b9c595575081,pegasus-kickstart,0.0
4bd7c46b73201032,pegasus-kickstart,0.0
4be3cd8d199aa3c1,pegasus-kickstart,0.0
4be4d58b52b3fb68,pegasus-kickstart,0.0
4c17627e34f93149,pegasus-kickstart,0.0
4c1d2aecdd7df7c2,pegasus-kickstart,0.0
4c2741acc02d47a2,pegasus-kickstart,0.0
4c42a181b1ba7e32,pegasus-kickstart,0.0
4c5550c828af227b,pegasus-kickstart,0.0
4c559056cb8210ef,pegasus-kickstart,0.0
4c6002455ddd7759,pegasus-kickstart,0.0
4c7e594c9d594b2e,pegasus-kickstart,0.0
4c886f8b45b04b26,pegasus-kickstart,0.0
4ca5cab935537481,pegasus-kickstart,0.0
4cafd682301e6c66,pegasus-kickstart,0.0
4cde94691ed064a2,pegasus-kickstart,0.0
4cf4c7f86df5335a,pegasus-kickstart,0.0
4cf78aeda1b46efd,pegasus-kickstart,0.0
4d068833a8c2b6b3,pegasus-kickstart,0.0
4d0ad669a9abbc6b,pegasus-kickstart,0.0
4d1774b97f52d784,pegasus-kickstart,0.0
4d1e5078ead25aee,pegasus-kickstart,0.0
4d1e5e8b6ac252bd,pegasus-kickstart,0.0
4d25f873867636ee,pegasus-kickstart,0.0
4d537d049afe6ffc,pegasus-kickstart,0.0
4d7fbc3fdfa2a18d,pegasus-kickstart,0.0
4d80e48d1e9ad98f,pegasus-kickstart,0.0
4d83ba64b45e4eec,pegasus-kickstart,0.0
4d8ad92a29071f87,pegasus-kickstart,0.0
4d8daf258d336a40,pegasus-kickstart,0.0
4d9939e5810a05c6,pegasus-kickstart,0.0
4dac3cbd1ac32850,pegasus-kickstart,0.0
4dd11bfacade5fae,pegasus-kickstart,0.0
4dd1458e6901a5ff,pegasus-kickstart,0.0
4dee8ea718d42e40,pegasus-kickstart,0.0
4df9dc2b8802dba5,pegasus-kickstart,0.0
4e10ffd5618fa32c,pegasus-kickstart,0.0
4e2c3a8ef78192dc,pegasus-kickstart,0.0
4e53bd6804174586,pegasus-kickstart,0.0
4e5b8e247eeddb9b,pegasus-kickstart,0.0
4e696ab07e05a014,pegasus-kickstart,0.0
4e8c9e70e5dbba52,pegasus-kickstart,0.0
4ea05e8660e27863,pegasus-kickstart,0.0
4ec2e0a19c3b95e7,pegasus-kickstart,0.0
4ee43e8349f163a4,pegasus-kickstart,0.0
4ee624ee1b413b5b,pegasus-kickstart,0.0
4ef1d3c4f0200390,pegasus-kickstart,0.0
4efa76a317a9052b,pegasus-kickstart,0.0
4f0bb9deb533053e,pegasus-kickstart,0.0
4f180d3fd911b66f,pegasus-kickstart,0.0
4f19179ce737aa8d,pegasus-kickstart,0.0
4f3ab0d414d016b4,pegasus-kickstart,0.0
4f538eea3a657234,pegasus-kickstart,0.0
4f53e9f98829d6fb,pegasus-kickstart,0.0
4f66ece952c5def0,pegasus-kickstart,0.0
4f97afa10d2cca15,pegasus-kickstart,0.0
4fbcb979b0f78176,pegasus-kickstart,0.0
4ff0d1b4f03b2ce2,pegasus-kickstart,0.0
4ff50b78251d9c04,pegasus-kickstart,0.0
50178f03b24564f3,pegasus-kickstart,0.0
5029be2f052ef905,pegasus-kickstart,0.0
50370e63411a87ea,pegasus-kickstart,0.0
50640f933aa8dc88,pegasus-kickstart,0.0
5071dc4eb6b93a82,pegasus-kickstart,0.0
5073f93449e81f23,pegasus-kickstart,0.0
508e655e0fc1dce9,pegasus-kickstart,0.0
50c548477eca1a93,pegasus-kickstart,0.0
50d2debc1be82ed9,pegasus-kickstart,0.0
50fa09c4c6116641,pegasus-kickstart,0.0
50fe9105039e54b7,pegasus-kickstart,0.0
5102f19e71329726,pegasus-kickstart,0.0
510352049fba76c4,pegasus-kickstart,0.0
51092b616f42e3d4,pegasus-kickstart,0.0
511dbcdde3344105,pegasus-kickstart,0.0
5127c728bf9dd2dd,pegasus-kickstart,0.0
513820b802dfef3b,pegasus-kickstart,0.0
5157261f7937d31c,pegasus-kickstart,0.0
515865e439e297c5,pegasus-kickstart,0.0
51b720005559d18f,pegasus-kickstart,0.0
51d3b0c81776f7ed,pegasus-kickstart,0.0
51d900deb61d2af8,pegasus-kickstart,0.0
51df489796ec3a03,pegasus-kickstart,0.0
521284d9698e0d16,pegasus-kickstart,0.0
5218b826476ad8bd,pegasus-kickstart,0.0
521f33fd0c3feb65,pegasus-kickstart,0.0
526f22e766cc84ec,pegasus-kickstart,0.0
52767f754e3dd3a2,pegasus-kickstart,0.0
5276a6b11cf665b4,pegasus-kickstart,0.0
527dc15169b6aead,pegasus-kickstart,0.0
527e1d9136104f5d,pegasus-kickstart,0.0
52a4b7cd5ce1a69e,pegasus-kickstart,0.0
530f39513dcc883b,pegasus-kickstart,0.0
532ce26744b60c87,pegasus-kickstart,0.0
53670b618bc59b06,pegasus-kickstart,0.0
53b1ce42b52c0f88,pegasus-kickstart,0.0
53b9eb90c3e05864,pegasus-kickstart,0.0
53bbb5f63ff8e977,pegasus-kickstart,0.0
53d40d6ef5f69996,pegasus-kickstart,0.0
53db27da529cad68,pegasus-kickstart,0.0
53f8eb1de4c13a49,pegasus-kickstart,0.0
5408fa863ef79310,pegasus-kickstart,0.0
541517201671e5bf,pegasus-kickstart,0.0
544e26c0b5ec7843,pegasus-kickstart,0.0
545fc4cb7dda7b3c,pegasus-kickstart,0.0
547cb75b91b6bae8,pegasus-kickstart,0.0
5487ebd74512b58d,pegasus-kickstart,0.0
5488cdaafe38a141,pegasus-kickstart,0.0
548cac537f3db870,pegasus-kickstart,0.0
5491a48b7269d6c8,pegasus-kickstart,0.0
549836316f67a63a,pegasus-kickstart,0.0
54b919abba571a8c,pegasus-kickstart,0.0
54c7314809c65f59,pegasus-kickstart,0.0
54c8011c3bb5dcd4,pegasus-kickstart,0.0
54d0f258c7212eb0,pegasus-kickstart,0.0
54e158834e70845c,pegasus-kickstart,0.0
54efa42f5f0a08f8,pegasus-kickstart,0.0
54f8b775a99e53b3,pegasus-kickstart,0.0
55018b63e2fb9948,pegasus-kickstart,0.0
55021c2924b494e7,pegasus-kickstart,0.0
551ab773c72361ee,pegasus-kickstart,0.0
5539cb5c282c1340,pegasus-kickstart,0.0
553e99c9c48314bb,pegasus-kickstart,0.0
5569d555d6aee10c,pegasus-kickstart,0.0
55819240da520a94,pegasus-kickstart,0.0
559511062bc08c06,pegasus-kickstart,0.0
55afeced8a54a4aa,pegasus-kickstart,0.0
55bbe86e215e719d,pegasus-kickstart,0.0
55c49d824bbdf425,pegasus-kickstart,0.0
55fad0dcf6d53a4c,pegasus-kickstart,0.0
55fd9b5a55e13921,pegasus-kickstart,0.0
560c6748036903fc,pegasus-kickstart,0.0
5639f0dd33476973,pegasus-kickstart,0.0
56485ab543ef4e55,pegasus-kickstart,0.0
5691ed8024da1524,pegasus-kickstart,0.0
56ab5d066462fc14,pegasus-kickstart,0.0
572524778e78b1ce,pegasus-kickstart,0.0
5794999efece5d6f,pegasus-kickstart,0.0
57fc6a123f0728f2,pegasus-kickstart,0.0
5809178fb1fb895c,pegasus-kickstart,0.0
580c535990005500,pegasus-kickstart,0.0
581c6a04c2d0daf8,pegasus-kickstart,0.0
582c32526e361e4f,pegasus-kickstart,0.0
5833d2c78848b5b8,pegasus-kickstart,0.0
5842c064b55df5f0,pegasus-kickstart,0.0
584da7ad78258cb6,pegasus-kickstart,0.0
5850c1e1634d5d97,pegasus-kickstart,0.0
5894ce658a6b582c,pegasus-kickstart,0.0
58a6e517910ac00a,pegasus-kickstart,0.0
58b51e66e4bf3dc8,pegasus-kickstart,0.0
58dd045e383dca2e,pegasus-kickstart,0.0
58f473dc9c1c59b6,pegasus-kickstart,0.0
5903ff0b0af260ee,pegasus-kickstart,0.0
59127516488d9676,pegasus-kickstart,0.0
5926a7b570ffded6,pegasus-kickstart,0.0
592fa42cd94d3626,pegasus-kickstart,0.0
594168687680e419,pegasus-kickstart,0.0
5946a2abe40967a4,pegasus-kickstart,0.0
594723463c18915b,pegasus-kickstart,0.0
5951870cdeff9f17,pegasus-kickstart,0.0
596cf5e3ca5080c7,pegasus-kickstart,0.0
599d39dd1f7c39f3,pegasus-kickstart,0.0
59a4577d2dcf686e,pegasus-kickstart,0.0
59abee68e7b424ae,pegasus-kickstart,0.0
59bbe4b503635dc5,pegasus-kickstart,0.0
59c01a7f880c8f3a,pegasus-kickstart,0.0
59cc74d7962d502e,pegasus-kickstart,0.0
59ccc613b6d5d199,pegasus-kickstart,0.0
59da6577cd5c3fd4,pegasus-kickstart,0.0
59ea94c4239c50c8,pegasus-kickstart,0.0
59ed84f6cd28962e,pegasus-kickstart,0.0
59f6b98c8d8a22c1,pegasus-kickstart,0.0
59fbbf6e986cb7e0,pegasus-kickstart,0.0
5a21940c36e54794,pegasus-kickstart,0.0
5a7a67d3a61b9f28,pegasus-kickstart,0.0
5a89af89f6662c39,pegasus-kickstart,0.0
5a8d3613c209af61,pegasus-kickstart,0.0
5ab3717ec6fd5ce6,pegasus-kickstart,0.0
5abc5719cbbd40be,pegasus-kickstart,0.0
5ad9d758921e46e5,pegasus-kickstart,0.0
5ae58f5e6cddd9ba,pegasus-kickstart,0.0
5af61bbe9f172f43,pegasus-kickstart,0.0
5b0364e851300cfc,pegasus-kickstart,0.0
5b22cd2f7d1ca3fd,pegasus-kickstart,0.0
5b2ebb4d83f39f3e,pegasus-kickstart,0.0
5b2ed97e09b4bb1b,pegasus-kickstart,0.0
5b34c87c9934752c,pegasus-kickstart,0.0
5b618a68b146f6e3,pegasus-kickstart,0.0
5b6d2f5f17d1c140,pegasus-kickstart,0.0
5b8aca7884d6df0a,pegasus-kickstart,0.0
5b9871071245fe9c,pegasus-kickstart,0.0
5bab551eca211b9a,pegasus-kickstart,0.0
5bdd5ff199bcdf3b,pegasus-kickstart,0.0
5be2b9ee27c1c4ff,pegasus-kickstart,0.0
5be4d2840abafc60,pegasus-kickstart,0.0
5c04d6839a45699f,pegasus-kickstart,0.0
5c2463aa34a2fe17,pegasus-kickstart,0.0
5c258d4cfa99d5c3,pegasus-kickstart,0.0
5c31d532970c02d2,pegasus-kickstart,0.0
5c38244dafb72450,pegasus-kickstart,0.0
5c496bc9be4276f4,pegasus-kickstart,0.0
5c5d2d8e79e25edf,pegasus-kickstart,0.0
5c6147c8b9ada24b,pegasus-kickstart,0.0
5c662079b5646aa3,pegasus-kickstart,0.0
5c6e26b071411173,pegasus-kickstart,0.0
5c853867614eeea4,pegasus-kickstart,0.0
5c87b7741f9fa1c9,pegasus-kickstart,0.0
5c898efb7f1673ae,pegasus-kickstart,0.0
5ca075af11bcf7fd,pegasus-kickstart,0.0
5cb42e57bac0bc9b,pegasus-kickstart,0.0
5cc9a37d22cad7da,pegasus-kickstart,0.0
5cebb821fb35b13f,pegasus-kickstart,0.0
5d00635b1a9d76a8,pegasus-kickstart,0.0
5d02260a3a442a36,pegasus-kickstart,0.0
5d20f7d2ba85c46e,pegasus-kickstart,0.0
5d3180c3e88c0b45,pegasus-kickstart,0.0
5d52687f4ef5c81c,pegasus-kickstart,0.0
5d54597793af57b7,pegasus-kickstart,0.0
5d573e1c5c6bdbb6,pegasus-kickstart,0.0
5d92e29f6d9ba80b,pegasus-kickstart,0.0
5d99e405d9662cc4,pegasus-kickstart,0.0
5dd91e805104d8e0,pegasus-kickstart,0.0
5de60d4ded3c20b7,pegasus-kickstart,0.0
5de9f2ba993e55e8,pegasus-kickstart,0.0
5dee2fe6301434ad,pegasus-kickstart,0.0
5df6bec15b24ed44,pegasus-kickstart,0.0
5dfddef48e98162a,pegasus-kickstart,0.0
5e1683bc77cd13dd,pegasus-kickstart,0.0
5e48ed490f0ff171,pegasus-kickstart,0.0
5e525ec4308d92d3,pegasus-kickstart,0.0
5e59d573fb12fd64,pegasus-kickstart,0.0
5e6a0ebf9ea8aaab,pegasus-kickstart,0.0
5e700120ba66abd5,pegasus-kickstart,0.0
5e708804fa13dfb7,pegasus-kickstart,0.0
5e79526b04a22cfd,pegasus-kickstart,0.0
5eacab1b7d370a29,pegasus-kickstart,0.0
5ed458371824074d,pegasus-kickstart,0.0
5ed8341b998f67fa,pegasus-kickstart,0.0
5edbdf9cd2f34671,pegasus-kickstart,0.0
5eea710ba8180ec5,pegasus-kickstart,0.0
5f0707dcfbcd9849,pegasus-kickstart,0.0
5f33003efccc0a36,pegasus-kickstart,0.0
5f3be4dff053609e,pegasus-kickstart,0.0
5f56527c6eb0380d,pegasus-kickstart,0.0
5f5672f030d752e2,pegasus-kickstart,0.0
5f69df07bc4c1363,pegasus-kickstart,0.0
5f8165565a69aaac,pegasus-kickstart,0.0
5f93955270ebaf40,pegasus-kickstart,0.0
5fa24c5ce19a8731,pegasus-kickstart,0.0
5fb44e7ea740fe3c,pegasus-kickstart,0.0
5fc2567364411ce4,pegasus-kickstart,0.0
5fd3d8b695a0211e,pegasus-kickstart,0.0
5fda96c4f8063567,pegasus-kickstart,0.0
5fe2fa97dca62ba1,pegasus-kickstart,0.0
600e2731bc816014,pegasus-kickstart,0.0
6017f8b63dbd1f38,pegasus-kickstart,0.0
601823e4f0cc268f,pegasus-kickstart,0.0
6020de35b1793111,pegasus-kickstart,0.0
60286bdf9258910e,pegasus-kickstart,0.0
6041b43c708f515f,pegasus-kickstart,0.0
60468c1a0690aa43,pegasus-kickstart,0.0
604f2a5265fc8962,pegasus-kickstart,0.0
6063c0065d3c79b8,pegasus-kickstart,0.0
60846a878cfb514d,pegasus-kickstart,0.0
60979ab6b503e2af,pegasus-kickstart,0.0
609f26b4c0a3b4a8,pegasus-kickstart,0.0
609f6b34201efa64,pegasus-kickstart,0.0
60a5e417cd2529e8,pegasus-kickstart,0.0
60b0fb5add633ac8,pegasus-kickstart,0.0
60d6ddc3ecb3aa24,pegasus-kickstart,0.0
60d89d16308d8a9e,pegasus-kickstart,0.0
60e0a4c09dcec9bd,pegasus-kickstart,0.0
60e3dc0c5f8ddfcb,pegasus-kickstart,0.0
60fe24c3825b54d8,pegasus-kickstart,0.0
6112b3ab014c7297,pegasus-kickstart,0.0
6132d72106715c71,pegasus-kickstart,0.0
6142d0500439bda0,pegasus-kickstart,0.0
6157ae959988f3e7,pegasus-kickstart,0.0
6178a5a2b4495ca2,pegasus-kickstart,0.0
617f6d72363d54b2,pegasus-kickstart,0.0
6182870e1d5ef48e,pegasus-kickstart,0.0
618cb500da479bce,pegasus-kickstart,0.0
618ddc031dcfedc8,pegasus-kickstart,0.0
61bbd116d61e2373,pegasus-kickstart,0.0
61bc2fc4c82a3354,pegasus-kickstart,0.0
61c36bab4a038ca6,pegasus-kickstart,0.0
61d839007d7a03e5,pegasus-kickstart,0.0
61faadd8643b940b,pegasus-kickstart,0.0
61fd1f7c9b36a278,pegasus-kickstart,0.0
620abad31b2a0367,pegasus-kickstart,0.0
62137dc1c7645db3,pegasus-kickstart,0.0
6213a8e3a64123c9,pegasus-kickstart,0.0
62176e019b473590,pegasus-kickstart,0.0
62346b6e69727003,pegasus-kickstart,0.0
6235ec192af9bcf1,pegasus-kickstart,0.0
623b2e1b6759e01c,pegasus-kickstart,0.0
623b5503229ee206,pegasus-kickstart,0.0
624324ab1f30424a,pegasus-kickstart,0.0
6246cdb2f19030e9,pegasus-kickstart,0.0
625030a7e9bbac9f,pegasus-kickstart,0.0
62538a558c1d81d3,pegasus-kickstart,0.0
62646bb86118ce0d,pegasus-kickstart,0.0
6272273e50bdf400,pegasus-kickstart,0.0
628bc910a567b4b9,pegasus-kickstart,0.0
6292bb0cffcf0fe5,pegasus-kickstart,0.0
62965173084b650d,pegasus-kickstart,0.0
62a0c38fb6dc9db1,pegasus-kickstart,0.0
62d47d19d7097920,pegasus-kickstart,0.0
62dba93b96d6ab81,pegasus-kickstart,0.0
62e2b80f5aec855d,pegasus-kickstart,0.0
62f5e3a7114b2854,pegasus-kickstart,0.0
630e4aff81365542,pegasus-kickstart,0.0
632597b2f05806b4,pegasus-kickstart,0.0
633d68e1a6bad596,pegasus-kickstart,0.0
6343d7e74db51589,pegasus-kickstart,0.0
63660e948a7f95c5,pegasus-kickstart,0.0
637235cef525e01a,pegasus-kickstart,0.0
6375ba68444d4560,pegasus-kickstart,0.0
63884199a9632228,pegasus-kickstart,0.0
63891ee4d8aabaa8,pegasus-kickstart,0.0
63cb349dd4328a86,pegasus-kickstart,0.0
63e9c3b026ca1ff4,pegasus-kickstart,0.0
6412832265c1cbcc,pegasus-kickstart,0.0
6413e67dd30393a2,pegasus-kickstart,0.0
6448140bf63a0a7f,pegasus-kickstart,0.0
6457af337f83a04e,pegasus-kickstart,0.0
6457b18c0ce1b412,pegasus-kickstart,0.0
64913e4af9e79cb4,pegasus-kickstart,0.0
64a8fb62a1895107,pegasus-kickstart,0.0
64ad3626f5f1e5e6,pegasus-kickstart,0.0
64af22655889a507,pegasus-kickstart,0.0
64b7e5f535c6f287,pegasus-kickstart,0.0
64c1ac7a6eed31f0,pegasus-kickstart,0.0
64c7ba4f83042ad9,pegasus-kickstart,0.0
64d862168c9437a0,pegasus-kickstart,0.0
64de886ea8a78d57,pegasus-kickstart,0.0
64f23a1631a7507f,pegasus-kickstart,0.0
64fbdaf75aca9810,pegasus-kickstart,0.0
650d262b575e3ee6,pegasus-kickstart,0.0
6516cfc2d0eab715,pegasus-kickstart,0.0
652c2f473582d333,pegasus-kickstart,0.0
655a05a9ee8ae7ab,pegasus-kickstart,0.0
655f57b352d34623,pegasus-kickstart,0.0
6572924728e7e8d1,pegasus-kickstart,0.0
65746974a945956b,pegasus-kickstart,0.0
658f4379421c7269,pegasus-kickstart,0.0
6590545ed8ee861d,pegasus-kickstart,0.0
6591b669102efee7,pegasus-kickstart,0.0
659b259765fe4942,pegasus-kickstart,0.0
65b5810cd460965e,pegasus-kickstart,0.0
65bf7582f6db1d71,pegasus-kickstart,0.0
65c45e5a83e59f92,pegasus-kickstart,0.0
65e4cc83034420d0,pegasus-kickstart,0.0
6613247891a751d2,pegasus-kickstart,0.0
6664f55d9ceee855,pegasus-kickstart,0.0
6668e11b5d2e062d,pegasus-kickstart,0.0
6682f00da54a8875,pegasus-kickstart,0.0
668c1261da0ef10e,pegasus-kickstart,0.0
6694182c3c33a23d,pegasus-kickstart,0.0
66a4a52d5edaf58f,pegasus-kickstart,0.0
66a75b7aaaa1a94b,pegasus-kickstart,0.0
66ada37273619cae,pegasus-kickstart,0.0
66ada44eee674fe7,pegasus-kickstart,0.0
66b86595c2fcfd01,pegasus-kickstart,0.0
66d890ab448686fb,pegasus-kickstart,0.0
66d896a986031a09,pegasus-kickstart,0.0
66e5c91b1bd02d98,pegasus-kickstart,0.0
66facd9fddebef7f,pegasus-kickstart,0.0
66fe75988fc040c1,pegasus-kickstart,0.0
66fffbf6b778d2a8,pegasus-kickstart,0.0
6708193112e4e330,pegasus-kickstart,0.0
671d96be9f705433,pegasus-kickstart,0.0
6720aeaa9ea78e15,pegasus-kickstart,0.0
672d677b3d69d737,pegasus-kickstart,0.0
6734854a08fb174d,pegasus-kickstart,0.0
6738af14135aee23,pegasus-kickstart,0.0
67470fb162109f8c,pegasus-kickstart,0.0
678308d1762a4865,pegasus-kickstart,0.0
6784a5e323459deb,pegasus-kickstart,0.0
67ae8b7a0effba10,pegasus-kickstart,0.0
67b49bfc53fb9374,pegasus-kickstart,0.0
67c705633a6840c5,pegasus-kickstart,0.0
67e197e7e9ff38dc,pegasus-kickstart,0.0
67f1774a51f13cc1,pegasus-kickstart,0.0
68066a623f58d549,pegasus-kickstart,0.0
6812cf561ea735a1,pegasus-kickstart,0.0
682aeb14355adf1a,pegasus-kickstart,0.0
6834832eee8ac8b4,pegasus-kickstart,0.0
68375e65bf16e811,pegasus-kickstart,0.0
68424a56fa04e2c5,pegasus-kickstart,0.0
688b37b3311be373,pegasus-kickstart,0.0
689ceb1888006b35,pegasus-kickstart,0.0
68aba1cf5006a6cf,pegasus-kickstart,0.0
69099c1d5772285c,pegasus-kickstart,0.0
691530a43a0c4235,pegasus-kickstart,0.0
696410b733ba7e59,pegasus-kickstart,0.0
6965297f2b00d8ac,pegasus-kickstart,0.0
698580b923e5ed67,pegasus-kickstart,0.0
6985ebeb3dfe25ea,pegasus-kickstart,0.0
69eb74f6ad237239,pegasus-kickstart,0.0
69ed004df65ce50a,pegasus-kickstart,0.0
69efcb9c24a6fc3c,pegasus-kickstart,0.0
69f5bb8764e69ad8,pegasus-kickstart,0.0
69f5bbe1e10b7235,pegasus-kickstart,0.0
6a02f79de99c3030,pegasus-kickstart,0.0
6a092b72cda7a82a,pegasus-kickstart,0.0
6a0ea8cac67d0b2a,pegasus-kickstart,0.0
6a1b0a5c5e693741,pegasus-kickstart,0.0
6a25814a57c733e8,pegasus-kickstart,0.0
6a29fd1ddde4ac16,pegasus-kickstart,0.0
6a4d050ad060ed38,pegasus-kickstart,0.0
6a7767931d6394a3,pegasus-kickstart,0.0
6a7998df5f0d23d4,pegasus-kickstart,0.0
6a8622fa24d44f65,pegasus-kickstart,0.0
6a8bd6c3bdd6a33b,pegasus-kickstart,0.0
6ab6110cdd64be84,pegasus-kickstart,0.0
6ab8de1b7f9d63b0,pegasus-kickstart,0.0
6ab9d6707e8d8efd,pegasus-kickstart,0.0
6ac5569ec5c78b07,pegasus-kickstart,0.0
6ad8336247f77f68,pegasus-kickstart,0.0
6af5901e4cce9ade,pegasus-kickstart,0.0
6b06ea64db9035c2,pegasus-kickstart,0.0
6b0f772482ac6fb9,pegasus-kickstart,0.0
6b4f59086ff5f670,pegasus-kickstart,0.0
6b5bdfade009056a,pegasus-kickstart,0.0
6b6c4cb92276a868,pegasus-kickstart,0.0
6b6e4a210eaefbea,pegasus-kickstart,0.0
6b7756c14ed4ed9b,pegasus-kickstart,0.0
6b7a3aa3978e6349,pegasus-kickstart,0.0
6b7fb8c6d1a86c44,pegasus-kickstart,0.0
6bd0c80cc2078c2f,pegasus-kickstart,0.0
6bd95cecc6b123e5,pegasus-kickstart,0.0
6bea57f9b8c0e469,pegasus-kickstart,0.0
6c0b9c07d21d000f,pegasus-kickstart,0.0
6c1eb4f72d141cb7,pegasus-kickstart,0.0
6c1eb84abbb3a5b5,pegasus-kickstart,0.0
6c2e3e569cd1d45b,pegasus-kickstart,0.0
6c3958df6cd71620,pegasus-kickstart,0.0
6c656fbb96260298,pegasus-kickstart,0.0
6c6dfe0207d45bf2,pegasus-kickstart,0.0
6c6e48eb5af9aa7b,pegasus-kickstart,0.0
6c7a9ca8696986fd,pegasus-kickstart,0.0
6ca2bb811f399c1a,pegasus-kickstart,0.0
6cb6dbc674aff44f,pegasus-kickstart,0.0
6ccbd5d28b611189,pegasus-kickstart,0.0
6cd0e1f9f9548166,pegasus-kickstart,0.0
6cdaf3a29b16134a,pegasus-kickstart,0.0
6cdef286e42dc1d0,pegasus-kickstart,0.0
6ce212d5dd14421d,pegasus-kickstart,0.0
6ce770b559f7f0f1,pegasus-kickstart,0.0
6ced83f2564013a2,pegasus-kickstart,0.0
6ceead34cf64923e,pegasus-kickstart,0.0
6cf35fa7aa92cae0,pegasus-kickstart,0.0
6d0193a3696839e6,pegasus-kickstart,0.0
6d16cad0a2ddbf2e,pegasus-kickstart,0.0
6d2828df16345d30,pegasus-kickstart,0.0
6d2dfe166b5e54bc,pegasus-kickstart,0.0
6d3fe277bbc1c720,pegasus-kickstart,0.0
6d6ea38308a01e8c,pegasus-kickstart,0.0
6d7bde4aff4e29ce,pegasus-kickstart,0.0
6d93b7e2de0aea69,pegasus-kickstart,0.0
6d9761ffbbf91654,pegasus-kickstart,0.0
6da0e985a5f4f848,pegasus-kickstart,0.0
6da1ff65b3788ebb,pegasus-kickstart,0.0
6da37d2c7191168c,pegasus-kickstart,0.0
6daab9b03a4219f1,pegasus-kickstart,0.0
6dc94a1dea722e00,pegasus-kickstart,0.0
6dcfe9b501b24a63,pegasus-kickstart,0.0
6dda0cc4a6961704,pegasus-kickstart,0.0
6de6ad5914a59088,pegasus-kickstart,0.0
6dfa5bd8857d270f,pegasus-kickstart,0.0
6dfd62c1722ce45f,pegasus-kickstart,0.0
6e03d6fb4d244cd4,pegasus-kickstart,0.0
6e0fb662fa17bd7f,pegasus-kickstart,0.0
6e1dbfafd08f97ec,pegasus-kickstart,0.0
6e2524f9c1f26ed6,pegasus-kickstart,0.0
6e2f2fe91c5291cc,pegasus-kickstart,0.0
6e52ae1083e50d4f,pegasus-kickstart,0.0
6e56067541c2fc3d,pegasus-kickstart,0.0
6e5a3d824cd8bc22,pegasus-kickstart,0.0
6e6f3662a5dbe8cd,pegasus-kickstart,0.0
6e7f22acc92edc6d,pegasus-kickstart,0.0
6ea1d6bf6014598d,pegasus-kickstart,0.0
6ea215209a413bd0,pegasus-kickstart,0.0
6ea5d724359c0cb4,pegasus-kickstart,0.0
6eb12044b370b869,pegasus-kickstart,0.0
6ed1452f26ad9e0c,pegasus-kickstart,0.0
6ef0e741cd965847,pegasus-kickstart,0.0
6f0e6682446be50f,pegasus-kickstart,0.0
6f0ebbf5852dbf0b,pegasus-kickstart,0.0
6f6c018477373c8b,pegasus-kickstart,0.0
6f75562c3834efbf,pegasus-kickstart,0.0
6f76044b1b311a21,pegasus-kickstart,0.0
6f81e2eb22d71835,pegasus-kickstart,0.0
6f8b2093d53eeb0c,pegasus-kickstart,0.0
6fb1d0a924a30665,pegasus-kickstart,0.0
6fb1f5e55f3313aa,pegasus-kickstart,0.0
6fd0598e23f277b1,pegasus-kickstart,0.0
6fee8ef28f00947e,pegasus-kickstart,0.0
6fee90dfa7ae9784,pegasus-kickstart,0.0
6ff1a6725c207ed2,pegasus-kickstart,0.0
70045c4478613302,pegasus-kickstart,0.0
702356ff679318a7,pegasus-kickstart,0.0
7027817c295889ec,pegasus-kickstart,0.0
703ee8acc34127e0,pegasus-kickstart,0.0
7063deaa8f028f49,pegasus-kickstart,0.0
706af1397ebaeed8,pegasus-kickstart,0.0
7072f17888c5ff54,pegasus-kickstart,0.0
70a71986e3227f96,pegasus-kickstart,0.0
70bfd2eda6ce8af6,pegasus-kickstart,0.0
70cf0f0c4dc8ee1a,pegasus-kickstart,0.0
70db786ece40a244,pegasus-kickstart,0.0
70e4a9da0174fc9a,pegasus-kickstart,0.0
70e87dacf9008d9c,pegasus-kickstart,0.0
7111a8d59146b0c8,pegasus-kickstart,0.0
71358a2ac9ac01fd,pegasus-kickstart,0.0
713705278f73bea9,pegasus-kickstart,0.0
71548d1dd5fd596a,pegasus-kickstart,0.0
7165fed5bcee4519,pegasus-kickstart,0.0
7168341c9bf07a60,pegasus-kickstart,0.0
719a0576000a919c,pegasus-kickstart,0.0
71b58262bd75e432,pegasus-kickstart,0.0
71bf5147dcc4dcc3,pegasus-kickstart,0.0
71bf7739ec750110,pegasus-kickstart,0.0
71dc9c3a77765597,pegasus-kickstart,0.0
71df0d6a314f75cf,pegasus-kickstart,0.0
71e204045d11a3ef,pegasus-kickstart,0.0
71f1e47c38acd940,pegasus-kickstart,0.0
722ad25d6b958fd4,pegasus-kickstart,0.0
723f755818a108f9,pegasus-kickstart,0.0
723fbe460c1543c8,pegasus-kickstart,0.0
724533789ddac545,pegasus-kickstart,0.0
7250fc4e84bac877,pegasus-kickstart,0.0
72745883b492be1d,pegasus-kickstart,0.0
7280b81d8f94f0bd,pegasus-kickstart,0.0
72a93a5404e26f5d,pegasus-kickstart,0.0
72aa5dc913a374d3,pegasus-kickstart,0.0
72de8e833c0ee3f9,pegasus-kickstart,0.0
72def62f116b9916,pegasus-kickstart,0.0
72e92f3b63ae2ef3,pegasus-kickstart,0.0
72f6c63150a4c1e9,pegasus-kickstart,0.0
72fde322e63d1f8a,pegasus-kickstart,0.0
731fd20577f796b5,pegasus-kickstart,0.0
732ae4bfd2906101,pegasus-kickstart,0.0
732c481c0f279fc2,pegasus-kickstart,0.0
7345feacc9f35833,pegasus-kickstart,0.0
734ef87a73d91b57,pegasus-kickstart,0.0
7358876f6b53c3a2,pegasus-kickstart,0.0
7362f4f01daec2ef,pegasus-kickstart,0.0
736ba52c897182bb,pegasus-kickstart,0.0
737b763e3cafd7d0,pegasus-kickstart,0.0
737b979a4cc5224d,pegasus-kickstart,0.0
73a455731e537bbe,pegasus-kickstart,0.0
73be4de3d5fc4586,pegasus-kickstart,0.0
73c966b521909645,pegasus-kickstart,0.0
73cc001e478b53fa,pegasus-kickstart,0.0
73d1acd702e068b9,pegasus-kickstart,0.0
7401490b391f1e18,pegasus-kickstart,0.0
7401efc298999df5,pegasus-kickstart,0.0
741477f04f404d2b,pegasus-kickstart,0.0
741d1f153acae9dc,pegasus-kickstart,0.0
741e4c90f267773e,pegasus-kickstart,0.0
743509ba2e6c8632,pegasus-kickstart,0.0
746646f247b5eb5f,pegasus-kickstart,0.0
749ccbe5e8bae753,pegasus-kickstart,0.0
749e7e55cefd8c39,pegasus-kickstart,0.0
74ce72c7f8527839,pegasus-kickstart,0.0
74d70d51954c1c42,pegasus-kickstart,0.0
74e31d58a2178601,pegasus-kickstart,0.0
75061983e153ee8b,pegasus-kickstart,0.0
75126f652a361c95,pegasus-kickstart,0.0
752303ee47cdd1a4,pegasus-kickstart,0.0
75343a23beef59eb,pegasus-kickstart,0.0
7537091d91657bd7,pegasus-kickstart,0.0
753a9e997edcf927,pegasus-kickstart,0.0
7544f45385d6e297,pegasus-kickstart,0.0
75735fa182106f4f,pegasus-kickstart,0.0
7596ab7a7ae0b48d,pegasus-kickstart,0.0
75a0f0004e32ac0c,pegasus-kickstart,0.0
75b9a4f26a1db6a5,pegasus-kickstart,0.0
75effad1ffb47b60,pegasus-kickstart,0.0
75f6956dc671c684,pegasus-kickstart,0.0
75faaa2fe2e87d96,pegasus-kickstart,0.0
760027b15ae78fb3,pegasus-kickstart,0.0
760099e4dc1c7fbb,pegasus-kickstart,0.0
7620402dc5328917,pegasus-kickstart,0.0
7621db462fccae98,pegasus-kickstart,0.0
76491eaffb67c5dd,pegasus-kickstart,0.0
7657428385d4bf2b,pegasus-kickstart,0.0
7658a95a56def5f7,pegasus-kickstart,0.0
765f941fd67a0070,pegasus-kickstart,0.0
7661e3649915f956,pegasus-kickstart,0.0
766a374a128786ff,pegasus-kickstart,0.0
7681034bbf1bc911,pegasus-kickstart,0.0
768b6a441ca5b650,pegasus-kickstart,0.0
76bcb01286c5d2d5,pegasus-kickstart,0.0
76cad78898a1b845,pegasus-kickstart,0.0
76cc8c5d699f3e09,pegasus-kickstart,0.0
76fd2687e3ec314b,pegasus-kickstart,0.0
76fd9e9baeac6a2a,pegasus-kickstart,0.0
770bd43d7203df9c,pegasus-kickstart,0.0
7725168c895a71c9,pegasus-kickstart,0.0
7742cb5c263469f9,pegasus-kickstart,0.0
7753c7c0cc9acae2,pegasus-kickstart,0.0
775ce1ac9ef2a93c,pegasus-kickstart,0.0
777f4a29d8f361af,pegasus-kickstart,0.0
777fc7e486a7dfa6,pegasus-kickstart,0.0
77962f1107392bc1,pegasus-kickstart,0.0
779961160a848046,pegasus-kickstart,0.0
77a1fb3e7d0ca09b,pegasus-kickstart,0.0
77b189107739f563,pegasus-kickstart,0.0
77bfb229fa87de4b,pegasus-kickstart,0.0
7809aac75c3f4225,pegasus-kickstart,0.0
781e6ce1844c392f,pegasus-kickstart,0.0
782ab08ae0c56784,pegasus-kickstart,0.0
7845e6ef6568d8d4,pegasus-kickstart,0.0
7846682cf63298b6,pegasus-kickstart,0.0
785777a540974056,pegasus-kickstart,0.0
785d95be7e4c5608,pegasus-kickstart,0.0
78632c6c9c5fd865,pegasus-kickstart,0.0
786bd915841a106f,pegasus-kickstart,0.0
7873cc4e2e5ed349,pegasus-kickstart,0.0
78bad4573240bfb3,pegasus-kickstart,0.0
78be502366c4d2f3,pegasus-kickstart,0.0
78f25586d6912dbc,pegasus-kickstart,0.0
78f6f0107300648b,pegasus-kickstart,0.0
78f7b035f5dcc83e,pegasus-kickstart,0.0
78fcc24c6aa70c93,pegasus-kickstart,0.0
7938a833d0f8f372,pegasus-kickstart,0.0
794d51e700625297,pegasus-kickstart,0.0
797c7ec22c0fd573,pegasus-kickstart,0.0
79817b9623af338f,pegasus-kickstart,0.0
7985b752112ba4ff,pegasus-kickstart,0.0
799fcdd5f02472ac,pegasus-kickstart,0.0
79a914cb57063496,pegasus-kickstart,0.0
79d0a4ddf59eb04b,pegasus-kickstart,0.0
79d4d895d42333f8,pegasus-kickstart,0.0
79dab3c7ae07724b,pegasus-kickstart,0.0
79e1265013f6572e,pegasus-kickstart,0.0
79e8d34f4c78d652,pegasus-kickstart,0.0
79f748f86867df69,pegasus-kickstart,0.0
7a081cd5c8fb487b,pegasus-kickstart,0.0
7a28b90f0904f064,pegasus-kickstart,0.0
7a28dca02ed0040f,pegasus-kickstart,0.0
7a32f9451633fc8a,pegasus-kickstart,0.0
7a911f92e8bc7371,pegasus-kickstart,0.0
7abc395faeced08a,pegasus-kickstart,0.0
7abc501049ae714c,pegasus-kickstart,0.0
7af3e70b9c7d3913,pegasus-kickstart,0.0
7af4a07c10510ebe,pegasus-kickstart,0.0
7b1146084bfa3eea,pegasus-kickstart,0.0
7b3657743a688e00,pegasus-kickstart,0.0
7b57ae4595acbede,pegasus-kickstart,0.0
7b583ec6ea5f3be9,pegasus-kickstart,0.0
7b858a22731f9ed9,pegasus-kickstart,0.0
7b866cddbd70d40d,pegasus-kickstart,0.0
7b89c570718520cd,pegasus-kickstart,0.0
7bb3eb792d381d50,pegasus-kickstart,0.0
7bbf3ab289fd865a,pegasus-kickstart,0.0
7bc90414da89dfed,pegasus-kickstart,0.0
7beb4dbcc9bc4374,pegasus-kickstart,0.0
7bf7c2880d054c24,pegasus-kickstart,0.0
7c0ed6b012a78d41,pegasus-kickstart,0.0
7c230b3d9074c4b3,pegasus-kickstart,0.0
7c36e24b00410648,pegasus-kickstart,0.0
7c46809af2cdaad0,pegasus-kickstart,0.0
7c470c2cf04853e7,pegasus-kickstart,0.0
7c57f44ed186553d,pegasus-kickstart,0.0
7c5db9f2d062915c,pegasus-kickstart,0.0
7c6e992cc82a4cf0,pegasus-kickstart,0.0
7c717ff0a6d969f5,pegasus-kickstart,0.0
7c8c75fdfc09d882,pegasus-kickstart,0.0
7c8fdc29126d5637,pegasus-kickstart,0.0
7cac664d6fbfd7da,pegasus-kickstart,0.0
7cad0cdfe2a21966,pegasus-kickstart,0.0
7ce2162a8ac3d364,pegasus-kickstart,0.0
7ce3487edb809ec5,pegasus-kickstart,0.0
7d00362744a986cf,pegasus-kickstart,0.0
7d0625e3a6f02d1c,pegasus-kickstart,0.0
7d112d0dddd1000f,pegasus-kickstart,0.0
7d76a2d632ef93f4,pegasus-kickstart,0.0
7d8bd440d11b7b9c,pegasus-kickstart,0.0
7d8ea25694fff77d,pegasus-kickstart,0.0
7da699906ab4b7ce,pegasus-kickstart,0.0
7db2f97b706fe946,pegasus-kickstart,0.0
7dbe4c1d33a01549,pegasus-kickstart,0.0
7dd5bd61ef5a4b86,pegasus-kickstart,0.0
7de34864a463f074,pegasus-kickstart,0.0
7e1b9de312182b39,pegasus-kickstart,0.0
7e33a77f6338cb99,pegasus-kickstart,0.0
7e49f7c281371c52,pegasus-kickstart,0.0
7e4e9433bd5ebbc6,pegasus-kickstart,0.0
7e5852210d28f403,pegasus-kickstart,0.0
7e61fd5ad3cb7505,pegasus-kickstart,0.0
7e69e20e0f024061,pegasus-kickstart,0.0
7e8ab12392f18b6f,pegasus-kickstart,0.0
7eb6c21d10437e6f,pegasus-kickstart,0.0
7ecf8f1ba5b8c67f,pegasus-kickstart,0.0
7edfebfbaa1e57d1,pegasus-kickstart,0.0
7ef694b6a733da99,pegasus-kickstart,0.0
7efb4b964c73e152,pegasus-kickstart,0.0
7f1c649b50335821,pegasus-kickstart,0.0
7f322beee7950147,pegasus-kickstart,0.0
7f3357a8e9ab3e88,pegasus-kickstart,0.0
7f3902077a59a2a5,pegasus-kickstart,0.0
7f3f47c591422202,pegasus-kickstart,0.0
7f5742610df9651c,pegasus-kickstart,0.0
7f5b6eaa77e189f7,pegasus-kickstart,0.0
7f5d6fc164a9c813,pegasus-kickstart,0.0
7f68dfd861b37cf3,pegasus-kickstart,0.0
7f7a65e95fea8639,pegasus-kickstart,0.0
7f87a72a89991086,pegasus-kickstart,0.0
7f8de745f199d8bd,pegasus-kickstart,0.0
7f9a8261eb857248,pegasus-kickstart,0.0
7fa9132f6f5e96ce,pegasus-kickstart,0.0
7fae72e2f4b4d46e,pegasus-kickstart,0.0
7fb4b9f8268646ac,pegasus-kickstart,0.0
7fbf98bec049c7d7,pegasus-kickstart,0.0
7ffa1600d83094c8,pegasus-kickstart,0.0
7ffea3cf31abfd6c,pegasus-kickstart,0.0
800a6cb02adfc011,pegasus-kickstart,0.0
802cfd61fa147493,pegasus-kickstart,0.0
8077f6eb0bb3e9b9,pegasus-kickstart,0.0
807a78a31a6e1b40,pegasus-kickstart,0.0
80a0d1b72b150308,pegasus-kickstart,0.0
80a79d1139357f08,pegasus-kickstart,0.0
80b5edfe05b539d4,pegasus-kickstart,0.0
80bf96582ee6ac9a,pegasus-kickstart,0.0
80ce926907a3d3e4,pegasus-kickstart,0.0
80d34a747d5a63d5,pegasus-kickstart,0.0
80d531c098a399dc,pegasus-kickstart,0.0
80dd075ff3e06028,pegasus-kickstart,0.0
80eb04710deda09a,pegasus-kickstart,0.0
80f46e4122490b28,pegasus-kickstart,0.0
817b837d89ff7273,pegasus-kickstart,0.0
819497b10e2b871e,pegasus-kickstart,0.0
8198b0467da38221,pegasus-kickstart,0.0
81998436df844311,pegasus-kickstart,0.0
819a05c47931fb74,pegasus-kickstart,0.0
81c0430facf946e5,pegasus-kickstart,0.0
81c1f7f06c6cb8ed,pegasus-kickstart,0.0
81d36323af371bf1,pegasus-kickstart,0.0
81f86fc4bde52760,pegasus-kickstart,0.0
822e3315f9a052f1,pegasus-kickstart,0.0
8250080f1f99351c,pegasus-kickstart,0.0
82526d998340a22f,pegasus-kickstart,0.0
825e1b7c4de9c652,pegasus-kickstart,0.0
8287394fedf60b00,pegasus-kickstart,0.0
82ae5fb3d77aef38,pegasus-kickstart,0.0
82c0a83dfe39e668,pegasus-kickstart,0.0
82d01c0452cd97be,pegasus-kickstart,0.0
82e2801f84726298,pegasus-kickstart,0.0
82eadcc172b077d5,pegasus-kickstart,0.0
82ebbf318a4fdb75,pegasus-kickstart,0.0
82ef1311d648e4e5,pegasus-kickstart,0.0
830952589679b78b,pegasus-kickstart,0.0
8327676c097bd4c3,pegasus-kickstart,0.0
8333d51e11368fbe,pegasus-kickstart,0.0
833602017b0c06e4,pegasus-kickstart,0.0
835580f7d9a89669,pegasus-kickstart,0.0
835800376868b3ef,pegasus-kickstart,0.0
83650c8ef6921c3c,pegasus-kickstart,0.0
83696014c8e16a2f,pegasus-kickstart,0.0
837a608a1e001503,pegasus-kickstart,0.0
8384b23b365d1c71,pegasus-kickstart,0.0
838fc99b9f4887f2,pegasus-kickstart,0.0
8399e3e759e6e144,pegasus-kickstart,0.0
83a054c89648206d,pegasus-kickstart,0.0
83aea4987dbc82c8,pegasus-kickstart,0.0
83bf9a08fba38bc5,pegasus-kickstart,0.0
83cf43b06b9bcd70,pegasus-kickstart,0.0
83d1d8c661191e43,pegasus-kickstart,0.0
83e71a9d265bd45d,pegasus-kickstart,0.0
841d40e845a7b15e,pegasus-kickstart,0.0
8447c728989efeaa,pegasus-kickstart,0.0
844e8ea621132f94,pegasus-kickstart,0.0
846e7dbf74476b39,pegasus-kickstart,0.0
84705b5d280ea292,pegasus-kickstart,0.0
849342d921f1cfdd,pegasus-kickstart,0.0
84a0cd0834a84fa4,pegasus-kickstart,0.0
84ad5bd780c637f0,pegasus-kickstart,0.0
84bde43f0ac22a68,pegasus-kickstart,0.0
84dfe83da7974c3b,pegasus-kickstart,0.0
84eac4fe23eec7af,pegasus-kickstart,0.0
85051f253fda4a37,pegasus-kickstart,0.0
85112ed846f114fa,pegasus-kickstart,0.0
851d6a2c1d655581,pegasus-kickstart,0.0
8520365a5c4a0232,pegasus-kickstart,0.0
85209d249ccab203,pegasus-kickstart,0.0
8522403f508887a8,pegasus-kickstart,0.0
853ef2631e3ae422,pegasus-kickstart,0.0
855edcaec4c48118,pegasus-kickstart,0.0
856421f28a2652c1,pegasus-kickstart,0.0
85828a66b842b472,pegasus-kickstart,0.0
85e16d9a292a13fa,pegasus-kickstart,0.0
85e88674d0afb3c8,pegasus-kickstart,0.0
85f0334a36778452,pegasus-kickstart,0.0
86118340dcf7d0a2,pegasus-kickstart,0.0
86264ff35567c028,pegasus-kickstart,0.0
864bb1d3a32b20b0,pegasus-kickstart,0.0
8654044483aa1e57,pegasus-kickstart,0.0
8677d2a917e62f15,pegasus-kickstart,0.0
868c0d528efc2476,pegasus-kickstart,0.0
8692bddc28d011d9,pegasus-kickstart,0.0
86aecbc0d0d1db82,pegasus-kickstart,0.0
86d2723247979f54,pegasus-kickstart,0.0
86d49b4ad73ccd8d,pegasus-kickstart,0.0
86f19dab67fe6623,pegasus-kickstart,0.0
8713aca516a424ed,pegasus-kickstart,0.0
873e5e161c30cd35,pegasus-kickstart,0.0
8751510d973ffee1,pegasus-kickstart,0.0
875b96582174a2d3,pegasus-kickstart,0.0
876528e73a3cbfe6,pegasus-kickstart,0.0
877437aaa416d000,pegasus-kickstart,0.0
8776cebeaa96da97,pegasus-kickstart,0.0
8790408db5bada22,pegasus-kickstart,0.0
87c599280f2015fd,pegasus-kickstart,0.0
87cfc367cd9759ff,pegasus-kickstart,0.0
87d01fce1ad2b884,pegasus-kickstart,0.0
87f7e9e96bdef6e4,pegasus-kickstart,0.0
88002548f671990c,pegasus-kickstart,0.0
8808ee4346ebaa37,pegasus-kickstart,0.0
880d83b2f7eb9257,pegasus-kickstart,0.0
882e9e63ce740175,pegasus-kickstart,0.0
882fa5244f4216cc,pegasus-kickstart,0.0
88320d65f08541e6,pegasus-kickstart,0.0
883450d214c0ce17,pegasus-kickstart,0.0
8839309c4c1bbc4e,pegasus-kickstart,0.0
88507198c4831aaf,pegasus-kickstart,0.0
8851edd996903474,pegasus-kickstart,0.0
8859bfcc1e82c879,pegasus-kickstart,0.0
8881f9d43542f80e,pegasus-kickstart,0.0
88940a2b7e7616ad,pegasus-kickstart,0.0
88a495df598f43d5,pegasus-kickstart,0.0
88b7f2a7b03450f9,pegasus-kickstart,0.0
88c4d6c6a72cf9ef,pegasus-kickstart,0.0
88ceb2068a3e2d3e,pegasus-kickstart,0.0
88d8da504c8c0d4e,pegasus-kickstart,0.0
88e77fb5622e466d,pegasus-kickstart,0.0
88f79b5c358ad37f,pegasus-kickstart,0.0
8920fd02af6cb80c,pegasus-kickstart,0.0
89315ff3c5979d17,pegasus-kickstart,0.0
893331938d1aad07,pegasus-kickstart,0.0
895180d24061b780,pegasus-kickstart,0.0
8951ecb815e6cc41,pegasus-kickstart,0.0
897570af7d41cc56,pegasus-kickstart,0.0
897a4a10ab6af6b3,pegasus-kickstart,0.0
89b71efd8f385309,pegasus-kickstart,0.0
89d477f3f7d2d883,pegasus-kickstart,0.0
8a3aaff6c4913274,pegasus-kickstart,0.0
8a3dea134ce65f4d,pegasus-kickstart,0.0
8a3e16c33db6aa75,pegasus-kickstart,0.0
8a4f8f34b6cc2db0,pegasus-kickstart,0.0
8a5d42729d9ed366,pegasus-kickstart,0.0
8a7bbe3f7821c35f,pegasus-kickstart,0.0
8a7be6929bbdfdc8,pegasus-kickstart,0.0
8a7dd70b1d77e0b5,pegasus-kickstart,0.0
8a855c9a303f6602,pegasus-kickstart,0.0
8aa21c8c849f3aff,pegasus-kickstart,0.0
8aaf4af2cad508d3,pegasus-kickstart,0.0
8b30f68f8cb6ba5b,pegasus-kickstart,0.0
8b3c62105a6a8961,pegasus-kickstart,0.0
8b3d615d11e2a43f,pegasus-kickstart,0.0
8b6790cfc7a16a26,pegasus-kickstart,0.0
8b67ee7fd7c976a3,pegasus-kickstart,0.0
8b68097d72a103f0,pegasus-kickstart,0.0
8b6ae4153b68d5bb,pegasus-kickstart,0.0
8ba365cfac793594,pegasus-kickstart,0.0
8ba84d389e96c94e,pegasus-kickstart,0.0
8bbf666041378cf8,pegasus-kickstart,0.0
8be213e39bce8570,pegasus-kickstart,0.0
8bed2ed9bf1d5193,pegasus-kickstart,0.0
8bf55bf02698cfec,pegasus-kickstart,0.0
8c06504a6eb49b0c,pegasus-kickstart,0.0
8c08398d2e0710a8,pegasus-kickstart,0.0
8c38e41dd42f4785,pegasus-kickstart,0.0
8c3f1abf69fb83b9,pegasus-kickstart,0.0
8c48fc1763077f5e,pegasus-kickstart,0.0
8c4e0dd287856148,pegasus-kickstart,0.0
8c55b3c83958d1b4,pegasus-kickstart,0.0
8c6b7bd81853d26b,pegasus-kickstart,0.0
8c916d69387280ee,pegasus-kickstart,0.0
8cc9bde29e08c6e7,pegasus-kickstart,0.0
8ced3e9ec3f24033,pegasus-kickstart,0.0
8d07282a43c25331,pegasus-kickstart,0.0
8d0e3b086ed6d21d,pegasus-kickstart,0.0
8d218bf39287f687,pegasus-kickstart,0.0
8d37565aa6b5e090,pegasus-kickstart,0.0
8d489c60cd1d3ffe,pegasus-kickstart,0.0
8d4e1f4491ec3d9c,pegasus-kickstart,0.0
8d6299a5af50b158,pegasus-kickstart,0.0
8da60d53654ef13e,pegasus-kickstart,0.0
8dab162170313aa9,pegasus-kickstart,0.0
8db802477c568502,pegasus-kickstart,0.0
8dd035a23f20f196,pegasus-kickstart,0.0
8dd218c945d319a5,pegasus-kickstart,0.0
8dee191ef411d9c5,pegasus-kickstart,0.0
8df19eae31b57a59,pegasus-kickstart,0.0
8e1799a9b3e03180,pegasus-kickstart,0.0
8e281072d30e8ca7,pegasus-kickstart,0.0
8e3113e4ff54caf8,pegasus-kickstart,0.0
8e312c07b1b83819,pegasus-kickstart,0.0
8e7053c58d1b709d,pegasus-kickstart,0.0
8e79ef3487484ede,pegasus-kickstart,0.0
8e7a8d4c2448692a,pegasus-kickstart,0.0
8e7bc27185fbc445,pegasus-kickstart,0.0
8e7f5ae7478bb49b,pegasus-kickstart,0.0
8ea224152780354d,pegasus-kickstart,0.0
8ebcfb0784ab1717,pegasus-kickstart,0.0
8ed34733a749e670,pegasus-kickstart,0.0
8eea6230dd79cebf,pegasus-kickstart,0.0
8ef18fdb7a78c0b5,pegasus-kickstart,0.0
8f16159e90b4a275,pegasus-kickstart,0.0
8f228f73fcc3307d,pegasus-kickstart,0.0
8f2d2039111bb110,pegasus-kickstart,0.0
8f302e91e4172734,pegasus-kickstart,0.0
8f485dd98ce681d0,pegasus-kickstart,0.0
8f4896d53a09cc56,pegasus-kickstart,0.0
8f495b98ff1f802b,pegasus-kickstart,0.0
8f60f62c2adfe73c,pegasus-kickstart,0.0
8f6774e7d5390f48,pegasus-kickstart,0.0
8f6964322809a5b6,pegasus-kickstart,0.0
8faec8e1b490aec9,pegasus-kickstart,0.0
8fceffa9a2250cb0,pegasus-kickstart,0.0
8fd20af90baf9b54,pegasus-kickstart,0.0
8ff0d53e70b6bd0d,pegasus-kickstart,0.0
9002e6519a86d69a,pegasus-kickstart,0.0
900b49b036feed33,pegasus-kickstart,0.0
902df20c3f57190b,pegasus-kickstart,0.0
903a084c4155dc4c,pegasus-kickstart,0.0
908ef95c1cf59185,pegasus-kickstart,0.0
909f379e8e075815,pegasus-kickstart,0.0
90a47d021cc66e81,pegasus-kickstart,0.0
9124f081ae01ed76,pegasus-kickstart,0.0
913da594d3d4bdf6,pegasus-kickstart,0.0
913db9efa81c682d,pegasus-kickstart,0.0
915a8552243e9929,pegasus-kickstart,0.0
9167bf1037469f53,pegasus-kickstart,0.0
919131a303da29e5,pegasus-kickstart,0.0
91b0beecb39f0d06,pegasus-kickstart,0.0
91c663161bbd208c,pegasus-kickstart,0.0
91cfbb7ee293961d,pegasus-kickstart,0.0
91d7408f6d36c425,pegasus-kickstart,0.0
91dbc5aaa04a7b27,pegasus-kickstart,0.0
91e49cc0fb3f4aca,pegasus-kickstart,0.0
91ebd58274d04bdd,pegasus-kickstart,0.0
91f0e65bded4c1d2,pegasus-kickstart,0.0
91f938a8a4ea0bfc,pegasus-kickstart,0.0
9215b2f104baede5,pegasus-kickstart,0.0
92172f797f278f0b,pegasus-kickstart,0.0
921c7a2ce10dda55,pegasus-kickstart,0.0
9235e7c98d544233,pegasus-kickstart,0.0
923d6f4d8eaa7d38,pegasus-kickstart,0.0
924e01bc385bab2d,pegasus-kickstart,0.0
926d97f4dd26977a,pegasus-kickstart,0.0
928e466ab6cdb667,pegasus-kickstart,0.0
92a8787217d00bbf,pegasus-kickstart,0.0
92b01935284f80ae,pegasus-kickstart,0.0
92be64b8d295045b,pegasus-kickstart,0.0
92cb4ee2d503a419,pegasus-kickstart,0.0
92cf170065b61b47,pegasus-kickstart,0.0
92e71c881eaa2c14,pegasus-kickstart,0.0
92fe3d41e25e0447,pegasus-kickstart,0.0
93058bf42e58d6aa,pegasus-kickstart,0.0
930d37595736bbcf,pegasus-kickstart,0.0
931276be60893b4d,pegasus-kickstart,0.0
9347907e59a3c1a5,pegasus-kickstart,0.0
93664c330f89db06,pegasus-kickstart,0.0
9386d34196b2a6cf,pegasus-kickstart,0.0
93a30abf828970b7,pegasus-kickstart,0.0
93d25d87c8c8a66b,pegasus-kickstart,0.0
93d3662def412462,pegasus-kickstart,0.0
93e22732f77d6698,pegasus-kickstart,0.0
93f7c39bb102d812,pegasus-kickstart,0.0
941b5c8f55bb8895,pegasus-kickstart,0.0
942180176b4a18cf,pegasus-kickstart,0.0
942e3ee2d66ac56c,pegasus-kickstart,0.0
94342e2616979eb7,pegasus-kickstart,0.0
94368f46142b41ae,pegasus-kickstart,0.0
943deab6b577ebac,pegasus-kickstart,0.0
943fa4244f08a56e,pegasus-kickstart,0.0
94a5920bc539e38f,pegasus-kickstart,0.0
94a8980001ceac94,pegasus-kickstart,0.0
94baf6a12a66d6e8,pegasus-kickstart,0.0
94d0e9026d88b8ed,pegasus-kickstart,0.0
952178a686e1e008,pegasus-kickstart,0.0
9521d59cae609fe7,pegasus-kickstart,0.0
9536638549429f32,pegasus-kickstart,0.0
953b8d0bfef65e3c,pegasus-kickstart,0.0
95433b85fbc35c85,pegasus-kickstart,0.0
9544d3f2f67b6f10,pegasus-kickstart,0.0
954c570fc4e6e119,pegasus-kickstart,0.0
957614fa347adcca,pegasus-kickstart,0.0
9594f2767fdf1cf8,pegasus-kickstart,0.0
95aadb3bc5a6eeea,pegasus-kickstart,0.0
95bee1c23d26f372,pegasus-kickstart,0.0
95bfe5e8cd7d6773,pegasus-kickstart,0.0
95f1de8bd47b0685,pegasus-kickstart,0.0
9613f30069ef85f3,pegasus-kickstart,0.0
961c6cf54ee2e31d,pegasus-kickstart,0.0
961f4575dd6bf10b,pegasus-kickstart,0.0
9636a6b52ec41f38,pegasus-kickstart,0.0
9639ffbd69eb9723,pegasus-kickstart,0.0
963d2d4db9137355,pegasus-kickstart,0.0
963f0821d3aeccd1,pegasus-kickstart,0.0
96435288ff34af61,pegasus-kickstart,0.0
96517df5a9a230da,pegasus-kickstart,0.0
966d08405fafcb8a,pegasus-kickstart,0.0
9672110688a392c1,pegasus-kickstart,0.0
968cafb570c5a5e6,pegasus-kickstart,0.0
96a7a012f30b80e3,pegasus-kickstart,0.0
96bd3401405eca31,pegasus-kickstart,0.0
96dc325ca621e9d7,pegasus-kickstart,0.0
96ec64d38c5c6a36,pegasus-kickstart,0.0
97024978fcc15bc3,pegasus-kickstart,0.0
9718a99e45e76dbf,pegasus-kickstart,0.0
973235bc588f868f,pegasus-kickstart,0.0
97387ddee61d1cb5,pegasus-kickstart,0.0
9740f1ad7256669a,pegasus-kickstart,0.0
9750435ece30f97a,pegasus-kickstart,0.0
975cc0808ae59e91,pegasus-kickstart,0.0
97713de896ea778f,pegasus-kickstart,0.0
97826cc8e6dbd10c,pegasus-kickstart,0.0
9794e407c2a4aac3,pegasus-kickstart,0.0
97a4828f45604b33,pegasus-kickstart,0.0
97b716172383aa1a,pegasus-kickstart,0.0
97c3e5ec37dbe173,pegasus-kickstart,0.0
97c5ef416bf025b9,pegasus-kickstart,0.0
97cd441c7f4d69b6,pegasus-kickstart,0.0
97d3d17121588c20,pegasus-kickstart,0.0
97d591430e2ef7b9,pegasus-kickstart,0.0
97ef28719aac08cc,pegasus-kickstart,0.0
984b32e7c770570d,pegasus-kickstart,0.0
986d44ea96d18285,pegasus-kickstart,0.0
98918511be0eced9,pegasus-kickstart,0.0
9894a6f7ce68fe4c,pegasus-kickstart,0.0
9896441d910380a2,pegasus-kickstart,0.0
98a20942eb4c5acd,pegasus-kickstart,0.0
98a6c2f47e84bb48,pegasus-kickstart,0.0
98bdd9cd0f94c995,pegasus-kickstart,0.0
98c79ae6bba33a40,pegasus-kickstart,0.0
98d614294803c6cb,pegasus-kickstart,0.0
98d9b65270d0beed,pegasus-kickstart,0.0
98e02f1bf98b851b,pegasus-kickstart,0.0
98e1b8d3ace021f9,pegasus-kickstart,0.0
98ed0c4647452b31,pegasus-kickstart,0.0
98ef55f055ceacc0,pegasus-kickstart,0.0
98fffb0581e0c423,pegasus-kickstart,0.0
990d9fffa4b0ade2,pegasus-kickstart,0.0
990e059aa46eef28,pegasus-kickstart,0.0
991a7b76b92074c8,pegasus-kickstart,0.0
9933ab446e276b42,pegasus-kickstart,0.0
9941ddf7c736acbd,pegasus-kickstart,0.0
9943140218ff5654,pegasus-kickstart,0.0
99485aa91d818ca4,pegasus-kickstart,0.0
994a880214dddde3,pegasus-kickstart,0.0
99894e6720299e55,pegasus-kickstart,0.0
998c2ba95b274ccc,pegasus-kickstart,0.0
99989ee3b7292274,pegasus-kickstart,0.0
9998f69da25dd82f,pegasus-kickstart,0.0
99a1542f1c198512,pegasus-kickstart,0.0
99a838d1d3547e4a,pegasus-kickstart,0.0
99bb8a969f5f28cf,pegasus-kickstart,0.0
99e2fb595e290f47,pegasus-kickstart,0.0
99f2bc70aad39deb,pegasus-kickstart,0.0
99f81b13ed196c2f,pegasus-kickstart,0.0
9a03170c5d0e3864,pegasus-kickstart,0.0
9a0580ff99c427a0,pegasus-kickstart,0.0
9a0a778e89a69fd6,pegasus-kickstart,0.0
9a101780d8ef9207,pegasus-kickstart,0.0
9a3afd408073e795,pegasus-kickstart,0.0
9a41380ca18c2a58,pegasus-kickstart,0.0
9a6cb19ffb81901e,pegasus-kickstart,0.0
9a73517ba641a0ae,pegasus-kickstart,0.0
9a7ebb15dd9777b9,pegasus-kickstart,0.0
9a86546143530289,pegasus-kickstart,0.0
9aa680b7db5b9ae9,pegasus-kickstart,0.0
9aade5ee08c76221,pegasus-kickstart,0.0
9ab1cbcc4ab04258,pegasus-kickstart,0.0
9ab222db173f1332,pegasus-kickstart,0.0
9ab286483967ffd6,pegasus-kickstart,0.0
9abcf095f30fade5,pegasus-kickstart,0.0
9ac2b17963286545,pegasus-kickstart,0.0
9ac452abfbf1449d,pegasus-kickstart,0.0
9ae38c2cdafb4b16,pegasus-kickstart,0.0
9afa2a6f2e607cd0,pegasus-kickstart,0.0
9afb45d4ba6b6c35,pegasus-kickstart,0.0
9b0e1b310e66b378,pegasus-kickstart,0.0
9b1562b02a232e5d,pegasus-kickstart,0.0
9b2b6f6e55330a9d,pegasus-kickstart,0.0
9b526dcb88097d22,pegasus-kickstart,0.0
9b5eef857ca26fbf,pegasus-kickstart,0.0
9b61cbe361fb750d,pegasus-kickstart,0.0
9b744cb2ba2d17cc,pegasus-kickstart,0.0
9b7850c9f328ec63,pegasus-kickstart,0.0
9b8024f8a95590a6,pegasus-kickstart,0.0
9b8b2ebc3bed345c,pegasus-kickstart,0.0
9b945fdcd4f2ce4a,pegasus-kickstart,0.0
9b962744f2c12a66,pegasus-kickstart,0.0
9b9d65ebe0d40034,pegasus-kickstart,0.0
9bb29174c026f789,pegasus-kickstart,0.0
9bd9cff53507a31f,pegasus-kickstart,0.0
9beee650202f3676,pegasus-kickstart,0.0
9c01907e01fce8d1,pegasus-kickstart,0.0
9c18e3209e298ebc,pegasus-kickstart,0.0
9c4eea77301982d5,pegasus-kickstart,0.0
9c5374891ee10372,pegasus-kickstart,0.0
9c70976959e9f11a,pegasus-kickstart,0.0
9c7d5b5b585b9df6,pegasus-kickstart,0.0
9c81c15c637cff0e,pegasus-kickstart,0.0
9c9db0c98b523cfe,pegasus-kickstart,0.0
9cbd8b10c66d7518,pegasus-kickstart,0.0
9cc5014194906728,pegasus-kickstart,0.0
9cde3d5e1b155f26,pegasus-kickstart,0.0
9ce6b578ea914275,pegasus-kickstart,0.0
9cf2d76427ac4ca8,pegasus-kickstart,0.0
9cf80b754b14031a,pegasus-kickstart,0.0
9cff3e5973023a4e,pegasus-kickstart,0.0
9d24c5450d300d18,pegasus-kickstart,0.0
9d5423b929b4fddc,pegasus-kickstart,0.0
9d6c9e7bb7452999,pegasus-kickstart,0.0
9d74245ccecf3fd8,pegasus-kickstart,0.0
9d82840ff8ce613d,pegasus-kickstart,0.0
9d84eb52207fe66e,pegasus-kickstart,0.0
9d9a8a92d65272c9,pegasus-kickstart,0.0
9d9f1f2b82878d53,pegasus-kickstart,0.0
9dc256a7737512f6,pegasus-kickstart,0.0
9dcee0a5b3d915ca,pegasus-kickstart,0.0
9df44068cd141a2c,pegasus-kickstart,0.0
9e01ff664e60808f,pegasus-kickstart,0.0
9e053bb2f0794197,pegasus-kickstart,0.0
9e081eecf1223e45,pegasus-kickstart,0.0
9e0ef8767143d1be,pegasus-kickstart,0.0
9e23df6a7227e5f4,pegasus-kickstart,0.0
9e305fbb9fdfc342,pegasus-kickstart,0.0
9e5aaa08830bfb49,pegasus-kickstart,0.0
9e68b1fb3e0c292d,pegasus-kickstart,0.0
9e908718632507e9,pegasus-kickstart,0.0
9ec274a6701e65b6,pegasus-kickstart,0.0
9eeddb05ef719ebb,pegasus-kickstart,0.0
9ef3a7bc77b511fd,pegasus-kickstart,0.0
9eff11ada6c144ec,pegasus-kickstart,0.0
9f0d50dc2308af2f,pegasus-kickstart,0.0
9f11387dd2eb3e18,pegasus-kickstart,0.0
9f1f8f06841cadc5,pegasus-kickstart,0.0
9f2aa094ca4fb393,pegasus-kickstart,0.0
9f3bda7e3455d6a8,pegasus-kickstart,0.0
9f3d9ad1c4290c16,pegasus-kickstart,0.0
9f4245f1a85897d7,pegasus-kickstart,0.0
9f542b672e7be384,pegasus-kickstart,0.0
9f58a8d49d61fc5b,pegasus-kickstart,0.0
9f61cf74e4095354,pegasus-kickstart,0.0
9f695efc27312605,pegasus-kickstart,0.0
9f709a37dd49d641,pegasus-kickstart,0.0
9f87f13f1ada1621,pegasus-kickstart,0.0
9f99de2150f2d9d3,pegasus-kickstart,0.0
a013f3a8228a22e3,pegasus-kickstart,0.0
a017658437ab0611,pegasus-kickstart,0.0
a018bae5befd8a82,pegasus-kickstart,0.0
a027f1e35750d0c4,pegasus-kickstart,0.0
a029892ffe83db48,pegasus-kickstart,0.0
a029d31941a8dc10,pegasus-kickstart,0.0
a02e452f50e15446,pegasus-kickstart,0.0
a04bfd75dc12364a,pegasus-kickstart,0.0
a0768ff51b0d8574,pegasus-kickstart,0.0
a08a9e96db6bd3d1,pegasus-kickstart,0.0
a0c2ebccd390d79a,pegasus-kickstart,0.0
a0f14a54b27169c4,pegasus-kickstart,0.0
a12a857f38c4b98b,pegasus-kickstart,0.0
a16f91f2867f3f9c,pegasus-kickstart,0.0
a180fae4113cd8f6,pegasus-kickstart,0.0
a1829404b308b684,pegasus-kickstart,0.0
a188924f2cbfd917,pegasus-kickstart,0.0
a1cde1e1151675b6,pegasus-kickstart,0.0
a1d75e4ad6b39cb6,pegasus-kickstart,0.0
a1da4f9f7e2aca37,pegasus-kickstart,0.0
a1f0536df0342f4f,pegasus-kickstart,0.0
a1f143efa2866694,pegasus-kickstart,0.0
a1f1a4b940173deb,pegasus-kickstart,0.0
a203750353d81aff,pegasus-kickstart,0.0
a225d08d2d62d006,pegasus-kickstart,0.0
a232aecc143fcfc2,pegasus-kickstart,0.0
a2337780ad6d5a32,pegasus-kickstart,0.0
a265c8b1217cbace,pegasus-kickstart,0.0
a268fe26a008c9d7,pegasus-kickstart,0.0
a271372cb0a79138,pegasus-kickstart,0.0
a284d9f31989a183,pegasus-kickstart,0.0
a29c20f148f573aa,pegasus-kickstart,0.0
a2ab78b78d5e670d,pegasus-kickstart,0.0
a2ae8d3d3b87f550,pegasus-kickstart,0.0
a2c1eb3ef72f22f0,pegasus-kickstart,0.0
a2d2eb34ce456bf1,pegasus-kickstart,0.0
a2d897e64fab925d,pegasus-kickstart,0.0
a2e638d8683440fe,pegasus-kickstart,0.0
a2f868c7cf3770d6,pegasus-kickstart,0.0
a2fd4d214bf7b4ab,pegasus-kickstart,0.0
a2fde64d5b91f5d4,pegasus-kickstart,0.0
a311f0c1f613a766,pegasus-kickstart,0.0
a32c7b56c33088c6,pegasus-kickstart,0.0
a342bcb17bdc54af,pegasus-kickstart,0.0
a344a6d01cbf7686,pegasus-kickstart,0.0
a365dd6737c06a5f,pegasus-kickstart,0.0
a3797aa2636632a3,pegasus-kickstart,0.0
a3940ca6b366736b,pegasus-kickstart,0.0
a3a844460848b3af,pegasus-kickstart,0.0
a3b94fcef32b3e8c,pegasus-kickstart,0.0
a3bd8bf1246fa145,pegasus-kickstart,0.0
a3ca0daaa1b8061d,pegasus-kickstart,0.0
a3ce3262126e9ee6,pegasus-kickstart,0.0
a404a73efe8a8152,pegasus-kickstart,0.0
a405f2bca2ef7491,pegasus-kickstart,0.0
a4079ed2c15cdb61,pegasus-kickstart,0.0
a4206a54ebe9a743,pegasus-kickstart,0.0
a421ac347f84a35d,pegasus-kickstart,0.0
a423efd603094b8c,pegasus-kickstart,0.0
a42e679a134cc022,pegasus-kickstart,0.0
a4391b199e6dc40f,pegasus-kickstart,0.0
a43fe8755b208b18,pegasus-kickstart,0.0
a44d9675a8f16507,pegasus-kickstart,0.0
a451fe146c137f6a,pegasus-kickstart,0.0
a47b16a7e497e647,pegasus-kickstart,0.0
a49c4e0ea5e277bc,pegasus-kickstart,0.0
a4b007e698361707,pegasus-kickstart,0.0
a4b060849c8948e6,pegasus-kickstart,0.0
a4b319787988a3e6,pegasus-kickstart,0.0
a4e6f45cfead7577,pegasus-kickstart,0.0
a4e9b46cac3f5027,pegasus-kickstart,0.0
a50f6b2c69bf9eae,pegasus-kickstart,0.0
a524c855664ad7c5,pegasus-kickstart,0.0
a52dead7f5751937,pegasus-kickstart,0.0
a5393a9b2546adfb,pegasus-kickstart,0.0
a53cdfe179a97a03,pegasus-kickstart,0.0
a558ca6f720f0cb2,pegasus-kickstart,0.0
a57620aba6b40343,pegasus-kickstart,0.0
a576eeeafe440d74,pegasus-kickstart,0.0
a578742eab2946b0,pegasus-kickstart,0.0
a5906c7623ec12a2,pegasus-kickstart,0.0
a5d295f5c9ed2062,pegasus-kickstart,0.0
a5dc68dfb20bf5c6,pegasus-kickstart,0.0
a5e2431d6dd07df0,pegasus-kickstart,0.0
a5eff1df080676d1,pegasus-kickstart,0.0
a628a712391abfa7,pegasus-kickstart,0.0
a639b5fe479d8bba,pegasus-kickstart,0.0
a64e9e822dd61896,pegasus-kickstart,0.0
a662acee02c65633,pegasus-kickstart,0.0
a68e36ab7cc5cf85,pegasus-kickstart,0.0
a69d5e129cc38e1a,pegasus-kickstart,0.0
a69dab239059ad22,pegasus-kickstart,0.0
a6a7d4d6327421aa,pegasus-kickstart,0.0
a6b21952776a4315,pegasus-kickstart,0.0
a6cfca3cfa13b52f,pegasus-kickstart,0.0
a6f4da5387261506,pegasus-kickstart,0.0
a6ff5ae55e2ca4d5,pegasus-kickstart,0.0
a716507039566dd9,pegasus-kickstart,0.0
a753c9551f274318,pegasus-kickstart,0.0
a7594ac23cf72dbf,pegasus-kickstart,0.0
a7653a6dd214334e,pegasus-kickstart,0.0
a793659b068064d2,pegasus-kickstart,0.0
a7a5f2f744a63e59,pegasus-kickstart,0.0
a7acba2fbde3e692,pegasus-kickstart,0.0
a7b779651fcec696,pegasus-kickstart,0.0
a7ca5fe4d8bdd5a4,pegasus-kickstart,0.0
a7d603e1bc04c843,pegasus-kickstart,0.0
a7ddc8f1d64d791c,pegasus-kickstart,0.0
a7de46ff4005c438,pegasus-kickstart,0.0
a80a9e219f83969f,pegasus-kickstart,0.0
a80ea160baa9376d,pegasus-kickstart,0.0
a815c5abc066c2e0,pegasus-kickstart,0.0
a828b3f08487ba8a,pegasus-kickstart,0.0
a84dbd233f18c400,pegasus-kickstart,0.0
a8629041deaf4b3a,pegasus-kickstart,0.0
a876a20ba3cc6e04,pegasus-kickstart,0.0
a87a020c30fd936f,pegasus-kickstart,0.0
a88d878ab31e9de3,pegasus-kickstart,0.0
a8a88f6ad70fc376,pegasus-kickstart,0.0
a8db659c7e7faf92,pegasus-kickstart,0.0
a8dd8dc96fdb1445,pegasus-kickstart,0.0
a8f66f8684bf269f,pegasus-kickstart,0.0
a8fbb5e3c5400c9b,pegasus-kickstart,0.0
a8feeef49f6dec22,pegasus-kickstart,0.0
a90619f131a9c8be,pegasus-kickstart,0.0
a90d0f25bd096239,pegasus-kickstart,0.0
a90ddbeb09d50e1a,pegasus-kickstart,0.0
a91e205c3a2e8a2b,pegasus-kickstart,0.0
a91f08490b8dfd99,pegasus-kickstart,0.0
a93a20974a3fcd4c,pegasus-kickstart,0.0
a9464aa381cf7fd7,pegasus-kickstart,0.0
a9469023563d8a4c,pegasus-kickstart,0.0
a95d048b782853de,pegasus-kickstart,0.0
a9627f7c6d091287,pegasus-kickstart,0.0
a976e56a60eca8c3,pegasus-kickstart,0.0
a97e1e558c30d7fa,pegasus-kickstart,0.0
a9ab2f21682329ed,pegasus-kickstart,0.0
a9b5c2c930b5a262,pegasus-kickstart,0.0
a9bd40d6f8f14ef1,pegasus-kickstart,0.0
a9c893018a46ce65,pegasus-kickstart,0.0
a9ca75285e3461e1,pegasus-kickstart,0.0
a9ef879b278ce02b,pegasus-kickstart,0.0
aa0f4e5c6a8e8303,pegasus-kickstart,0.0
aa14c03ed13662b5,pegasus-kickstart,0.0
aa2d501b1743e647,pegasus-kickstart,0.0
aa389e3d38827549,pegasus-kickstart,0.0
aa4776a0589d5739,pegasus-kickstart,0.0
aa507774da34c40c,pegasus-kickstart,0.0
aa9f4e051d7a68c6,pegasus-kickstart,0.0
aabdddea2250ead1,pegasus-kickstart,0.0
aac0de8f1f0d0113,pegasus-kickstart,0.0
aac3e14d50693f8c,pegasus-kickstart,0.0
aac5cae6e90fa3c6,pegasus-kickstart,0.0
aacd00565e6ae235,pegasus-kickstart,0.0
aae31b482497eb81,pegasus-kickstart,0.0
aaee65b461cf345c,pegasus-kickstart,0.0
aaeec5da5d52ba69,pegasus-kickstart,0.0
ab1060395571d1f0,pegasus-kickstart,0.0
ab1a31c0559a68e1,pegasus-kickstart,0.0
ab279ec5211c464d,pegasus-kickstart,0.0
ab33f332fdaba6e4,pegasus-kickstart,0.0
ab40954bfd1fd092,pegasus-kickstart,0.0
ab6832b2864ef509,pegasus-kickstart,0.0
ab6a505670306d27,pegasus-kickstart,0.0
ab76c98b77d944e6,pegasus-kickstart,0.0
ab7ed5ba28142904,pegasus-kickstart,0.0
ab92399ea5ee626b,pegasus-kickstart,0.0
aba2301ca3b83a00,pegasus-kickstart,0.0
abb626f68d3212e9,pegasus-kickstart,0.0
ac0a51934c495c69,pegasus-kickstart,0.0
ac418cab62c75057,pegasus-kickstart,0.0
ac457d3d1717a44f,pegasus-kickstart,0.0
ac491c77c2cbd573,pegasus-kickstart,0.0
ac496e8f3cf1c0d1,pegasus-kickstart,0.0
ac66842899aa5019,pegasus-kickstart,0.0
ac6d239cec308893,pegasus-kickstart,0.0
ac8ff201beb94062,pegasus-kickstart,0.0
ac9710e76c918b04,pegasus-kickstart,0.0
aca0001ac5e9107e,pegasus-kickstart,0.0
aca2075483500b8f,pegasus-kickstart,0.0
aca2b62cea80b118,pegasus-kickstart,0.0
acb5690d5c9fba04,pegasus-kickstart,0.0
acc02756057f76a0,pegasus-kickstart,0.0
acd27c579ba08682,pegasus-kickstart,0.0
ad1eb716e4ae06aa,pegasus-kickstart,0.0
ad36f825a84869ca,pegasus-kickstart,0.0
ad91030c86c48fd4,pegasus-kickstart,0.0
ad9a578ad42c9c08,pegasus-kickstart,0.0
adce25efc0cfff07,pegasus-kickstart,0.0
adea79f62c13cda6,pegasus-kickstart,0.0
ae0a16763031d358,pegasus-kickstart,0.0
ae0c6be28d0a9ef8,pegasus-kickstart,0.0
ae0cd21d932ccb69,pegasus-kickstart,0.0
ae1462d82e50d74f,pegasus-kickstart,0.0
ae2e0e9150041a80,pegasus-kickstart,0.0
ae5e8729501553ce,pegasus-kickstart,0.0
ae61ecdd025d581a,pegasus-kickstart,0.0
ae8b26164e63e72d,pegasus-kickstart,0.0
ae8e80fc503c53d6,pegasus-kickstart,0.0
ae99a71f55b4ca6e,pegasus-kickstart,0.0
aea54f821ce0ee06,pegasus-kickstart,0.0
aeb09f39fc0a9d8c,pegasus-kickstart,0.0
aeb54a4ad4782ff0,pegasus-kickstart,0.0
aed6d3993267ebe4,pegasus-kickstart,0.0
aedcde6bf7f6ca57,pegasus-kickstart,0.0
aeec18868244186e,pegasus-kickstart,0.0
af01a874ed65f561,pegasus-kickstart,0.0
af21bae4f25f31cb,pegasus-kickstart,0.0
af3190b1ac845f51,pegasus-kickstart,0.0
af469c9c39d9fcd7,pegasus-kickstart,0.0
af4b8289d5f45bc7,pegasus-kickstart,0.0
af54c1da25d13035,pegasus-kickstart,0.0
af5ca6d84adb4592,pegasus-kickstart,0.0
af6c5fce442bdc0b,pegasus-kickstart,0.0
af819760ddce84c9,pegasus-kickstart,0.0
af90c800a3568c5c,pegasus-kickstart,0.0
af9c00c90853e46c,pegasus-kickstart,0.0
afb1eda5149f6c74,pegasus-kickstart,0.0
afd22381258fcb8e,pegasus-kickstart,0.0
afd8cc714704355a,pegasus-kickstart,0.0
afdacb26e5ed782a,pegasus-kickstart,0.0
afde587d963e9797,pegasus-kickstart,0.0
afe2e63a5705c42f,pegasus-kickstart,0.0
afefe98069e4fe43,pegasus-kickstart,0.0
aff8442e004bafa8,pegasus-kickstart,0.0
b00acb4038bc3184,pegasus-kickstart,0.0
b011f71ad65d72b3,pegasus-kickstart,0.0
b014fc4be437e46a,pegasus-kickstart,0.0
b01ffef77fb5cbc4,pegasus-kickstart,0.0
b02e7b88599449e4,pegasus-kickstart,0.0
b0349c03583b9707,pegasus-kickstart,0.0
b037e3648e19c455,pegasus-kickstart,0.0
b0616cfca48c6808,pegasus-kickstart,0.0
b06822def458c86a,pegasus-kickstart,0.0
b089816e76da9594,pegasus-kickstart,0.0
b08ede45fd1e14b0,pegasus-kickstart,0.0
b0985fe44320ad9d,pegasus-kickstart,0.0
b0cc5c38097e093d,pegasus-kickstart,0.0
b0e1b99d0886a6bb,pegasus-kickstart,0.0
b10bb7cec41e8a07,pegasus-kickstart,0.0
b10eae06f01ba51e,pegasus-kickstart,0.0
b115707dce58b887,pegasus-kickstart,0.0
b13b3656b0274d08,pegasus-kickstart,0.0
b14378a638b4c414,pegasus-kickstart,0.0
b148033aab83a09c,pegasus-kickstart,0.0
b16772ea4add1bb9,pegasus-kickstart,0.0
b173d74c67ff820d,pegasus-kickstart,0.0
b179d701eb005c4c,pegasus-kickstart,0.0
b19170492ad2ab15,pegasus-kickstart,0.0
b19bbede1f1adf1f,pegasus-kickstart,0.0
b1a75b162c696550,pegasus-kickstart,0.0
b1b54e4f97ffdd0a,pegasus-kickstart,0.0
b1be368521af9040,pegasus-kickstart,0.0
b1befbecd0198c57,pegasus-kickstart,0.0
b1d6ada6b911dbee,pegasus-kickstart,0.0
b1efe571c659d1c9,pegasus-kickstart,0.0
b1f181fc5635963d,pegasus-kickstart,0.0
b20b52f2e447dacb,pegasus-kickstart,0.0
b21d16a1a2c8d539,pegasus-kickstart,0.0
b22883de7d642abf,pegasus-kickstart,0.0
b22fb5e6b02ddc6b,pegasus-kickstart,0.0
b242aef72f2d2335,pegasus-kickstart,0.0
b248502c9b71bc1a,pegasus-kickstart,0.0
b25f29ff3b3d2b6b,pegasus-kickstart,0.0
b297ff657a307be6,pegasus-kickstart,0.0
b29cc0af41478fa1,pegasus-kickstart,0.0
b2ac0e8f3e5d8e12,pegasus-kickstart,0.0
b2ffbfb6799d9ab1,pegasus-kickstart,0.0
b32753f0fbe869f7,pegasus-kickstart,0.0
b349e68d617afc9f,pegasus-kickstart,0.0
b361cd07da58a24d,pegasus-kickstart,0.0
b37abc940037e44a,pegasus-kickstart,0.0
b38cc44aecb2eacb,pegasus-kickstart,0.0
b3b370c4e287a290,pegasus-kickstart,0.0
b3d0aca5cd6ba60f,pegasus-kickstart,0.0
b3ddfeded64a2e70,pegasus-kickstart,0.0
b3e1bf9bdaf958d5,pegasus-kickstart,0.0
b3e8161bd9402425,pegasus-kickstart,0.0
b3f5881fb38d78f0,pegasus-kickstart,0.0
b3f5f69bea1e50d7,pegasus-kickstart,0.0
b3f67e737e1a0ebb,pegasus-kickstart,0.0
b425b309342d9994,pegasus-kickstart,0.0
b43171677697125f,pegasus-kickstart,0.0
b438cc098b92823d,pegasus-kickstart,0.0
b475a270828d2e17,pegasus-kickstart,0.0
b496de6fd16ca691,pegasus-kickstart,0.0
b4a5c9949363db3b,pegasus-kickstart,0.0
b4bfdf0ab5ead46a,pegasus-kickstart,0.0
b4c354ca487a7962,pegasus-kickstart,0.0
b4c40034db07ea38,pegasus-kickstart,0.0
b520118a0db09b4b,pegasus-kickstart,0.0
b521751b608f3d4b,pegasus-kickstart,0.0
b5290b3285bb6c47,pegasus-kickstart,0.0
b54509162137a883,pegasus-kickstart,0.0
b54efe9c278e7c40,pegasus-kickstart,0.0
b563637db4a36199,pegasus-kickstart,0.0
b5691df897b76fa4,pegasus-kickstart,0.0
b56b4be2b83352eb,pegasus-kickstart,0.0
b582597d8c4780da,pegasus-kickstart,0.0
b59d0b1c183a67a7,pegasus-kickstart,0.0
b5c4a47dc7c4eab3,pegasus-kickstart,0.0
b5ed33026caf1288,pegasus-kickstart,0.0
b5fbfb72e64bfdbe,pegasus-kickstart,0.0
b624b459cff81af9,pegasus-kickstart,0.0
b62dbc1638402328,pegasus-kickstart,0.0
b62ddaae11f00df1,pegasus-kickstart,0.0
b631189b3615be0b,pegasus-kickstart,0.0
b6316d6d262c634e,pegasus-kickstart,0.0
b632a3455529a931,pegasus-kickstart,0.0
b63c94cdb4380fef,pegasus-kickstart,0.0
b66510aa6eb42819,pegasus-kickstart,0.0
b6b5626af4f35352,pegasus-kickstart,0.0
b6b59681d9ba298d,pegasus-kickstart,0.0
b6be460c852b2980,pegasus-kickstart,0.0
b6cf069e7ff411bc,pegasus-kickstart,0.0
b6d938a3aa3d2532,pegasus-kickstart,0.0
b70c7622e81c3fe1,pegasus-kickstart,0.0
b70d29e92d557478,pegasus-kickstart,0.0
b7113daec33ffb28,pegasus-kickstart,0.0
b7138265751e78c3,pegasus-kickstart,0.0
b71d90c4a634c806,pegasus-kickstart,0.0
b727323edcbd583e,pegasus-kickstart,0.0
b7285c397962e08c,pegasus-kickstart,0.0
b72f33c3d914fef3,pegasus-kickstart,0.0
b7394f5eaa7cfc76,pegasus-kickstart,0.0
b73cd089ac84bedd,pegasus-kickstart,0.0
b73e7b369c61f2d4,pegasus-kickstart,0.0
b7542831e7002192,pegasus-kickstart,0.0
b75c92c0234c5cc3,pegasus-kickstart,0.0
b766bf4233f7def3,pegasus-kickstart,0.0
b7777fe8baa47239,pegasus-kickstart,0.0
b77c0810323b1047,pegasus-kickstart,0.0
b78b7a6cb1bbba56,pegasus-kickstart,0.0
b78d98124645a9b7,pegasus-kickstart,0.0
b79c0c92e5ac050a,pegasus-kickstart,0.0
b7a22c6b1bad3180,pegasus-kickstart,0.0
b7d3135ddb994f11,pegasus-kickstart,0.0
b7e5b1d509ee4225,pegasus-kickstart,0.0
b7eb42e67851b669,pegasus-kickstart,0.0
b8163511a3867dbc,pegasus-kickstart,0.0
b82c8d8a1e5ed81e,pegasus-kickstart,0.0
b836b00bef6fc55c,pegasus-kickstart,0.0
b842fae31ea78978,pegasus-kickstart,0.0
b848f50adfc5d456,pegasus-kickstart,0.0
b86828c573138ea7,pegasus-kickstart,0.0
b87c43da263c1526,pegasus-kickstart,0.0
b88c5e2a0f176ad5,pegasus-kickstart,0.0
b8da7c4024b52f66,pegasus-kickstart,0.0
b8e71886308f9861,pegasus-kickstart,0.0
b8f93c5338f9c1ce,pegasus-kickstart,0.0
b907acff7bd2999c,pegasus-kickstart,0.0
b925e0abe5eb94e7,pegasus-kickstart,0.0
b92fb816a0037d3e,pegasus-kickstart,0.0
b9390fac85070679,pegasus-kickstart,0.0
b93a4af5a7a0f289,pegasus-kickstart,0.0
b93b5c2a54289318,pegasus-kickstart,0.0
b94e4090f663a5af,pegasus-kickstart,0.0
b966097a1ca8ced4,pegasus-kickstart,0.0
b9760473b316cfd1,pegasus-kickstart,0.0
b97701bf4b95d6da,pegasus-kickstart,0.0
b988906157a29510,pegasus-kickstart,0.0
b98d17d78e94082d,pegasus-kickstart,0.0
b99cb76e4f004d96,pegasus-kickstart,0.0
b9a0e2513045f281,pegasus-kickstart,0.0
b9c2f649e73f4a75,pegasus-kickstart,0.0
b9c7f8ea0de8d180,pegasus-kickstart,0.0
b9e51b3449c6d475,pegasus-kickstart,0.0
b9f135d6c3250297,pegasus-kickstart,0.0
ba0255418737f0bf,pegasus-kickstart,0.0
ba18596f2079b4d8,pegasus-kickstart,0.0
ba1c4a8b1add8dae,pegasus-kickstart,0.0
baa49c5fbd37be0b,pegasus-kickstart,0.0
baa7852e05c4dfab,pegasus-kickstart,0.0
baad00522e01b524,pegasus-kickstart,0.0
bab29c9deef65275,pegasus-kickstart,0.0
bac10782e08fac65,pegasus-kickstart,0.0
bacb6bccd03ac429,pegasus-kickstart,0.0
bae18823f19c209c,pegasus-kickstart,0.0
bb04361b9d39c5d6,pegasus-kickstart,0.0
bb29018f878f3d7c,pegasus-kickstart,0.0
bb373dbc9768be9d,pegasus-kickstart,0.0
bb50c7767fdc8aeb,pegasus-kickstart,0.0
bb6470d27f5056be,pegasus-kickstart,0.0
bb851ed0f323c961,pegasus-kickstart,0.0
bb8912f53d3591b8,pegasus-kickstart,0.0
bb95055124c2edfe,pegasus-kickstart,0.0
bbae7099f22cd75c,pegasus-kickstart,0.0
bbdd48afc45bb9a1,pegasus-kickstart,0.0
bbf3c5e655a23e44,pegasus-kickstart,0.0
bc01b3acf8ab4312,pegasus-kickstart,0.0
bc0a0039e12de917,pegasus-kickstart,0.0
bc101abcd373adc8,pegasus-kickstart,0.0
bc118a79f7ff6ebc,pegasus-kickstart,0.0
bc2599b0b34a7323,pegasus-kickstart,0.0
bc4d7355f65b064a,pegasus-kickstart,0.0
bc69123ddd3a35b1,pegasus-kickstart,0.0
bc70f47b4e7f2667,pegasus-kickstart,0.0
bc7d64dcd870e458,pegasus-kickstart,0.0
bc86a3a720d8daf0,pegasus-kickstart,0.0
bc884f4635851bc3,pegasus-kickstart,0.0
bc98b2962e492797,pegasus-kickstart,0.0
bc9bf44e96f0867a,pegasus-kickstart,0.0
bcacb8ed343d0e4f,pegasus-kickstart,0.0
bcb85160653317ab,pegasus-kickstart,0.0
bcba1d74c2cd5499,pegasus-kickstart,0.0
bcbc88ce5f4bb080,pegasus-kickstart,0.0
bce24cd815ba49f1,pegasus-kickstart,0.0
bcf62bdd0dd0045a,pegasus-kickstart,0.0
bd0dbc2ae1abd717,pegasus-kickstart,0.0
bd265c47cf6d0dec,pegasus-kickstart,0.0
bd299b9e8710ac23,pegasus-kickstart,0.0
bd39f2131a50aec3,pegasus-kickstart,0.0
bd3b83fde9cbe0b6,pegasus-kickstart,0.0
bd5578ee4bf12a1f,pegasus-kickstart,0.0
bd7b732638048391,pegasus-kickstart,0.0
bd854515b9e45c2f,pegasus-kickstart,0.0
bd9db7dc7b006f2b,pegasus-kickstart,0.0
bd9dcb4fe4014ffd,pegasus-kickstart,0.0
bda30f67575a9abe,pegasus-kickstart,0.0
bdbda59d728715d4,pegasus-kickstart,0.0
bddc1c380061ce1e,pegasus-kickstart,0.0
bddc5dad2c22c02c,pegasus-kickstart,0.0
be0f9f0f90269483,pegasus-kickstart,0.0
be17f0dae44fd465,pegasus-kickstart,0.0
be2c577f059dc3a4,pegasus-kickstart,0.0
be3b9eaf635edddb,pegasus-kickstart,0.0
be74052ee2d53d3a,pegasus-kickstart,0.0
be92bc71dc3bd1cf,pegasus-kickstart,0.0
be943adabb3eef28,pegasus-kickstart,0.0
bebf96fe56f66787,pegasus-kickstart,0.0
bee1c29d61990d21,pegasus-kickstart,0.0
bef2a6cd84a87b7e,pegasus-kickstart,0.0
bef886ce857e82c6,pegasus-kickstart,0.0
bf125851c6c7c842,pegasus-kickstart,0.0
bf15fff2694715f9,pegasus-kickstart,0.0
bf3cd8df06adf1c7,pegasus-kickstart,0.0
bf3d8fcbc770e8fe,pegasus-kickstart,0.0
bf4308e0e2e54d29,pegasus-kickstart,0.0
bf43a8ef0a668954,pegasus-kickstart,0.0
bf56a0ab3f5764fb,pegasus-kickstart,0.0
bf72bf4542e8cc28,pegasus-kickstart,0.0
bf8f8d72cc530446,pegasus-kickstart,0.0
bfa149a67ef5f757,pegasus-kickstart,0.0
bface919f44c80f7,pegasus-kickstart,0.0
bfb2f708bbe81f62,pegasus-kickstart,0.0
bfc55567b25521fe,pegasus-kickstart,0.0
bfee7315df48988b,pegasus-kickstart,0.0
c00e759fa6da9f35,pegasus-kickstart,0.0
c0267ef5092616a9,pegasus-kickstart,0.0
c02e06492d567544,pegasus-kickstart,0.0
c053dc126241055f,pegasus-kickstart,0.0
c074bf7f8d77fdf0,pegasus-kickstart,0.0
c079b1e7b496c88e,pegasus-kickstart,0.0
c07bb52167277208,pegasus-kickstart,0.0
c07e26a56a3141f4,pegasus-kickstart,0.0
c092c60ba3649055,pegasus-kickstart,0.0
c0b8463c95d27f28,pegasus-kickstart,0.0
c0bc7061fb45cb84,pegasus-kickstart,0.0
c0e1694e5428e2dd,pegasus-kickstart,0.0
c0e34a3658403119,pegasus-kickstart,0.0
c0e364ce4be1c0a3,pegasus-kickstart,0.0
c0f6e65c47b4c796,pegasus-kickstart,0.0
c0fbc43022c9b306,pegasus-kickstart,0.0
c149db7c7b09450f,pegasus-kickstart,0.0
c1609fb493dc43d7,pegasus-kickstart,0.0
c18dc9b0ca050244,pegasus-kickstart,0.0
c1ac6731d1381498,pegasus-kickstart,0.0
c1cace31c867c45a,pegasus-kickstart,0.0
c1de8a13c4bf9b07,pegasus-kickstart,0.0
c1ec2770081ee089,pegasus-kickstart,0.0
c1f2c92937a80b65,pegasus-kickstart,0.0
c1fcedcded4e2cd7,pegasus-kickstart,0.0
c2044d327f2e696d,pegasus-kickstart,0.0
c20a7bc6dce3db11,pegasus-kickstart,0.0
c215d2f605e39d38,pegasus-kickstart,0.0
c2375c405de88c72,pegasus-kickstart,0.0
c25795f2ccb774f6,pegasus-kickstart,0.0
c27a9f18748f1875,pegasus-kickstart,0.0
c2ada09e8c71d82a,pegasus-kickstart,0.0
c2bc7bf0ede2b6dc,pegasus-kickstart,0.0
c2dfb99cc79087c8,pegasus-kickstart,0.0
c2e056deb0db2329,pegasus-kickstart,0.0
c2fec83ccea95733,pegasus-kickstart,0.0
c2ff1d6e2cde29ba,pegasus-kickstart,0.0
c32268484059c60f,pegasus-kickstart,0.0
c32b580cfac3d1cd,pegasus-kickstart,0.0
c337e111e1575e35,pegasus-kickstart,0.0
c343c3a31177f17b,pegasus-kickstart,0.0
c35711f6909d00ce,pegasus-kickstart,0.0
c36557a8544ba44e,pegasus-kickstart,0.0
c36f20a97c46ce70,pegasus-kickstart,0.0
c3ccd6e1da5d3e44,pegasus-kickstart,0.0
c3e3681c14292177,pegasus-kickstart,0.0
c3ee892fbef33bf0,pegasus-kickstart,0.0
c3f0b6bce8cdddd4,pegasus-kickstart,0.0
c3f186fbf47219bb,pegasus-kickstart,0.0
c3f7298381c9937e,pegasus-kickstart,0.0
c410d8a70978578b,pegasus-kickstart,0.0
c415c37ffd5005d5,pegasus-kickstart,0.0
c419b328dc57d56f,pegasus-kickstart,0.0
c43373fd9ea8fdaf,pegasus-kickstart,0.0
c439318d2eea88d2,pegasus-kickstart,0.0
c453d6218835ad75,pegasus-kickstart,0.0
c4647f67c38ee955,pegasus-kickstart,0.0
c4769b520ab0d337,pegasus-kickstart,0.0
c486281cf2a4afa2,pegasus-kickstart,0.0
c486eae1fde41929,pegasus-kickstart,0.0
c4a7ee75db5b9423,pegasus-kickstart,0.0
c4a8f0c6f7f24fbb,pegasus-kickstart,0.0
c4ab27e95b0fa7fb,pegasus-kickstart,0.0
c4adfb697a4e015e,pegasus-kickstart,0.0
c4b88911d28cba22,pegasus-kickstart,0.0
c4f6fd4433b46b6c,pegasus-kickstart,0.0
c4fcdbcffb055c81,pegasus-kickstart,0.0
c502b831b3413315,pegasus-kickstart,0.0
c52923d74a9621d1,pegasus-kickstart,0.0
c52a9d3d70de0760,pegasus-kickstart,0.0
c5340d013d75ce28,pegasus-kickstart,0.0
c53ce4c3a7216dba,pegasus-kickstart,0.0
c550bdb180f10943,pegasus-kickstart,0.0
c556fda5bfa4d112,pegasus-kickstart,0.0
c55e40a3c6b0bca2,pegasus-kickstart,0.0
c57548195cbabd10,pegasus-kickstart,0.0
c57905a1381a487f,pegasus-kickstart,0.0
c58d00a542748f5f,pegasus-kickstart,0.0
c5a46ac43ac8f108,pegasus-kickstart,0.0
c5cf3af6a1602094,pegasus-kickstart,0.0
c5d25978187a74a9,pegasus-kickstart,0.0
c5db050e69bd4d18,pegasus-kickstart,0.0
c603c39c89f35cfa,pegasus-kickstart,0.0
c60b7b3b99af79d6,pegasus-kickstart,0.0
c6298efbc52dd19d,pegasus-kickstart,0.0
c635a1235add96ff,pegasus-kickstart,0.0
c64c8e34666e183a,pegasus-kickstart,0.0
c64f1083d0843489,pegasus-kickstart,0.0
c67807509159af03,pegasus-kickstart,0.0
c67f3a4f7e2111be,pegasus-kickstart,0.0
c687f09c019649a3,pegasus-kickstart,0.0
c68bf6074885b5a3,pegasus-kickstart,0.0
c68c1a70a9dda949,pegasus-kickstart,0.0
c6918fdb938c8c77,pegasus-kickstart,0.0
c69702fe393b1564,pegasus-kickstart,0.0
c698094daf874e18,pegasus-kickstart,0.0
c6dc117aa9ce5ee0,pegasus-kickstart,0.0
c71ab89fe9be63c5,pegasus-kickstart,0.0
c723516e370662a8,pegasus-kickstart,0.0
c726794cee6eb79d,pegasus-kickstart,0.0
c75b14a2facbab66,pegasus-kickstart,0.0
c77d23d69b5c67dc,pegasus-kickstart,0.0
c788b73b973ea428,pegasus-kickstart,0.0
c796a7a5b9b7ccb8,pegasus-kickstart,0.0
c7bd6db9f6029b33,pegasus-kickstart,0.0
c7d923c67eb689e2,pegasus-kickstart,0.0
c7eb2a2eb104c17a,pegasus-kickstart,0.0
c7f37ce3bc0bdf98,pegasus-kickstart,0.0
c7f687907b8f2888,pegasus-kickstart,0.0
c802e3ef7501151d,pegasus-kickstart,0.0
c814ab34044ebf2e,pegasus-kickstart,0.0
c8216b1f5ff0124a,pegasus-kickstart,0.0
c8226c9498cb0559,pegasus-kickstart,0.0
c82894ee43690ac5,pegasus-kickstart,0.0
c838dd7ad53825c1,pegasus-kickstart,0.0
c83e3f33b63065ca,pegasus-kickstart,0.0
c840c3f892d27b59,pegasus-kickstart,0.0
c85dc26e4d738637,pegasus-kickstart,0.0
c88383ae6247c02d,pegasus-kickstart,0.0
c888b3859a39814c,pegasus-kickstart,0.0
c88aefb55bc88cc0,pegasus-kickstart,0.0
c89c9f58134619f2,pegasus-kickstart,0.0
c8d45a3fe25b95fc,pegasus-kickstart,0.0
c8d98d277faf2181,pegasus-kickstart,0.0
c91dba8275337ea2,pegasus-kickstart,0.0
c9350b19c339dce6,pegasus-kickstart,0.0
c95c91de69197cc1,pegasus-kickstart,0.0
c95d9d110a194e02,pegasus-kickstart,0.0
c974d7cf48761782,pegasus-kickstart,0.0
c9792eae92654304,pegasus-kickstart,0.0
c98b0c7cbe5cc224,pegasus-kickstart,0.0
c991a7aa5f00b011,pegasus-kickstart,0.0
c9b8856b4fcfed5c,pegasus-kickstart,0.0
c9baf9eaf46dfbba,pegasus-kickstart,0.0
c9dc1b1768c917d6,pegasus-kickstart,0.0
c9e20df49e87269a,pegasus-kickstart,0.0
ca0f1d4465f8f342,pegasus-kickstart,0.0
ca2b0cc78edff32b,pegasus-kickstart,0.0
ca318a7d00998f81,pegasus-kickstart,0.0
ca31c6eab3703ff5,pegasus-kickstart,0.0
ca35ab200d93af50,pegasus-kickstart,0.0
ca38d92de9de0a72,pegasus-kickstart,0.0
ca4398614b7b9e0f,pegasus-kickstart,0.0
ca48c4052e1ac06a,pegasus-kickstart,0.0
ca5d5e6244f52bcd,pegasus-kickstart,0.0
ca5da93497c73b5e,pegasus-kickstart,0.0
ca640232e68dc34b,pegasus-kickstart,0.0
ca6a88f97affaccd,pegasus-kickstart,0.0
ca84bdefc53ccf84,pegasus-kickstart,0.0
ca8f73d68cdf3000,pegasus-kickstart,0.0
ca93d505f9086b89,pegasus-kickstart,0.0
ca9bf0496752300d,pegasus-kickstart,0.0
cab683298d730ac5,pegasus-kickstart,0.0
caba96bc94d5aa69,pegasus-kickstart,0.0
cac59ec216a90be4,pegasus-kickstart,0.0
cae2193bd62f0393,pegasus-kickstart,0.0
cb0ca9e6f630641f,pegasus-kickstart,0.0
cb1b842e3400179c,pegasus-kickstart,0.0
cb4ba5d07f1510cc,pegasus-kickstart,0.0
cb6f102603f8e51b,pegasus-kickstart,0.0
cb74dbf259de48db,pegasus-kickstart,0.0
cb8ad63faab50952,pegasus-kickstart,0.0
cb8bbbb52e5c420a,pegasus-kickstart,0.0
cba5459ce9b61ba4,pegasus-kickstart,0.0
cba7775d9a72f1eb,pegasus-kickstart,0.0
cbae927c62226cf6,pegasus-kickstart,0.0
cbf6bcbac9198a7b,pegasus-kickstart,0.0
cbf71b93dbfec504,pegasus-kickstart,0.0
cbfb9a46fa213938,pegasus-kickstart,0.0
cc0941d12b7edabd,pegasus-kickstart,0.0
cc0b7459da9e8be4,pegasus-kickstart,0.0
cc1895adcd4953d0,pegasus-kickstart,0.0
cc45ca19054ebbed,pegasus-kickstart,0.0
cc6006c204f34797,pegasus-kickstart,0.0
cc635d8a85bd52ed,pegasus-kickstart,0.0
cc9e4c1d48abaaa6,pegasus-kickstart,0.0
ccc360f0a0bee739,pegasus-kickstart,0.0
cccaffe50492308e,pegasus-kickstart,0.0
ccdba24de5e2e338,pegasus-kickstart,0.0
ccefd14e42a81783,pegasus-kickstart,0.0
ccf2d923a9a69151,pegasus-kickstart,0.0
ccff6214c37da5a2,pegasus-kickstart,0.0
cd0a7f23b72dbef5,pegasus-kickstart,0.0
cd0eb76394531999,pegasus-kickstart,0.0
cd6c694e1b1f5fff,pegasus-kickstart,0.0
cd70064be20551a8,pegasus-kickstart,0.0
cd77150a9e67441d,pegasus-kickstart,0.0
cd7914ef139f10e5,pegasus-kickstart,0.0
cd8f7fc0a940ee67,pegasus-kickstart,0.0
cdd3ce1095cbab82,pegasus-kickstart,0.0
cde20e275ed62605,pegasus-kickstart,0.0
ce02e35b54e76d59,pegasus-kickstart,0.0
ce13642dfad4aa60,pegasus-kickstart,0.0
ce2a9b24aa01e16c,pegasus-kickstart,0.0
ce2d26bc5374fd18,pegasus-kickstart,0.0
ce316ce11ba9f693,pegasus-kickstart,0.0
ce3309647e8aab8c,pegasus-kickstart,0.0
ce3ea515983197cb,pegasus-kickstart,0.0
ce5c3e7f53df6a67,pegasus-kickstart,0.0
ce60edce40f88044,pegasus-kickstart,0.0
ce65640fc4186b8b,pegasus-kickstart,0.0
ce65aa2b5aa2efa8,pegasus-kickstart,0.0
ce6d6080bd765969,pegasus-kickstart,0.0
ce7c4d5eb159abfc,pegasus-kickstart,0.0
ce970844bb1f5558,pegasus-kickstart,0.0
ce9e83ad615adc9a,pegasus-kickstart,0.0
cea6f705ce72e465,pegasus-kickstart,0.0
cea7318f7856593b,pegasus-kickstart,0.0
cebd5201c824d0d3,pegasus-kickstart,0.0
cef6d0c54eedc52f,pegasus-kickstart,0.0
cefaaa8d949cb20d,pegasus-kickstart,0.0
cf08a7bc75bfd35d,pegasus-kickstart,0.0
cf18467d8aeaf705,pegasus-kickstart,0.0
cf2b75f693a906a0,pegasus-kickstart,0.0
cf399c311f1d181b,pegasus-kickstart,0.0
cf5e28c35a189d9b,pegasus-kickstart,0.0
cf6386197c56d601,pegasus-kickstart,0.0
cf65668a89ec98e8,pegasus-kickstart,0.0
cf6ea84657d992a9,pegasus-kickstart,0.0
cf6f630ebae061cb,pegasus-kickstart,0.0
cf7b7f9fbaf05f3e,pegasus-kickstart,0.0
cf91d594d52bf5fb,pegasus-kickstart,0.0
cfa86b28b66d9846,pegasus-kickstart,0.0
cfb0435cc311d4c6,pegasus-kickstart,0.0
cfb4eebd64070287,pegasus-kickstart,0.0
cfb9981dc6cf899d,pegasus-kickstart,0.0
cfb9ab082b05850d,pegasus-kickstart,0.0
cfc274624bb106f8,pegasus-kickstart,0.0
cfc734c08816fd0b,pegasus-kickstart,0.0
cfd9b4834c031371,pegasus-kickstart,0.0
cfef6c732f147998,pegasus-kickstart,0.0
cfffd716d3c4e412,pegasus-kickstart,0.0
d010aa197c21ade7,pegasus-kickstart,0.0
d039a4b5e788b1ca,pegasus-kickstart,0.0
d03e91c04320ef40,pegasus-kickstart,0.0
d0402cd7172c79a5,pegasus-kickstart,0.0
d04953f6231da01c,pegasus-kickstart,0.0
d06992affb13d776,pegasus-kickstart,0.0
d06d4b8bf825be32,pegasus-kickstart,0.0
d083e720e7a9293f,pegasus-kickstart,0.0
d08636797e73f0bd,pegasus-kickstart,0.0
d08bc29b8e1cb14c,pegasus-kickstart,0.0
d0a8cdc424247784,pegasus-kickstart,0.0
d0a9db126f028d8f,pegasus-kickstart,0.0
d0cb7bf9c9a112fe,pegasus-kickstart,0.0
d0d3e55848066cf4,pegasus-kickstart,0.0
d0d4b939d3c2b732,pegasus-kickstart,0.0
d0f8d494456d110d,pegasus-kickstart,0.0
d100d1480f8c277e,pegasus-kickstart,0.0
d108b3be0abc4fec,pegasus-kickstart,0.0
d11088015556848d,pegasus-kickstart,0.0
d148110abf624a00,pegasus-kickstart,0.0
d14a244838cb6438,pegasus-kickstart,0.0
d15d48b62b731941,pegasus-kickstart,0.0
d16181b22a2bda0c,pegasus-kickstart,0.0
d180f83792007f58,pegasus-kickstart,0.0
d1c96df4358354b2,pegasus-kickstart,0.0
d1cf7a3ba1039caa,pegasus-kickstart,0.0
d1db8365a6068586,pegasus-kickstart,0.0
d1e6e20e3fe1d428,pegasus-kickstart,0.0
d1ea4f6b40e9293f,pegasus-kickstart,0.0
d1f3ba946304a91b,pegasus-kickstart,0.0
d208bde004107e43,pegasus-kickstart,0.0
d22e263454449a3a,pegasus-kickstart,0.0
d23d7e11d6aed273,pegasus-kickstart,0.0
d24f87f7ef4af4c7,pegasus-kickstart,0.0
d2527bf089c136d9,pegasus-kickstart,0.0
d25a0c2c6365e6c6,pegasus-kickstart,0.0
d25bf3ad4073cbb2,pegasus-kickstart,0.0
d27ba83467a67288,pegasus-kickstart,0.0
d27fc58a885701fc,pegasus-kickstart,0.0
d281474aa0025245,pegasus-kickstart,0.0
d282ebacb4a46afa,pegasus-kickstart,0.0
d299812b7213abc0,pegasus-kickstart,0.0
d29a964b9668234a,pegasus-kickstart,0.0
d2b246054428a353,pegasus-kickstart,0.0
d2be1fd490f7fc7d,pegasus-kickstart,0.0
d2c76d42699cefbd,pegasus-kickstart,0.0
d2ca486ce4139e4e,pegasus-kickstart,0.0
d2cb9afe76602d08,pegasus-kickstart,0.0
d2d3f9def3b5aa64,pegasus-kickstart,0.0
d2db23bf386602ff,pegasus-kickstart,0.0
d2e587bb6961862d,pegasus-kickstart,0.0
d2e5f792ea54a630,pegasus-kickstart,0.0
d2fb07ca42831907,pegasus-kickstart,0.0
d2fddfb1c27fd7c6,pegasus-kickstart,0.0
d30d3093fa81abc1,pegasus-kickstart,0.0
d3125ae45cda2203,pegasus-kickstart,0.0
d316fb365f75a6ca,pegasus-kickstart,0.0
d3300c196ef4b584,pegasus-kickstart,0.0
d333fe521ae0a1b9,pegasus-kickstart,0.0
d33da5e53b780472,pegasus-kickstart,0.0
d3420e66be4f3a25,pegasus-kickstart,0.0
d348d692ea15e03c,pegasus-kickstart,0.0
d34b656e376adae2,pegasus-kickstart,0.0
d34ce975c2600ab1,pegasus-kickstart,0.0
d36ea8e1c4efcdfd,pegasus-kickstart,0.0
d3747093c509918b,pegasus-kickstart,0.0
d374df010f4803eb,pegasus-kickstart,0.0
d3785b68f5f2fa3d,pegasus-kickstart,0.0
d38c585299965f1d,pegasus-kickstart,0.0
d396f508c09b8e3d,pegasus-kickstart,0.0
d3b291084eec86aa,pegasus-kickstart,0.0
d3c937ba5cd52409,pegasus-kickstart,0.0
d3d173479395ffd0,pegasus-kickstart,0.0
d3db248766f63788,pegasus-kickstart,0.0
d3fd3f988e2bcd38,pegasus-kickstart,0.0
d4087ba37fd75b8e,pegasus-kickstart,0.0
d413cf173e22fbcc,pegasus-kickstart,0.0
d414e03610aafba9,pegasus-kickstart,0.0
d4306b4bbe1c6c04,pegasus-kickstart,0.0
d445ac8c3251efa7,pegasus-kickstart,0.0
d452373309b351e8,pegasus-kickstart,0.0
d458285c094ed3ae,pegasus-kickstart,0.0
d45f06a4b5f61ee9,pegasus-kickstart,0.0
d46ecd90ea610f64,pegasus-kickstart,0.0
d4760f725f9b80c4,pegasus-kickstart,0.0
d48bc725d875dad1,pegasus-kickstart,0.0
d496a30cce441224,pegasus-kickstart,0.0
d498a807745da0ef,pegasus-kickstart,0.0
d49d6abe97fd2f85,pegasus-kickstart,0.0
d49e881c1fbaf5e7,pegasus-kickstart,0.0
d4acbab2f0ede27e,pegasus-kickstart,0.0
d4afdd9be2392d11,pegasus-kickstart,0.0
d4ba1cb529c18960,pegasus-kickstart,0.0
d4d7424b4941b916,pegasus-kickstart,0.0
d4e106a59deb03a5,pegasus-kickstart,0.0
d4e33daf6be07244,pegasus-kickstart,0.0
d4ed88a9cf607bc2,pegasus-kickstart,0.0
d4fb83add2cfd2d0,pegasus-kickstart,0.0
d5756691974ed2c3,pegasus-kickstart,0.0
d57bac177b510768,pegasus-kickstart,0.0
d5889bbedc6eb33b,pegasus-kickstart,0.0
d590bc95249ba0a5,pegasus-kickstart,0.0
d59298d2817ab525,pegasus-kickstart,0.0
d594b974c0d95aac,pegasus-kickstart,0.0
d5955074471f9eb7,pegasus-kickstart,0.0
d59676235e9103a5,pegasus-kickstart,0.0
d5a51d0af3054952,pegasus-kickstart,0.0
d5bb87b9aab207e7,pegasus-kickstart,0.0
d5db652b0190da7a,pegasus-kickstart,0.0
d5e60e8d1008b088,pegasus-kickstart,0.0
d5f5f2c9b6b1b1a3,pegasus-kickstart,0.0
d5feefcbdc3f0c5c,pegasus-kickstart,0.0
d6087c0dfb065f19,pegasus-kickstart,0.0
d61610cb68f5a28c,pegasus-kickstart,0.0
d62d8e20dff7cf6a,pegasus-kickstart,0.0
d63737f3bf3466f4,pegasus-kickstart,0.0
d640e78a6a23c969,pegasus-kickstart,0.0
d64bf4568c94ba71,pegasus-kickstart,0.0
d66f8fab311583c3,pegasus-kickstart,0.0
d67b6984665644c4,pegasus-kickstart,0.0
d6d4f1f7fc7a1cc4,pegasus-kickstart,0.0
d701b9578ada41a4,pegasus-kickstart,0.0
d729010cf74a36e7,pegasus-kickstart,0.0
d741c59928527b35,pegasus-kickstart,0.0
d7622ffb44743739,pegasus-kickstart,0.0
d77d1bb4162a8647,pegasus-kickstart,0.0
d79a35ffc84ea445,pegasus-kickstart,0.0
d7a54d173d8628c8,pegasus-kickstart,0.0
d7e2e3ba0660c98b,pegasus-kickstart,0.0
d7e3e2daf3e6e3fe,pegasus-kickstart,0.0
d7e80159833e2830,pegasus-kickstart,0.0
d7f7d97f92a3e29a,pegasus-kickstart,0.0
d7f8a5bcc4f2d60d,pegasus-kickstart,0.0
d801945bd971c4b6,pegasus-kickstart,0.0
d811e173c74c5a63,pegasus-kickstart,0.0
d81d576cdf079ac3,pegasus-kickstart,0.0
d826ff11d872cae8,pegasus-kickstart,0.0
d83b57e06f0a9a9a,pegasus-kickstart,0.0
d84413c1eebe3d4e,pegasus-kickstart,0.0
d86224417dd53577,pegasus-kickstart,0.0
d873d13b05c2c1f5,pegasus-kickstart,0.0
d87f7d89804f9857,pegasus-kickstart,0.0
d89611ff5426a414,pegasus-kickstart,0.0
d899af55bcbd0f40,pegasus-kickstart,0.0
d8accc6cd765e776,pegasus-kickstart,0.0
d8aed064bc36adfe,pegasus-kickstart,0.0
d8b17c4f6cc5d654,pegasus-kickstart,0.0
d8c3cd4f746f4763,pegasus-kickstart,0.0
d8de8b2169ca2430,pegasus-kickstart,0.0
d8e60bf99f90bc57,pegasus-kickstart,0.0
d8f9299eba16a228,pegasus-kickstart,0.0
d91e0cb620bc9d0e,pegasus-kickstart,0.0
d924766237ef2df9,pegasus-kickstart,0.0
d924a0073e68523a,pegasus-kickstart,0.0
d94cb450e0b3411e,pegasus-kickstart,0.0
d94d2986c940f145,pegasus-kickstart,0.0
d992b6630ff8f4c6,pegasus-kickstart,0.0
d9a3a2df3c350a87,pegasus-kickstart,0.0
d9adc02aee2bf206,pegasus-kickstart,0.0
d9c62b8cb4ba2d50,pegasus-kickstart,0.0
d9d9ca5fc0302978,pegasus-kickstart,0.0
d9dafbe69078ab6a,pegasus-kickstart,0.0
d9f5d6e68e10aafd,pegasus-kickstart,0.0
da291b6fcea23919,pegasus-kickstart,0.0
da3026be5ea80ffd,pegasus-kickstart,0.0
da33192bad09afec,pegasus-kickstart,0.0
da53052ab36355b4,pegasus-kickstart,0.0
da538b05880114ed,pegasus-kickstart,0.0
da5502e13e0b2fd3,pegasus-kickstart,0.0
da616ca8f44b618a,pegasus-kickstart,0.0
da634ca0f2baa213,pegasus-kickstart,0.0
da6f6b7f8339dd9c,pegasus-kickstart,0.0
da7f501ca02dce40,pegasus-kickstart,0.0
da854c606467a175,pegasus-kickstart,0.0
da8be54f69341aeb,pegasus-kickstart,0.0
da97d828ff39dee8,pegasus-kickstart,0.0
daaa12965510fdf6,pegasus-kickstart,0.0
dab25ede1b4bf2be,pegasus-kickstart,0.0
dad364350d0c6b23,pegasus-kickstart,0.0
dae860bfe31d39ef,pegasus-kickstart,0.0
daef4d09f561f8c5,pegasus-kickstart,0.0
db0b3d32d15280e7,pegasus-kickstart,0.0
db1a6da804a53492,pegasus-kickstart,0.0
db59d7cdf7da3f9a,pegasus-kickstart,0.0
db68dcb360ddefb5,pegasus-kickstart,0.0
db68f83aee09327f,pegasus-kickstart,0.0
db74b2b5c6769839,pegasus-kickstart,0.0
db901db966327e71,pegasus-kickstart,0.0
db9303b8c06d6ab9,pegasus-kickstart,0.0
dbcaf1b60114769e,pegasus-kickstart,0.0
dbd252df42d6984a,pegasus-kickstart,0.0
dbd96620b77a77b9,pegasus-kickstart,0.0
dbe59bc71a1e7721,pegasus-kickstart,0.0
dbf039e848c921e8,pegasus-kickstart,0.0
dbf94a8142c6a193,pegasus-kickstart,0.0
dc21b8c5f580a457,pegasus-kickstart,0.0
dc226c80f1564b0a,pegasus-kickstart,0.0
dc3d7a7ebbdf9a17,pegasus-kickstart,0.0
dc4c8ebff4b51e89,pegasus-kickstart,0.0
dc4e39520c43ba72,pegasus-kickstart,0.0
dc723ff36a259c31,pegasus-kickstart,0.0
dc906e7ca9ac3080,pegasus-kickstart,0.0
dc99a24728a8d0c7,pegasus-kickstart,0.0
dc9a0d1dfd614211,pegasus-kickstart,0.0
dcb8e33916558e11,pegasus-kickstart,0.0
dcc2d95412fabe40,pegasus-kickstart,0.0
dcd1cfe642455365,pegasus-kickstart,0.0
dcd494de74f65cc5,pegasus-kickstart,0.0
dce55493bbd57179,pegasus-kickstart,0.0
dce9e9177b2cc6f1,pegasus-kickstart,0.0
dd04411d865b4252,pegasus-kickstart,0.0
dd0495e1d908ce1d,pegasus-kickstart,0.0
dd148bd6f979b145,pegasus-kickstart,0.0
dd1a9080dbcecb11,pegasus-kickstart,0.0
dd2c2b51f821c158,pegasus-kickstart,0.0
dd3f817726a6c47e,pegasus-kickstart,0.0
dd4fc7902257b6e8,pegasus-kickstart,0.0
dd5bcac3e859a924,pegasus-kickstart,0.0
dd5e3d1f338b9dbc,pegasus-kickstart,0.0
dd7313535fe969b2,pegasus-kickstart,0.0
dd78ca21fed526f0,pegasus-kickstart,0.0
dd79866d66468627,pegasus-kickstart,0.0
dd89ddaa0c6ac191,pegasus-kickstart,0.0
dda717ac79ae3d6d,pegasus-kickstart,0.0
ddae30f44e2c1cbe,pegasus-kickstart,0.0
ddaebb9b28ad05c4,pegasus-kickstart,0.0
ddd2683543094532,pegasus-kickstart,0.0
dddccd2f28177791,pegasus-kickstart,0.0
dde15570c8f0bdfa,pegasus-kickstart,0.0
ddec6a43e2f0f2d5,pegasus-kickstart,0.0
de030fd136bf984a,pegasus-kickstart,0.0
de1f22a72883b1e6,pegasus-kickstart,0.0
de5acac03727fc8a,pegasus-kickstart,0.0
de9a766108e5add8,pegasus-kickstart,0.0
dea240b510bd3d9e,pegasus-kickstart,0.0
dee14264f8a1fa37,pegasus-kickstart,0.0
def48487b856af96,pegasus-kickstart,0.0
defa3c89b1be9021,pegasus-kickstart,0.0
df06ca961563075a,pegasus-kickstart,0.0
df60dbfc438ba004,pegasus-kickstart,0.0
df63cf52491cdf8a,pegasus-kickstart,0.0
df77d4e59069ddb9,pegasus-kickstart,0.0
df83088adc39e797,pegasus-kickstart,0.0
dfa4f93b982dbd0f,pegasus-kickstart,0.0
dfbff37327cd0cbe,pegasus-kickstart,0.0
dfc250448fd556d9,pegasus-kickstart,0.0
dfca21d44a8f1800,pegasus-kickstart,0.0
dfe78a14ec1ccb82,pegasus-kickstart,0.0
dff528a630c7282c,pegasus-kickstart,0.0
dff95064114f2aeb,pegasus-kickstart,0.0
e0083e3521957d91,pegasus-kickstart,0.0
e026809c4a4aaaa4,pegasus-kickstart,0.0
e02b92005b21ddcb,pegasus-kickstart,0.0
e04baabd10eee58b,pegasus-kickstart,0.0
e083453ef29a4816,pegasus-kickstart,0.0
e08b8625782996a4,pegasus-kickstart,0.0
e0adaf357fc3ad6b,pegasus-kickstart,0.0
e0caeaf260b0e9d8,pegasus-kickstart,0.0
e0caf5fc087871a7,pegasus-kickstart,0.0
e0e0483e5e8cb6e1,pegasus-kickstart,0.0
e0eed1580b12f885,pegasus-kickstart,0.0
e0f74d7977e4e495,pegasus-kickstart,0.0
e0ffae681c5792a9,pegasus-kickstart,0.0
e1303ad7e6bd6d91,pegasus-kickstart,0.0
e13e0b5a0d581bb6,pegasus-kickstart,0.0
e153ef52dda9288f,pegasus-kickstart,0.0
e16a4493a662a9d3,pegasus-kickstart,0.0
e183eb82d474cf41,pegasus-kickstart,0.0
e186c749d70e2468,pegasus-kickstart,0.0
e194822e9480cc80,pegasus-kickstart,0.0
e1b6440116e9801c,pegasus-kickstart,0.0
e1cbcebe09efc973,pegasus-kickstart,0.0
e1e2b8f35dc5a77b,pegasus-kickstart,0.0
e1fbbbace0a3fe21,pegasus-kickstart,0.0
e20fe3ea3fef245e,pegasus-kickstart,0.0
e21424cbb69b5bc0,pegasus-kickstart,0.0
e218bf8dbbb13ecf,pegasus-kickstart,0.0
e224bbb572021f80,pegasus-kickstart,0.0
e242c5c3952dc77b,pegasus-kickstart,0.0
e2462aeb3c131b26,pegasus-kickstart,0.0
e24b4600805fdf0f,pegasus-kickstart,0.0
e25863c6ff6bb139,pegasus-kickstart,0.0
e260be8a80312983,pegasus-kickstart,0.0
e26b96c3dffe45a9,pegasus-kickstart,0.0
e29ba9d74f53f176,pegasus-kickstart,0.0
e2ac1b23484c60f9,pegasus-kickstart,0.0
e2dffa2316435637,pegasus-kickstart,0.0
e2e44cc8c1aa23f8,pegasus-kickstart,0.0
e2e64c4afd61d758,pegasus-kickstart,0.0
e2f46486092b41d8,pegasus-kickstart,0.0
e2f6ba072bc05461,pegasus-kickstart,0.0
e2f8e6581cdd4cef,pegasus-kickstart,0.0
e316577a92d2ae6f,pegasus-kickstart,0.0
e31e3152e36ef150,pegasus-kickstart,0.0
e323c507df70b493,pegasus-kickstart,0.0
e3284a86aeee302d,pegasus-kickstart,0.0
e32a5c421774a208,pegasus-kickstart,0.0
e34511e375236f65,pegasus-kickstart,0.0
e3512272ec8f745f,pegasus-kickstart,0.0
e3540617fcbebfab,pegasus-kickstart,0.0
e356aa62c420300d,pegasus-kickstart,0.0
e368cf2e11446c1f,pegasus-kickstart,0.0
e369e0c83a4a97b7,pegasus-kickstart,0.0
e386320ce1e56a62,pegasus-kickstart,0.0
e3a0b47d8bd252ab,pegasus-kickstart,0.0
e3b23dfafba309b0,pegasus-kickstart,0.0
e3cdf16295991516,pegasus-kickstart,0.0
e3d372d52bf543f0,pegasus-kickstart,0.0
e3d97a5f61768e56,pegasus-kickstart,0.0
e3da511289869074,pegasus-kickstart,0.0
e3f16238726f722a,pegasus-kickstart,0.0
e4017c7b6f1ebb79,pegasus-kickstart,0.0
e41d5c079789631e,pegasus-kickstart,0.0
e4257c28f1da6931,pegasus-kickstart,0.0
e426207cb880d4bd,pegasus-kickstart,0.0
e426ec87ebd2c1fd,pegasus-kickstart,0.0
e43cfac6f6ec7c7d,pegasus-kickstart,0.0
e44791639624f4f7,pegasus-kickstart,0.0
e44a48e99993c1a5,pegasus-kickstart,0.0
e456cec5c3b6eeeb,pegasus-kickstart,0.0
e45bc50d402a1eb3,pegasus-kickstart,0.0
e45cf106bf4633c5,pegasus-kickstart,0.0
e480c1788f213191,pegasus-kickstart,0.0
e4835dd5b94eb511,pegasus-kickstart,0.0
e491fa31c6aebfe0,pegasus-kickstart,0.0
e4a8f69c11841a9d,pegasus-kickstart,0.0
e4b1d55b6b56bbd9,pegasus-kickstart,0.0
e4e395a4384afc9d,pegasus-kickstart,0.0
e4e4ea842a5305a4,pegasus-kickstart,0.0
e4fa7fbe5d792673,pegasus-kickstart,0.0
e50006d73c4544e2,pegasus-kickstart,0.0
e503228cd42b4636,pegasus-kickstart,0.0
e5044a77c2cf0e3b,pegasus-kickstart,0.0
e50ab530b7215911,pegasus-kickstart,0.0
e5292d03d9157b5f,pegasus-kickstart,0.0
e535458eb021a4a5,pegasus-kickstart,0.0
e5382338fcc50e76,pegasus-kickstart,0.0
e54dd5dcfb17c352,pegasus-kickstart,0.0
e58d348f3b03499f,pegasus-kickstart,0.0
e5c82f42d4e35e89,pegasus-kickstart,0.0
e5d3324f1fb75147,pegasus-kickstart,0.0
e5d7ddae00a000b0,pegasus-kickstart,0.0
e5f80198c6f4f322,pegasus-kickstart,0.0
e60169d3f028762c,pegasus-kickstart,0.0
e61236f98a5e251a,pegasus-kickstart,0.0
e631182d32311044,pegasus-kickstart,0.0
e64fdf10311ff652,pegasus-kickstart,0.0
e6512151aa11680b,pegasus-kickstart,0.0
e67459692b6de634,pegasus-kickstart,0.0
e685d80df5905190,pegasus-kickstart,0.0
e6c85e3a9905e39b,pegasus-kickstart,0.0
e6db3853959f1066,pegasus-kickstart,0.0
e6dc88339b9445b6,pegasus-kickstart,0.0
e6e8a2253106c9d9,pegasus-kickstart,0.0
e6ed3069dd8779a1,pegasus-kickstart,0.0
e71c328255d36569,pegasus-kickstart,0.0
e74f574a9cbbdcb8,pegasus-kickstart,0.0
e751f86263f62d75,pegasus-kickstart,0.0
e7544efd7eb26477,pegasus-kickstart,0.0
e75b1be4356f1095,pegasus-kickstart,0.0
e76b7bd9b86865da,pegasus-kickstart,0.0
e79bd4e129ea3333,pegasus-kickstart,0.0
e7b5ef9ae70e7fb3,pegasus-kickstart,0.0
e7b94442974d752e,pegasus-kickstart,0.0
e8000f47d495e85a,pegasus-kickstart,0.0
e82f9a35f427d530,pegasus-kickstart,0.0
e83bf123946aecab,pegasus-kickstart,0.0
e8580b660e2c6700,pegasus-kickstart,0.0
e8581eb2769ea731,pegasus-kickstart,0.0
e869f47d7001d422,pegasus-kickstart,0.0
e86a0e4ec6031d3d,pegasus-kickstart,0.0
e87d189653a1d44b,pegasus-kickstart,0.0
e87e454b0a270b92,pegasus-kickstart,0.0
e881c5f605ed87af,pegasus-kickstart,0.0
e8a2a91a8d7c09fe,pegasus-kickstart,0.0
e8a919b531a5f590,pegasus-kickstart,0.0
e8b7f90fa158ed90,pegasus-kickstart,0.0
e8b95417c97f8995,pegasus-kickstart,0.0
e8c26fa19ad3f523,pegasus-kickstart,0.0
e8c308e903ff8308,pegasus-kickstart,0.0
e8c8002e35263143,pegasus-kickstart,0.0
e8c9f3935a7a5e64,pegasus-kickstart,0.0
e8cdb2ddbff12354,pegasus-kickstart,0.0
e90345864ad6ddbe,pegasus-kickstart,0.0
e9068d99a8ccb4e5,pegasus-kickstart,0.0
e9304705fad5553d,pegasus-kickstart,0.0
e9492faa4ab2b525,pegasus-kickstart,0.0
e94d6faae1259934,pegasus-kickstart,0.0
e96558fe3bd5e01d,pegasus-kickstart,0.0
e9657854c26449aa,pegasus-kickstart,0.0
e966192179500e80,pegasus-kickstart,0.0
e979c65ffecac813,pegasus-kickstart,0.0
e97e996a9272d36b,pegasus-kickstart,0.0
e9a2bb4187a75d17,pegasus-kickstart,0.0
e9a76509083cfa55,pegasus-kickstart,0.0
e9b7a24417b0d7a3,pegasus-kickstart,0.0
e9f2d1a307940d40,pegasus-kickstart,0.0
ea145dd7eaf1b0a9,pegasus-kickstart,0.0
ea1747fdf93abefa,pegasus-kickstart,0.0
ea1ef9531d6aca55,pegasus-kickstart,0.0
ea2b1fb1b3f467cd,pegasus-kickstart,0.0
ea86a5cf5e612c1d,pegasus-kickstart,0.0
ea88844a123ec0bc,pegasus-kickstart,0.0
ea89a6d79192b0e8,pegasus-kickstart,0.0
ea8f82076cf966a3,pegasus-kickstart,0.0
eac911db05a09b54,pegasus-kickstart,0.0
eaed3062fed2b301,pegasus-kickstart,0.0
eaf55984a4b01921,pegasus-kickstart,0.0
eaf837ea7924c882,pegasus-kickstart,0.0
eafbe8c9456d1749,pegasus-kickstart,0.0
eb2abf0719e5fae9,pegasus-kickstart,0.0
eb3f4ff538d1af0c,pegasus-kickstart,0.0
eb4ccf22cb9c1d1d,pegasus-kickstart,0.0
eb4da423caa4f0c0,pegasus-kickstart,0.0
eb5094b91cb4bedd,pegasus-kickstart,0.0
eb526c7e032b2785,pegasus-kickstart,0.0
eb5637912055bb9f,pegasus-kickstart,0.0
eb6d45522e10f75d,pegasus-kickstart,0.0
eb90e74a61b1cc8b,pegasus-kickstart,0.0
eba94708891aadbf,pegasus-kickstart,0.0
eba9c4e67384d1e0,pegasus-kickstart,0.0
ebb172c5a1536497,pegasus-kickstart,0.0
ebc3baa72915a955,pegasus-kickstart,0.0
ebc9478fbbdcb971,pegasus-kickstart,0.0
ebe42713e0c9c753,pegasus-kickstart,0.0
ec0dfb55a46811e9,pegasus-kickstart,0.0
ec1c98e8589bcf82,pegasus-kickstart,0.0
ec371217ab7cdc67,pegasus-kickstart,0.0
ec3c584d9232ce09,pegasus-kickstart,0.0
ec635dfe82943afe,pegasus-kickstart,0.0
ec79b52f10d41be8,pegasus-kickstart,0.0
ec9cb4a2c928f713,pegasus-kickstart,0.0
eca8ff3fa4c698cf,pegasus-kickstart,0.0
ecb6fe10be49d2f2,pegasus-kickstart,0.0
ecbc7be3c0dc7efa,pegasus-kickstart,0.0
ecbe7a62ec7d9e75,pegasus-kickstart,0.0
ecc02ddfce862207,pegasus-kickstart,0.0
ecc1dce6adbdff08,pegasus-kickstart,0.0
eccc745c35750460,pegasus-kickstart,0.0
ecd4be21a6cc3b47,pegasus-kickstart,0.0
ecd9d7e24d42f8fd,pegasus-kickstart,0.0
ecdb1a6e583d1853,pegasus-kickstart,0.0
ece6dad89de19c6d,pegasus-kickstart,0.0
ececb3891a091efd,pegasus-kickstart,0.0
ecfd6d116a012838,pegasus-kickstart,0.0
ed062e356dbaecf3,pegasus-kickstart,0.0
ed0a4de3891fb7f4,pegasus-kickstart,0.0
ed1c72f3dc5018d5,pegasus-kickstart,0.0
ed1ea622dac43f61,pegasus-kickstart,0.0
ed65748148d2685d,pegasus-kickstart,0.0
ed68c478bb52885b,pegasus-kickstart,0.0
ed6ed4d7845905eb,pegasus-kickstart,0.0
ed71a4bce8bd4082,pegasus-kickstart,0.0
ed8f97272b1d38f9,pegasus-kickstart,0.0
edbf440857687d2f,pegasus-kickstart,0.0
edca06b1214ea381,pegasus-kickstart,0.0
eddfe45db48354b1,pegasus-kickstart,0.0
ee1e624b2fe1e38e,pegasus-kickstart,0.0
ee2c4fe7a4f74139,pegasus-kickstart,0.0
ee6bc86a50372f7b,pegasus-kickstart,0.0
ee7a847675543dd8,pegasus-kickstart,0.0
ee873aa3271ff6c0,pegasus-kickstart,0.0
ee8b69c24a0d46bc,pegasus-kickstart,0.0
eeb50d2fbaea27c4,pegasus-kickstart,0.0
eecd5c566a9fc51f,pegasus-kickstart,0.0
eeddbda8c7ae3758,pegasus-kickstart,0.0
eee4aa955a15e362,pegasus-kickstart,0.0
eee55da255951714,pegasus-kickstart,0.0
eee85cfa10cc5b72,pegasus-kickstart,0.0
eef2e307d393efe4,pegasus-kickstart,0.0
eef428972b0bcff5,pegasus-kickstart,0.0
eef58b4a3940b613,pegasus-kickstart,0.0
ef139d61f3d8ee5f,pegasus-kickstart,0.0
ef1ffdb1fa4c9b72,pegasus-kickstart,0.0
ef2d5a28db04c2bb,pegasus-kickstart,0.0
ef3c72330a3fa022,pegasus-kickstart,0.0
ef4434094784877a,pegasus-kickstart,0.0
ef60c031237eab30,pegasus-kickstart,0.0
ef70908db475d5b6,pegasus-kickstart,0.0
ef8ca5742a71cfc8,pegasus-kickstart,0.0
efce98e51b1e5cb9,pegasus-kickstart,0.0
efcefeb2b961358f,pegasus-kickstart,0.0
efd5f649beb1b24a,pegasus-kickstart,0.0
efde26f8a870b58a,pegasus-kickstart,0.0
efdfda09290f5688,pegasus-kickstart,0.0
efe04987441a01a5,pegasus-kickstart,0.0
efe06cf8d306350b,pegasus-kickstart,0.0
effa8366dd8932fe,pegasus-kickstart,0.0
effb132d48ff10bd,pegasus-kickstart,0.0
efff13bd0aca51f4,pegasus-kickstart,0.0
efff37583f260e1c,pegasus-kickstart,0.0
f000df440d35bf11,pegasus-kickstart,0.0
f005b5413a6919db,pegasus-kickstart,0.0
f008884062316a66,pegasus-kickstart,0.0
f02bc2d7fe7dfc00,pegasus-kickstart,0.0
f02cff789cb50654,pegasus-kickstart,0.0
f05914fcd9a47ca3,pegasus-kickstart,0.0
f059d266cf0d932e,pegasus-kickstart,0.0
f060808be7e6e282,pegasus-kickstart,0.0
f0738db041c8cfdf,pegasus-kickstart,0.0
f09e3a877703a491,pegasus-kickstart,0.0
f0c0c33a2f7ccc7e,pegasus-kickstart,0.0
f0d3624e9e885010,pegasus-kickstart,0.0
f0ecbb578b893a60,pegasus-kickstart,0.0
f0f1d8db6e60e808,pegasus-kickstart,0.0
f1044c2df1db3db0,pegasus-kickstart,0.0
f143a9f6cfe60135,pegasus-kickstart,0.0
f162a6616d09b57e,pegasus-kickstart,0.0
f17c9fbe148d00af,pegasus-kickstart,0.0
f18853f6d1e7c304,pegasus-kickstart,0.0
f18e740eed7e43a3,pegasus-kickstart,0.0
f1be9bc96495bb97,pegasus-kickstart,0.0
f1dcfb917d65fea3,pegasus-kickstart,0.0
f1fd6485b836d6cc,pegasus-kickstart,0.0
f204184dbbde9d7f,pegasus-kickstart,0.0
f204c5257b050895,pegasus-kickstart,0.0
f2304753fdcb0a28,pegasus-kickstart,0.0
f2329eb9ec24d594,pegasus-kickstart,0.0
f23aa2508d043ba0,pegasus-kickstart,0.0
f247eb67db9657ec,pegasus-kickstart,0.0
f24d74f0d384a4ee,pegasus-kickstart,0.0
f25f526e8d1a2e75,pegasus-kickstart,0.0
f277ac1f3bea7da7,pegasus-kickstart,0.0
f28d413801768b50,pegasus-kickstart,0.0
f29be5f7e2f39cb7,pegasus-kickstart,0.0
f2a4610febc9f42c,pegasus-kickstart,0.0
f2b3957e56542bae,pegasus-kickstart,0.0
f2da3ff1b756cbc5,pegasus-kickstart,0.0
f2e12a1cf548146f,pegasus-kickstart,0.0
f2ea077c8c141360,pegasus-kickstart,0.0
f2ee0b256ff3e3cc,pegasus-kickstart,0.0
f2fd3ff74414ed5b,pegasus-kickstart,0.0
f3231f7f69908c48,pegasus-kickstart,0.0
f32fe3538607070a,pegasus-kickstart,0.0
f3332500f9dd2e1f,pegasus-kickstart,0.0
f340db3620e149ff,pegasus-kickstart,0.0
f34419f2babb638a,pegasus-kickstart,0.0
f3453510c374c859,pegasus-kickstart,0.0
f34aab3d3ede2fdf,pegasus-kickstart,0.0
f34aac6507b1f65a,pegasus-kickstart,0.0
f37f1ca4822aaca3,pegasus-kickstart,0.0
f3801e78a9cc36f6,pegasus-kickstart,0.0
f380cf4ba8881a90,pegasus-kickstart,0.0
f3895a76b9bb2526,pegasus-kickstart,0.0
f38afe41e41d17ee,pegasus-kickstart,0.0
f396af65f83f7a79,pegasus-kickstart,0.0
f39ee96300053cd1,pegasus-kickstart,0.0
f3b50ba2699036c0,pegasus-kickstart,0.0
f3b6d0de37bfb6ed,pegasus-kickstart,0.0
f3b72d86d6f73253,pegasus-kickstart,0.0
f3b7b3d2d62e67d0,pegasus-kickstart,0.0
f3cf380eab7cee34,pegasus-kickstart,0.0
f3dbc42d9ff17535,pegasus-kickstart,0.0
f3e0c41930d7dcbc,pegasus-kickstart,0.0
f3e1fc61be9ec89b,pegasus-kickstart,0.0
f3ee86345abfe31e,pegasus-kickstart,0.0
f41d7bef1bea8d18,pegasus-kickstart,0.0
f43446aa5fc16aa3,pegasus-kickstart,0.0
f43cee7d515efb40,pegasus-kickstart,0.0
f43fb3c6f9c8a423,pegasus-kickstart,0.0
f46e4dbcd2040b8f,pegasus-kickstart,0.0
f46f982f4b2847b4,pegasus-kickstart,0.0
f478e461e4359a33,pegasus-kickstart,0.0
f49457036e8c3209,pegasus-kickstart,0.0
f49771cd24d66d75,pegasus-kickstart,0.0
f49b2a5580246371,pegasus-kickstart,0.0
f49effc16c25dcb4,pegasus-kickstart,0.0
f4bc9e320ceb5412,pegasus-kickstart,0.0
f4d14a9c9dfaaecc,pegasus-kickstart,0.0
f4d14fb47958e7f6,pegasus-kickstart,0.0
f4e2b9009d8d388c,pegasus-kickstart,0.0
f4e514970d721f57,pegasus-kickstart,0.0
f4f1c649184f92a0,pegasus-kickstart,0.0
f4f46db0da1ac3e6,pegasus-kickstart,0.0
f4f7bf474b077fe0,pegasus-kickstart,0.0
f5404517dfb625db,pegasus-kickstart,0.0
f57005bbb1c5364a,pegasus-kickstart,0.0
f58b83b8045c9557,pegasus-kickstart,0.0
f59a982da5074cd8,pegasus-kickstart,0.0
f5b5cc06eeb0b0f5,pegasus-kickstart,0.0
f5d846be170ae9bb,pegasus-kickstart,0.0
f5e4de5ecc76d4d8,pegasus-kickstart,0.0
f5ea9d2b7e1fbe9b,pegasus-kickstart,0.0
f5f9f03b1531424a,pegasus-kickstart,0.0
f614d449c17a68f4,pegasus-kickstart,0.0
f667c6ca3f08b4af,pegasus-kickstart,0.0
f66bf107f3b82a2c,pegasus-kickstart,0.0
f67447c20ecc0100,pegasus-kickstart,0.0
f674bf12a14104c2,pegasus-kickstart,0.0
f676013884e7a702,pegasus-kickstart,0.0
f680e3beb2f20cfa,pegasus-kickstart,0.0
f68817a25dcf9e8d,pegasus-kickstart,0.0
f6979e0e73329773,pegasus-kickstart,0.0
f6b299b39290d865,pegasus-kickstart,0.0
f6b7b2fea7b9c5b3,pegasus-kickstart,0.0
f6c0edf82873b9ff,pegasus-kickstart,0.0
f6d106b075e57eb4,pegasus-kickstart,0.0
f703dbef3cbf6825,pegasus-kickstart,0.0
f71b08ccf4476832,pegasus-kickstart,0.0
f71dcbe44bf8f788,pegasus-kickstart,0.0
f7387e5e89f76514,pegasus-kickstart,0.0
f75b898c32502467,pegasus-kickstart,0.0
f78d1fd80c17c6e2,pegasus-kickstart,0.0
f79353d5c6dbbd5f,pegasus-kickstart,0.0
f7bb810a938dae13,pegasus-kickstart,0.0
f7bc92f001639e06,pegasus-kickstart,0.0
f7c5e15af65fb1bc,pegasus-kickstart,0.0
f7c94536297ffbea,pegasus-kickstart,0.0
f7f108c5c92a526e,pegasus-kickstart,0.0
f7ff9f5fe83c118e,pegasus-kickstart,0.0
f803aebaee020cc2,pegasus-kickstart,0.0
f8057ba748cf1809,pegasus-kickstart,0.0
f808d1a8e5371216,pegasus-kickstart,0.0
f834fb9fbc33a261,pegasus-kickstart,0.0
f84589562b081e16,pegasus-kickstart,0.0
f85069f81a08d2f8,pegasus-kickstart,0.0
f8563749ef740130,pegasus-kickstart,0.0
f8618aaed8072c62,pegasus-kickstart,0.0
f869ce8ea8448426,pegasus-kickstart,0.0
f89966fdeb87032c,pegasus-kickstart,0.0
f8c35bf4d11e90a6,pegasus-kickstart,0.0
f8e392f505478d4c,pegasus-kickstart,0.0
f8e9ebe45c206f94,pegasus-kickstart,0.0
f8eca46b248d2a41,pegasus-kickstart,0.0
f903512d5f5c4657,pegasus-kickstart,0.0
f916db0fcf1c8b11,pegasus-kickstart,0.0
f9171ae6b8c2acdc,pegasus-kickstart,0.0
f91b2e4b689dbf53,pegasus-kickstart,0.0
f929b29b85c8d6d4,pegasus-kickstart,0.0
f92d49e363a3ae2e,pegasus-kickstart,0.0
f93f08531c943e08,pegasus-kickstart,0.0
f95a29c9156a53a5,pegasus-kickstart,0.0
f962515e33859736,pegasus-kickstart,0.0
f96fa365388c8abd,pegasus-kickstart,0.0
f987a5315067ec98,pegasus-kickstart,0.0
f9984c7cfdc69fcd,pegasus-kickstart,0.0
f99efd6e44018092,pegasus-kickstart,0.0
f9ae2933b1556d45,pegasus-kickstart,0.0
f9b48a575302ff24,pegasus-kickstart,0.0
f9dc71dadd9e721d,pegasus-kickstart,0.0
f9e61f7936a60a30,pegasus-kickstart,0.0
fa05f39fd4d1a154,pegasus-kickstart,0.0
fa245ea67ce5d9d3,pegasus-kickstart,0.0
fa26e0edeab9c2eb,pegasus-kickstart,0.0
fa288b501449d746,pegasus-kickstart,0.0
fa2b43789a402b66,pegasus-kickstart,0.0
fa3170273d21173d,pegasus-kickstart,0.0
fa3799a2a5f5d474,pegasus-kickstart,0.0
fa5bb3182c765fed,pegasus-kickstart,0.0
fa66ceb6450a8e87,pegasus-kickstart,0.0
fa725d0254a6804d,pegasus-kickstart,0.0
fa7bcb466f29cd7e,pegasus-kickstart,0.0
fa7e8cf7a406dc27,pegasus-kickstart,0.0
fa7fee0b1070d79e,pegasus-kickstart,0.0
fa985d0773c01f7a,pegasus-kickstart,0.0
faa9470960e90a50,pegasus-kickstart,0.0
faaa1456b8326de1,pegasus-kickstart,0.0
fac8c824b8541008,pegasus-kickstart,0.0
fafafb4b63f8ce1c,pegasus-kickstart,0.0
fb14173a76fc6e42,pegasus-kickstart,0.0
fb17c741d2213a91,pegasus-kickstart,0.0
fb274d05ae88d32d,pegasus-kickstart,0.0
fb55973b7eb8b58e,pegasus-kickstart,0.0
fb58800eef06dc2d,pegasus-kickstart,0.0
fb597d1554e84f48,pegasus-kickstart,0.0
fb5da49a94896995,pegasus-kickstart,0.0
fb9acb94fb92e288,pegasus-kickstart,0.0
fbc08df9e1934d61,pegasus-kickstart,0.0
fbc8d95942210399,pegasus-kickstart,0.0
fbde3ad475de5ca1,pegasus-kickstart,0.0
fbf41276e0756898,pegasus-kickstart,0.0
fc08e2abaa0771a2,pegasus-kickstart,0.0
fc1cb986b192f377,pegasus-kickstart,0.0
fc298042b482fbe8,pegasus-kickstart,0.0
fc3eabbdbfd8b96b,pegasus-kickstart,0.0
fc46f9b37d560de5,pegasus-kickstart,0.0
fc694783e3769c5c,pegasus-kickstart,0.0
fc78761988f09777,pegasus-kickstart,0.0
fc83e5fd93362569,pegasus-kickstart,0.0
fc99e8e40f1373a4,pegasus-kickstart,0.0
fca5310986644b47,pegasus-kickstart,0.0
fca9bb5294fe0af1,pegasus-kickstart,0.0
fca9f90cc1ffc385,pegasus-kickstart,0.0
fcb063bc266e6703,pegasus-kickstart,0.0
fcb9f0e394d4c9cc,pegasus-kickstart,0.0
fcd35bbb1b986d65,pegasus-kickstart,0.0
fcf4a76a984fb545,pegasus-kickstart,0.0
fd1d5486a2bd3a76,pegasus-kickstart,0.0
fd23601953f39f3c,pegasus-kickstart,0.0
fd3497b496eaa829,pegasus-kickstart,0.0
fd4eb32cdc9c84cc,pegasus-kickstart,0.0
fd539599bf0030e8,pegasus-kickstart,0.0
fd5a9379bde8e565,pegasus-kickstart,0.0
fd7cccb366ee06c5,pegasus-kickstart,0.0
fd851d04e69447c2,pegasus-kickstart,0.0
fd9b6489e6f4e613,pegasus-kickstart,0.0
fda1816b5f999050,pegasus-kickstart,0.0
fda39b556df11191,pegasus-kickstart,0.0
fddcf8fe09650346,pegasus-kickstart,0.0
fde0fa868094a6f9,pegasus-kickstart,0.0
fde12e620aca4503,pegasus-kickstart,0.0
fdf4c111cb6e4017,pegasus-kickstart,0.0
fe051049faca1735,pegasus-kickstart,0.0
fe0962d37a81378a,pegasus-kickstart,0.0
fe10de6e2c2acece,pegasus-kickstart,0.0
fe2ec22301ee237a,pegasus-kickstart,0.0
fe4b2574fb8ce167,pegasus-kickstart,0.0
fe5807596f38e5b6,pegasus-kickstart,0.0
fe5da53d27148418,pegasus-kickstart,0.0
fe6ef2de71fabc6d,pegasus-kickstart,0.0
fe7ec25032c8d3f6,pegasus-kickstart,0.0
fe8eff28a3704118,pegasus-kickstart,0.0
fe914bf7155c9608,pegasus-kickstart,0.0
fea023857f3cc8dc,pegasus-kickstart,0.0
feb126a4b3e209c0,pegasus-kickstart,0.0
fed636f43b533cb6,pegasus-kickstart,0.0
feda76372607a62b,pegasus-kickstart,0.0
fee73f6e13af73c5,pegasus-kickstart,0.0
feec92184399f966,pegasus-kickstart,0.0
ff00eb4c3dd94df9,pegasus-kickstart,0.0
ff195f1852c8e9f3,pegasus-kickstart,0.0
ff6983929289bf4c,pegasus-kickstart,0.0
ff6ecba25915b38c,pegasus-kickstart,0.0
ffb9b7d4dde12107,pegasus-kickstart,0.0
ffe216509959e142,pegasus-kickstart,0.0
fff13af99884ffc0,pegasus-kickstart,0.0
173eb8bdd88653a1,pegasus-kickstart,16.0
173eb8bdd88653a1,mAdd,33834482.0
8563f0423f2d7faf,pegasus-kickstart,16.0
8563f0423f2d7faf,mAdd,33834482.0
8563f0423f2d7faf,mImgtbl,2882.0
4c2c769ef854e4db,pegasus-kickstart,16.0
52ed5808ea0474a5,pegasus-kickstart,16.0
ee273240a1e5dc9d,pegasus-kickstart,0.0
630596971fdb9a8b,pegasus-mpi-cluster,4981.0
0005d9381a852b45,pegasus-kickstart,0.0
001e2ba5f2a2486d,pegasus-kickstart,0.0
004206baeb110130,pegasus-kickstart,0.0
004f1c8600071c15,pegasus-kickstart,0.0
00e773b401cba268,pegasus-kickstart,0.0
010474f64380fda7,pegasus-kickstart,0.0
0125bc33c3fcc589,pegasus-kickstart,0.0
0137a5d4ad3b7d6b,pegasus-kickstart,0.0
017c9614443fce12,pegasus-kickstart,0.0
01959e04dabafcef,pegasus-kickstart,0.0
01b37852b3cdfeb9,pegasus-kickstart,0.0
01f3a37dac5f79b3,pegasus-kickstart,0.0
0209150cdc570261,pegasus-kickstart,0.0
020f982d5af1cd5a,pegasus-kickstart,0.0
02113655498befdd,pegasus-kickstart,0.0
022266df7b006641,pegasus-kickstart,0.0
025b417ee355c3f1,pegasus-kickstart,0.0
02acfb3168aa246e,pegasus-kickstart,0.0
02b9951c4b7c7869,pegasus-kickstart,0.0
032ff454f2eb6ae7,pegasus-kickstart,0.0
03476ed585e31e2f,pegasus-kickstart,0.0
035c16be87e2cc16,pegasus-kickstart,0.0
037025f4701a9845,pegasus-kickstart,0.0
03bf06633a3b08fc,pegasus-kickstart,0.0
03fccf5da28edaa5,pegasus-kickstart,0.0
041df125792a9f8f,pegasus-kickstart,0.0
042f1e4c89b49b0a,pegasus-kickstart,0.0
04325247b8f2c1fa,pegasus-kickstart,0.0
0461d69637584afc,pegasus-kickstart,0.0
048706e29bfe5349,pegasus-kickstart,0.0
04cdf466d3858b51,pegasus-kickstart,0.0
04cef0cbc896b267,pegasus-kickstart,0.0
05015cd192457560,pegasus-kickstart,0.0
05312978786ae95e,pegasus-kickstart,0.0
055f86a3412d7a18,pegasus-kickstart,0.0
05615604fd4a9735,pegasus-kickstart,0.0
0593b3bded9cce3c,pegasus-kickstart,0.0
062afb6b479bf594,pegasus-kickstart,0.0
0657cf3995e01f28,pegasus-kickstart,0.0
065eb543fd22895e,pegasus-kickstart,0.0
06c9eb8c28729a22,pegasus-kickstart,0.0
06cd2b4f7fea5b85,pegasus-kickstart,0.0
06de33eb036e536c,pegasus-kickstart,0.0
06e63890d40e36d4,pegasus-kickstart,0.0
06f13ece030cc988,pegasus-kickstart,0.0
070a6453fea6d952,pegasus-kickstart,0.0
071edb2aa79feb93,pegasus-kickstart,0.0
07414df965858c99,pegasus-kickstart,0.0
0768d15afe8a6865,pegasus-kickstart,0.0
076cadae3ff87da7,pegasus-kickstart,0.0
077ac9a31f44a8a7,pegasus-kickstart,0.0
078c8b35e3e84cdf,pegasus-kickstart,0.0
0794fee75e684cb0,pegasus-kickstart,0.0
079ff184d6a5c41c,pegasus-kickstart,0.0
07a87cdf623d7866,pegasus-kickstart,0.0
07bd4c245f700417,pegasus-kickstart,0.0
07fc690c3470c137,pegasus-kickstart,0.0
08657766721ac554,pegasus-kickstart,0.0
086645d15a44e09f,pegasus-kickstart,0.0
088b7b5d8235f508,pegasus-kickstart,0.0
0894b85d3b406e4e,pegasus-kickstart,0.0
08c3a750284319ac,pegasus-kickstart,0.0
08d8f59111a9999e,pegasus-kickstart,0.0
08f92ed8a653331c,pegasus-kickstart,0.0
096427d7c01348a4,pegasus-kickstart,0.0
0970f882e2a84791,pegasus-kickstart,0.0
09c7787d25b1fc85,pegasus-kickstart,0.0
0a0b382a7c77ca85,pegasus-kickstart,0.0
0a48e749474de834,pegasus-kickstart,0.0
0a5b7d7dd81cfcc6,pegasus-kickstart,0.0
0aaf5242bd20c7aa,pegasus-kickstart,0.0
0ac776ab1aa3ebe9,pegasus-kickstart,0.0
0ad67333efa35d4d,pegasus-kickstart,0.0
0af636425c024ccb,pegasus-kickstart,0.0
0af70eb01b982cdd,pegasus-kickstart,0.0
0b96fd8557d3f875,pegasus-kickstart,0.0
0bbcc144a4a8ba23,pegasus-kickstart,0.0
0bdcd458352f273c,pegasus-kickstart,0.0
0bf1a140124a2818,pegasus-kickstart,0.0
0c142b80c968aff1,pegasus-kickstart,0.0
0c548e7dee33f7c2,pegasus-kickstart,0.0
0c62cc4acc8a2b14,pegasus-kickstart,0.0
0c6ed29908cde423,pegasus-kickstart,0.0
0c98ec28cedba390,pegasus-kickstart,0.0
0d52093589b66ee1,pegasus-kickstart,0.0
0d5aad27f18207c6,pegasus-kickstart,0.0
0d6aa19c379f636d,pegasus-kickstart,0.0
0d758af96e2a9d86,pegasus-kickstart,0.0
0d77d9518b93a815,pegasus-kickstart,0.0
0d97d5e6effd6ed0,pegasus-kickstart,0.0
0ddc13bea82fa690,pegasus-kickstart,0.0
0e07bd4e2cbcaaf7,pegasus-kickstart,0.0
0e10357859b49c44,pegasus-kickstart,0.0
0ed3f7ed08846d80,pegasus-kickstart,0.0
0edac246a8b0bc46,pegasus-kickstart,0.0
0efd8cb220d01497,pegasus-kickstart,0.0
0f4e3d3af5306c8b,pegasus-kickstart,0.0
0f558b4520e5facd,pegasus-kickstart,0.0
0f5e2196f5f00345,pegasus-kickstart,0.0
0fcdd18026f86309,pegasus-kickstart,0.0
0fd1a7e8cbd7ba77,pegasus-kickstart,0.0
0fd3936210474f25,pegasus-kickstart,0.0
0fdad4a1e080e876,pegasus-kickstart,0.0
105844c57572fb26,pegasus-kickstart,0.0
105ab95236a7703e,pegasus-kickstart,0.0
1062912d6023428e,pegasus-kickstart,0.0
10683dc495e0d2e5,pegasus-kickstart,0.0
10785c4401fafdf8,pegasus-kickstart,0.0
107bafee2a442be4,pegasus-kickstart,0.0
107f27abae1454ff,pegasus-kickstart,0.0
1099129f1724e631,pegasus-kickstart,0.0
10ffac5a26fdb7d5,pegasus-kickstart,0.0
1100900e75fd8fce,pegasus-kickstart,0.0
11053b396690166c,pegasus-kickstart,0.0
110cb0e0687cf4e3,pegasus-kickstart,0.0
1114000c80478f5d,pegasus-kickstart,0.0
11254653c980d835,pegasus-kickstart,0.0
118fe87dc4ff8988,pegasus-kickstart,0.0
11b2da42ad291288,pegasus-kickstart,0.0
11d42f093ef80e0b,pegasus-kickstart,0.0
11fcb9dc8b00d9b2,pegasus-kickstart,0.0
1226b6c7dc962993,pegasus-kickstart,0.0
12276c88c4ffa8d0,pegasus-kickstart,0.0
1227cf849329fb45,pegasus-kickstart,0.0
1248ee4d3619b8c6,pegasus-kickstart,0.0
128bf3c4286cc1d4,pegasus-kickstart,0.0
1291506900c62984,pegasus-kickstart,0.0
12a0457913b8f6bf,pegasus-kickstart,0.0
12ce8ed73f0345b9,pegasus-kickstart,0.0
12da87af6c28682f,pegasus-kickstart,0.0
12dc35355db38e1f,pegasus-kickstart,0.0
12ec1e59836b803a,pegasus-kickstart,0.0
12f8f37b984b2acf,pegasus-kickstart,0.0
1311f5fee444c26a,pegasus-kickstart,0.0
1318fefd25094625,pegasus-kickstart,0.0
131c3e28a0edb3b6,pegasus-kickstart,0.0
13357e482f5f1101,pegasus-kickstart,0.0
134da08d8f342062,pegasus-kickstart,0.0
13636a607c1831e9,pegasus-kickstart,0.0
13bbcc131bd4d197,pegasus-kickstart,0.0
13e73eda57205bdb,pegasus-kickstart,0.0
13faa955f5c08e4b,pegasus-kickstart,0.0
14156ca8b43520f2,pegasus-kickstart,0.0
143b01ab198f26fc,pegasus-kickstart,0.0
147a2901ea5f9ad4,pegasus-kickstart,0.0
147b63ed8547d891,pegasus-kickstart,0.0
1485b2e524ba9b68,pegasus-kickstart,0.0
1491da2988b4b31e,pegasus-kickstart,0.0
14a3acfd441857a1,pegasus-kickstart,0.0
14d6ef5de4ed6edf,pegasus-kickstart,0.0
14de99b611a6ccc2,pegasus-kickstart,0.0
14eacdf7b96fd540,pegasus-kickstart,0.0
1551426a3d02d271,pegasus-kickstart,0.0
15657d7b5df8caf3,pegasus-kickstart,0.0
15827466e0f747e5,pegasus-kickstart,0.0
159bafd42915c3d6,pegasus-kickstart,0.0
15c32c59fe164954,pegasus-kickstart,0.0
15eaa6eb2679a367,pegasus-kickstart,0.0
160ef8cf908c795d,pegasus-kickstart,0.0
1614b15d2a83e6a3,pegasus-kickstart,0.0
161a7f3eebaae557,pegasus-kickstart,0.0
162783a2c5b9d17a,pegasus-kickstart,0.0
162dbaff3381c60b,pegasus-kickstart,0.0
1633707b804f40ae,pegasus-kickstart,0.0
168000807bf8c6c5,pegasus-kickstart,0.0
16968fef102d800b,pegasus-kickstart,0.0
16a1e1dbe46b6362,pegasus-kickstart,0.0
16cf240570240b1a,pegasus-kickstart,0.0
16e4680dc5f8bec0,pegasus-kickstart,0.0
16f215abd030c735,pegasus-kickstart,0.0
17514fb70a9174bb,pegasus-kickstart,0.0
1772fcead371163a,pegasus-kickstart,0.0
178644c8f2f6836a,pegasus-kickstart,0.0
179a89eedafde6b6,pegasus-kickstart,0.0
17aeadf38d293523,pegasus-kickstart,0.0
17af1317f23ca324,pegasus-kickstart,0.0
17b4af9f8f551fa3,pegasus-kickstart,0.0
17ff5aeb17ef368d,pegasus-kickstart,0.0
1817f399fff596af,pegasus-kickstart,0.0
185d41ea2a587693,pegasus-kickstart,0.0
1870c32b065b985a,pegasus-kickstart,0.0
18ac65ea892c2358,pegasus-kickstart,0.0
18c4759dae31798e,pegasus-kickstart,0.0
1907f6a20788d378,pegasus-kickstart,0.0
193c00b1e046f39a,pegasus-kickstart,0.0
1954c80c0b16134b,pegasus-kickstart,0.0
196121a567963ead,pegasus-kickstart,0.0
1965b92695ad0418,pegasus-kickstart,0.0
197d1323d84b1b4f,pegasus-kickstart,0.0
19d2c725496d94f1,pegasus-kickstart,0.0
19ff232165f79ecc,pegasus-kickstart,0.0
1a1a87276494ac8f,pegasus-kickstart,0.0
1a2c40b0889d6b52,pegasus-kickstart,0.0
1a95528093ccb8a8,pegasus-kickstart,0.0
1aaea0582045c602,pegasus-kickstart,0.0
1ae3d7630e1d5fab,pegasus-kickstart,0.0
1aefba309e22dc41,pegasus-kickstart,0.0
1aefcc63d43a8333,pegasus-kickstart,0.0
1afa3314fe8a29f4,pegasus-kickstart,0.0
1afd70ee542d7d0c,pegasus-kickstart,0.0
1b0b72386a6514cd,pegasus-kickstart,0.0
1b1c252e5729630e,pegasus-kickstart,0.0
1b1e0252d82350c5,pegasus-kickstart,0.0
1b3566e7f9af0826,pegasus-kickstart,0.0
1b36c76a9244ff23,pegasus-kickstart,0.0
1b5bc130074d8e34,pegasus-kickstart,0.0
1b8614c67b74a2cf,pegasus-kickstart,0.0
1ba3c20493fb6047,pegasus-kickstart,0.0
1bb84bef9819458c,pegasus-kickstart,0.0
1bc63a5d5e03b320,pegasus-kickstart,0.0
1be5eaeddfa4a3d1,pegasus-kickstart,0.0
1c34f0754232f4f3,pegasus-kickstart,0.0
1c55672386b29d15,pegasus-kickstart,0.0
1c5864155750cc00,pegasus-kickstart,0.0
1c5f0150d5759a50,pegasus-kickstart,0.0
1c8e342c530f13bd,pegasus-kickstart,0.0
1cbae54e32f657d3,pegasus-kickstart,0.0
1cd663c8411e7ec2,pegasus-kickstart,0.0
1ce0957ca1488577,pegasus-kickstart,0.0
1cef021037029bd0,pegasus-kickstart,0.0
1d1c02eacbf56619,pegasus-kickstart,0.0
1d29e7f570d1c066,pegasus-kickstart,0.0
1d3f6cc420f346dc,pegasus-kickstart,0.0
1d8b0c133782fcfa,pegasus-kickstart,0.0
1dbd53a328c36ff0,pegasus-kickstart,0.0
1dd794e58134cfd4,pegasus-kickstart,0.0
1ded749233b28340,pegasus-kickstart,0.0
1e5812eeab2efb79,pegasus-kickstart,0.0
1e5b81f620fbfa83,pegasus-kickstart,0.0
1e6910f69d2f4914,pegasus-kickstart,0.0
1e7f97d00aef90f0,pegasus-kickstart,0.0
1e98c2cb24f41d7f,pegasus-kickstart,0.0
1ea53431018bc44d,pegasus-kickstart,0.0
1ec2736792925532,pegasus-kickstart,0.0
1f26983045df7d3c,pegasus-kickstart,0.0
1f2796b884e5ec70,pegasus-kickstart,0.0
1f2be3e674517de8,pegasus-kickstart,0.0
1f5c0cf5f5196753,pegasus-kickstart,0.0
1f9ef38e08e5ddf4,pegasus-kickstart,0.0
1fc6720dd5ee6a18,pegasus-kickstart,0.0
1fcc348be0b5b2d4,pegasus-kickstart,0.0
1fe30ca5bbabecbb,pegasus-kickstart,0.0
1ff6d3ee1cf9d00e,pegasus-kickstart,0.0
200728bd5b6ead5e,pegasus-kickstart,0.0
20469822837e6ed2,pegasus-kickstart,0.0
204ce131c166206a,pegasus-kickstart,0.0
207ca5ac6d98e34e,pegasus-kickstart,0.0
2085f1f0ba0363c8,pegasus-kickstart,0.0
20acef183257ed53,pegasus-kickstart,0.0
20b08b1bee78e2bc,pegasus-kickstart,0.0
20b121e2867795cc,pegasus-kickstart,0.0
20bbfa1585fdc405,pegasus-kickstart,0.0
20bc1335e3ba0834,pegasus-kickstart,0.0
20c4d826e5a3761f,pegasus-kickstart,0.0
212826e6856f2c14,pegasus-kickstart,0.0
2165fa689bde94a0,pegasus-kickstart,0.0
2189c0fe08006d9f,pegasus-kickstart,0.0
2199dc8e04e11f8b,pegasus-kickstart,0.0
21ee7bd5de69a05a,pegasus-kickstart,0.0
21f22318f9b20ed4,pegasus-kickstart,0.0
21f280e5150b4b11,pegasus-kickstart,0.0
2215feaf77bb4645,pegasus-kickstart,0.0
2228c3225b9cd579,pegasus-kickstart,0.0
223bf8496cb6afcd,pegasus-kickstart,0.0
223eb23493f99584,pegasus-kickstart,0.0
224d825fc135fc41,pegasus-kickstart,0.0
22578e20d50b2ba2,pegasus-kickstart,0.0
225b4033fbaa5f18,pegasus-kickstart,0.0
2267caf1e0be6075,pegasus-kickstart,0.0
22c040f743366e72,pegasus-kickstart,0.0
22cced490414e2b1,pegasus-kickstart,0.0
22d61dc788f636c7,pegasus-kickstart,0.0
22ee5927a69229da,pegasus-kickstart,0.0
233b14e9a3b1da90,pegasus-kickstart,0.0
234747d21b8d4d5b,pegasus-kickstart,0.0
23788c5441d35009,pegasus-kickstart,0.0
23a525504cc794e0,pegasus-kickstart,0.0
2410bb3ab5fd8043,pegasus-kickstart,0.0
245f43bfaf2e4878,pegasus-kickstart,0.0
24ca802438d831fc,pegasus-kickstart,0.0
2505f101600341c1,pegasus-kickstart,0.0
25062e4f1f8811fa,pegasus-kickstart,0.0
253b29aa77bc9e46,pegasus-kickstart,0.0
25499530900cb421,pegasus-kickstart,0.0
256e6d740d3b8aaf,pegasus-kickstart,0.0
25a8b2e6f1bc04b1,pegasus-kickstart,0.0
25af16ce3e045257,pegasus-kickstart,0.0
25b7fc77d534c42e,pegasus-kickstart,0.0
25b815d5faae5cf5,pegasus-kickstart,0.0
25e455f9b4225f33,pegasus-kickstart,0.0
261d0e0d3b59d677,pegasus-kickstart,0.0
261ebeea66dc26d2,pegasus-kickstart,0.0
262687415ba80c12,pegasus-kickstart,0.0
2670848093665f53,pegasus-kickstart,0.0
27234a1500537b5d,pegasus-kickstart,0.0
278f2145a9253e1d,pegasus-kickstart,0.0
27a67fc0b2ed8895,pegasus-kickstart,0.0
27d51982e6c90155,pegasus-kickstart,0.0
284276ea8d6512fa,pegasus-kickstart,0.0
2880f56d0d97aa73,pegasus-kickstart,0.0
2889dff1b87a7e92,pegasus-kickstart,0.0
2899cc050c0a9870,pegasus-kickstart,0.0
28a2859984cea4d1,pegasus-kickstart,0.0
28c10030abd747e7,pegasus-kickstart,0.0
28d138bb5331188d,pegasus-kickstart,0.0
28f30f6256051862,pegasus-kickstart,0.0
2a0a46912c3a640d,pegasus-kickstart,0.0
2a0af0b7488bc673,pegasus-kickstart,0.0
2a4ca62bf6f40e84,pegasus-kickstart,0.0
2a5116f8a8e01779,pegasus-kickstart,0.0
2a85da703cc05630,pegasus-kickstart,0.0
2aa255c7a5c7b865,pegasus-kickstart,0.0
2ac2424d7477f154,pegasus-kickstart,0.0
2ac81217e39795c9,pegasus-kickstart,0.0
2acfb2d7775a01fd,pegasus-kickstart,0.0
2ad377f57b9897a4,pegasus-kickstart,0.0
2afe71496b5a61b4,pegasus-kickstart,0.0
2b0b8c96da1fba6f,pegasus-kickstart,0.0
2bba624507c2eec6,pegasus-kickstart,0.0
2c517b428186e363,pegasus-kickstart,0.0
2ccb705010abbfde,pegasus-kickstart,0.0
2d0353eca5d2b79c,pegasus-kickstart,0.0
2d18db508d2f4f2a,pegasus-kickstart,0.0
2d3a5719f827de56,pegasus-kickstart,0.0
2d62aacab27cc6ab,pegasus-kickstart,0.0
2d67bf93e12fe32c,pegasus-kickstart,0.0
2d69b2ad95d0d636,pegasus-kickstart,0.0
2d72ed06d5e46c1c,pegasus-kickstart,0.0
2d856ecb0e2304c3,pegasus-kickstart,0.0
2def9dc174f4bb4d,pegasus-kickstart,0.0
2dffbbeb094648d2,pegasus-kickstart,0.0
2e13f338bd2354b8,pegasus-kickstart,0.0
2e2954dcbbb701e7,pegasus-kickstart,0.0
2e544c85ac9609e7,pegasus-kickstart,0.0
2e805f773296e889,pegasus-kickstart,0.0
2ee3d1d49d5cda1a,pegasus-kickstart,0.0
2f29b851fb7c6fa4,pegasus-kickstart,0.0
2fba631b9a33e151,pegasus-kickstart,0.0
303e968970332166,pegasus-kickstart,0.0
30821a8f6c041223,pegasus-kickstart,0.0
308db076554518f3,pegasus-kickstart,0.0
30ab2056ea1950a0,pegasus-kickstart,0.0
30b3eb850537e353,pegasus-kickstart,0.0
30b6fb34d264383b,pegasus-kickstart,0.0
30cd6147c19feee8,pegasus-kickstart,0.0
30f9c3cd87bf4453,pegasus-kickstart,0.0
3138904aff3a99fc,pegasus-kickstart,0.0
3143c9d7aeb60c8d,pegasus-kickstart,0.0
3148c9e9ed6870d1,pegasus-kickstart,0.0
3165ae052d36452f,pegasus-kickstart,0.0
3184952bd8e5cdb3,pegasus-kickstart,0.0
318974edea168434,pegasus-kickstart,0.0
31d7fbb76bb2894f,pegasus-kickstart,0.0
31e4d579767e2b22,pegasus-kickstart,0.0
31e5c1ed9e1f2b81,pegasus-kickstart,0.0
31fb74128b987e53,pegasus-kickstart,0.0
32096d217c004a04,pegasus-kickstart,0.0
322fd68cc2282f22,pegasus-kickstart,0.0
32730601c6ffdd60,pegasus-kickstart,0.0
3278399be413eb81,pegasus-kickstart,0.0
3291bc6d874e6088,pegasus-kickstart,0.0
32bcf3c29673338d,pegasus-kickstart,0.0
32c4e5811b55a77f,pegasus-kickstart,0.0
32c9ee63e79cd41e,pegasus-kickstart,0.0
33547cc402533e0a,pegasus-kickstart,0.0
340e9f08f94d0c6c,pegasus-kickstart,0.0
3462fbf8d6f382f1,pegasus-kickstart,0.0
34973fa564de1722,pegasus-kickstart,0.0
34a388a58dd39b4f,pegasus-kickstart,0.0
34f5465efb7a808c,pegasus-kickstart,0.0
35021c36ec2508d0,pegasus-kickstart,0.0
35062394e2060419,pegasus-kickstart,0.0
358236502eec4fee,pegasus-kickstart,0.0
35d2d3bda00c141c,pegasus-kickstart,0.0
35eb87c34e5c2041,pegasus-kickstart,0.0
35fe94fcfc3d66e6,pegasus-kickstart,0.0
36128f9a913d7d45,pegasus-kickstart,0.0
362a5f1e678227a7,pegasus-kickstart,0.0
36818cf9c8808ac3,pegasus-kickstart,0.0
368e8113b194e6ec,pegasus-kickstart,0.0
36a69f22f3becc69,pegasus-kickstart,0.0
36bbc5624f78a732,pegasus-kickstart,0.0
36f3afdff7a4cf3a,pegasus-kickstart,0.0
3726b80e215cdf78,pegasus-kickstart,0.0
3727e60af2deb889,pegasus-kickstart,0.0
37321cfdfa7959c7,pegasus-kickstart,0.0
3739d846b5105675,pegasus-kickstart,0.0
3767f420cd90e8f3,pegasus-kickstart,0.0
377577a4d16134ba,pegasus-kickstart,0.0
37b869a1c4fd9d50,pegasus-kickstart,0.0
37d8c66796756cab,pegasus-kickstart,0.0
37ea031e880e59a7,pegasus-kickstart,0.0
382c20cc853f8d54,pegasus-kickstart,0.0
38893411ddb85de8,pegasus-kickstart,0.0
389b75703c67ab97,pegasus-kickstart,0.0
38f3de7d2aff2a25,pegasus-kickstart,0.0
39365f7790673ae6,pegasus-kickstart,0.0
393ba99b6db96c4a,pegasus-kickstart,0.0
39656c60fc41f781,pegasus-kickstart,0.0
397f6b80cbe8e9d1,pegasus-kickstart,0.0
398c99d3031eac81,pegasus-kickstart,0.0
39c18ff4ea576549,pegasus-kickstart,0.0
39c73259ac8ef228,pegasus-kickstart,0.0
39caa88a7b47e3fc,pegasus-kickstart,0.0
39e497b0917d7ebc,pegasus-kickstart,0.0
3a2b349dea075e0b,pegasus-kickstart,0.0
3aead58afb4fc0b8,pegasus-kickstart,0.0
3b0b13a9847500c5,pegasus-kickstart,0.0
3b3dac1c878c525e,pegasus-kickstart,0.0
3b500f2e341e87cd,pegasus-kickstart,0.0
3b568ae63b7f6d06,pegasus-kickstart,0.0
3b74074a0b476338,pegasus-kickstart,0.0
3c1f25973f088bf0,pegasus-kickstart,0.0
3c24c1cf0376cc01,pegasus-kickstart,0.0
3c56a4c857d0d675,pegasus-kickstart,0.0
3c5b121569235177,pegasus-kickstart,0.0
3c5dadeb38815003,pegasus-kickstart,0.0
3c5dd5fc3d620325,pegasus-kickstart,0.0
3c71606448793fff,pegasus-kickstart,0.0
3c95f23e5ce23879,pegasus-kickstart,0.0
3cac1e229c9b2896,pegasus-kickstart,0.0
3cc2e2fd18438068,pegasus-kickstart,0.0
3cd96cc0a03d0735,pegasus-kickstart,0.0
3ce6e7d69b6ce09e,pegasus-kickstart,0.0
3cf9cdc4aa6ab20d,pegasus-kickstart,0.0
3d036915abf80dc1,pegasus-kickstart,0.0
3d14a3d7ded3714e,pegasus-kickstart,0.0
3d33a5ead8201a3a,pegasus-kickstart,0.0
3d5c8e25f1863735,pegasus-kickstart,0.0
3da0b4e9b0778c26,pegasus-kickstart,0.0
3da23df1daf7e3c4,pegasus-kickstart,0.0
3db0c458b10babfd,pegasus-kickstart,0.0
3e04f831dd853c3b,pegasus-kickstart,0.0
3e7c61ab164a79a6,pegasus-kickstart,0.0
3e93633481e62c85,pegasus-kickstart,0.0
3ea977a1918a38e7,pegasus-kickstart,0.0
3ebb516041d005cc,pegasus-kickstart,0.0
3ec42c47f06dd5c0,pegasus-kickstart,0.0
3f55dd0aa76b84db,pegasus-kickstart,0.0
3f75fa9eb644848a,pegasus-kickstart,0.0
3feef40fff14a3c8,pegasus-kickstart,0.0
4074d601f6c3ea7f,pegasus-kickstart,0.0
40c198513f4c9d20,pegasus-kickstart,0.0
40d67d14764d694f,pegasus-kickstart,0.0
4118f52b3d9ad35d,pegasus-kickstart,0.0
4135e6df82e1220a,pegasus-kickstart,0.0
414c7977ea01cca7,pegasus-kickstart,0.0
416caf9b90cd96bc,pegasus-kickstart,0.0
417d65d6b9b903ce,pegasus-kickstart,0.0
419d8da2438445ec,pegasus-kickstart,0.0
41a65e7ba140f29c,pegasus-kickstart,0.0
41a8d4a2d7575d3d,pegasus-kickstart,0.0
41dfea099068f2ff,pegasus-kickstart,0.0
41e156469e530e9a,pegasus-kickstart,0.0
420eab5cde767ad8,pegasus-kickstart,0.0
422b61ec6b9a9c07,pegasus-kickstart,0.0
4232e497eed61970,pegasus-kickstart,0.0
424dabf9841a0353,pegasus-kickstart,0.0
428e5ba635e8eb53,pegasus-kickstart,0.0
430792ef814a2482,pegasus-kickstart,0.0
437592d0dd0d5072,pegasus-kickstart,0.0
4398b4865655076b,pegasus-kickstart,0.0
43b6006a5e293df9,pegasus-kickstart,0.0
43be77487cf30cb4,pegasus-kickstart,0.0
43df6db4e9758ed7,pegasus-kickstart,0.0
440b067b7a0504ab,pegasus-kickstart,0.0
445dba446dfd4aa9,pegasus-kickstart,0.0
4462068d822254c9,pegasus-kickstart,0.0
44810130f2028b54,pegasus-kickstart,0.0
4498da53c44d8e9d,pegasus-kickstart,0.0
44bfa1a295c9d464,pegasus-kickstart,0.0
44c4a981d18e2252,pegasus-kickstart,0.0
44fb238e62fe6caf,pegasus-kickstart,0.0
44fee38f05b20913,pegasus-kickstart,0.0
4507d1870406323a,pegasus-kickstart,0.0
45423fa0c4450742,pegasus-kickstart,0.0
45549332f1fa7cf5,pegasus-kickstart,0.0
456bb9919c3253ca,pegasus-kickstart,0.0
45b7c8b60105eed1,pegasus-kickstart,0.0
45c4c05556e43475,pegasus-kickstart,0.0
463b851bbb95fd8d,pegasus-kickstart,0.0
467d9985a352700e,pegasus-kickstart,0.0
4682859ffac2c25e,pegasus-kickstart,0.0
469176df82a07b28,pegasus-kickstart,0.0
46a0f1cec9449a4d,pegasus-kickstart,0.0
46cf109f7641c68f,pegasus-kickstart,0.0
46d4f908d2e06701,pegasus-kickstart,0.0
472418d1986d7a0c,pegasus-kickstart,0.0
473dd5b50c87e13a,pegasus-kickstart,0.0
474866d0bcd85baf,pegasus-kickstart,0.0
476edb293408acc1,pegasus-kickstart,0.0
47a8d1e2b3787de6,pegasus-kickstart,0.0
47b4c6d93a679bb4,pegasus-kickstart,0.0
47c705bfdc4990ed,pegasus-kickstart,0.0
480301c547c0c4eb,pegasus-kickstart,0.0
4820acb31cc91eec,pegasus-kickstart,0.0
48519add76fbe2d6,pegasus-kickstart,0.0
4886eeee81ab2030,pegasus-kickstart,0.0
488e011afe9e7866,pegasus-kickstart,0.0
489872be7e8138f0,pegasus-kickstart,0.0
48baca7520ef4232,pegasus-kickstart,0.0
48c8eacf1ab47e52,pegasus-kickstart,0.0
48d124807711e4b2,pegasus-kickstart,0.0
497080fded85f0af,pegasus-kickstart,0.0
498dbebb7a729a9a,pegasus-kickstart,0.0
499394c70eed7b2c,pegasus-kickstart,0.0
49a843832402ea91,pegasus-kickstart,0.0
49c5150701555bc2,pegasus-kickstart,0.0
49d0c751cd014fc1,pegasus-kickstart,0.0
4a4c01ee121eb804,pegasus-kickstart,0.0
4a6ddda797cd8212,pegasus-kickstart,0.0
4a7da2d6cf35946b,pegasus-kickstart,0.0
4ac1e4e965d3b63c,pegasus-kickstart,0.0
4acbc0464db803df,pegasus-kickstart,0.0
4af3ca15325253b3,pegasus-kickstart,0.0
4b0f36a2389df5de,pegasus-kickstart,0.0
4b49491f4ec98b02,pegasus-kickstart,0.0
4b51d683e8d14f50,pegasus-kickstart,0.0
4b541d0f363101fb,pegasus-kickstart,0.0
4b59934e1bb85aef,pegasus-kickstart,0.0
4b5fbb237e43dd1d,pegasus-kickstart,0.0
4b8c5e4e3b3f48ef,pegasus-kickstart,0.0
4ba7cab00fdc1fa4,pegasus-kickstart,0.0
4bd608d2f7536175,pegasus-kickstart,0.0
4bd9150b643ef7c1,pegasus-kickstart,0.0
4bdb6739c293d9f8,pegasus-kickstart,0.0
4c39141ab2175bf1,pegasus-kickstart,0.0
4c4a83006e7d1854,pegasus-kickstart,0.0
4c79e459306e04e0,pegasus-kickstart,0.0
4c7ec3bb5f6b80a1,pegasus-kickstart,0.0
4cd020bfaa9fe8c1,pegasus-kickstart,0.0
4d66b48aa3b676b1,pegasus-kickstart,0.0
4d702fb15d36f543,pegasus-kickstart,0.0
4db9762662f005aa,pegasus-kickstart,0.0
4dd4c383b9dcb6be,pegasus-kickstart,0.0
4e1c11d2fc94114e,pegasus-kickstart,0.0
4e6615e41ecf5bf1,pegasus-kickstart,0.0
4e9de27b373e526c,pegasus-kickstart,0.0
4ec851549029c49c,pegasus-kickstart,0.0
4f6e6a1a709ddc1a,pegasus-kickstart,0.0
4f85c02529353660,pegasus-kickstart,0.0
4fa67c2864d0c644,pegasus-kickstart,0.0
4fbccd765201b36a,pegasus-kickstart,0.0
4fd19cc5e81ea295,pegasus-kickstart,0.0
4fe51f0a82572423,pegasus-kickstart,0.0
4fec21a44e783f11,pegasus-kickstart,0.0
4ff7f34f407cf20b,pegasus-kickstart,0.0
4ff82e5378daf3d6,pegasus-kickstart,0.0
5015b3abd8956633,pegasus-kickstart,0.0
50187b34f36ed94f,pegasus-kickstart,0.0
5047f9742c5841f0,pegasus-kickstart,0.0
5063db25a2552829,pegasus-kickstart,0.0
5139461725e3a471,pegasus-kickstart,0.0
515d39ab7bf58aa4,pegasus-kickstart,0.0
51894588f3c91c1d,pegasus-kickstart,0.0
51c1f8a33ebea9cb,pegasus-kickstart,0.0
51de48d097e2e1b5,pegasus-kickstart,0.0
51df15b2187d56f8,pegasus-kickstart,0.0
520ede280f308bb6,pegasus-kickstart,0.0
5215f749f89a6679,pegasus-kickstart,0.0
5228870351076ebe,pegasus-kickstart,0.0
5229589f7722ab9e,pegasus-kickstart,0.0
5265a251b3dee63b,pegasus-kickstart,0.0
5266b2f90d2fe808,pegasus-kickstart,0.0
52ad777c439f5360,pegasus-kickstart,0.0
52bb46db0b4252fd,pegasus-kickstart,0.0
5315ac04af062d9c,pegasus-kickstart,0.0
531a8631b95ff313,pegasus-kickstart,0.0
533761c308a6fa79,pegasus-kickstart,0.0
533e05c0af5cfcb3,pegasus-kickstart,0.0
535bb99b06f1b22c,pegasus-kickstart,0.0
537cb463e1149981,pegasus-kickstart,0.0
541f1734c07a00e9,pegasus-kickstart,0.0
542ebc6dd3789425,pegasus-kickstart,0.0
544b0d0779b3b186,pegasus-kickstart,0.0
544b8063b3dc28f7,pegasus-kickstart,0.0
548848bc7d23a887,pegasus-kickstart,0.0
54a67d3fb8dfe52c,pegasus-kickstart,0.0
5512c57acd517f03,pegasus-kickstart,0.0
5534fde03b182f87,pegasus-kickstart,0.0
5560e488a4784d89,pegasus-kickstart,0.0
5596f20c18d3e93b,pegasus-kickstart,0.0
559d383659a14357,pegasus-kickstart,0.0
55a5cbcc813011f4,pegasus-kickstart,0.0
55c53ab796b29169,pegasus-kickstart,0.0
5636a7261198f6cf,pegasus-kickstart,0.0
56687a555899b8ff,pegasus-kickstart,0.0
5673a5171608adc5,pegasus-kickstart,0.0
56d24b9aaac6edaa,pegasus-kickstart,0.0
56debe6d6e173c97,pegasus-kickstart,0.0
56f00f6a27c1111a,pegasus-kickstart,0.0
56f89cdc93a7678c,pegasus-kickstart,0.0
570e2e3f689bdd97,pegasus-kickstart,0.0
5722cec87b84d3fe,pegasus-kickstart,0.0
573b48e13d9cfb12,pegasus-kickstart,0.0
575b288493f444c9,pegasus-kickstart,0.0
5796ecccc6174edd,pegasus-kickstart,0.0
57a972742bdad8af,pegasus-kickstart,0.0
57cc253a5213b9f7,pegasus-kickstart,0.0
58013c8f0b92cca6,pegasus-kickstart,0.0
580e3501da787039,pegasus-kickstart,0.0
583eb09fd7aa8ad0,pegasus-kickstart,0.0
586636c7d876d856,pegasus-kickstart,0.0
58da809c3e560453,pegasus-kickstart,0.0
58e0ab26b83c7454,pegasus-kickstart,0.0
58e142e778b75b41,pegasus-kickstart,0.0
59004aa2a1f96240,pegasus-kickstart,0.0
595e3395492997ab,pegasus-kickstart,0.0
596203dbec669625,pegasus-kickstart,0.0
5967a2c84e99b683,pegasus-kickstart,0.0
59c71469963a4a42,pegasus-kickstart,0.0
59d6e32d09b3f7d5,pegasus-kickstart,0.0
5a1d8c68a6aec839,pegasus-kickstart,0.0
5a28e63794c914c7,pegasus-kickstart,0.0
5a375474b1f6d8c4,pegasus-kickstart,0.0
5a47327bd4ee9d84,pegasus-kickstart,0.0
5a9412c8e160a1fd,pegasus-kickstart,0.0
5aa2550632ae0fec,pegasus-kickstart,0.0
5aae5d9ec2bffa45,pegasus-kickstart,0.0
5abe3b5bdda424b8,pegasus-kickstart,0.0
5b0b7833b684f4ce,pegasus-kickstart,0.0
5b111e4cae1d3563,pegasus-kickstart,0.0
5b131b9a7206ee0a,pegasus-kickstart,0.0
5b2469fb83c19997,pegasus-kickstart,0.0
5b592235000fb6cf,pegasus-kickstart,0.0
5b75bb5f60eb445c,pegasus-kickstart,0.0
5b996dfaf7b04c3c,pegasus-kickstart,0.0
5babbd818f463729,pegasus-kickstart,0.0
5bf2d2eda6bc35e5,pegasus-kickstart,0.0
5c102194086e15df,pegasus-kickstart,0.0
5c26696daf555c33,pegasus-kickstart,0.0
5c3beedc137ebf87,pegasus-kickstart,0.0
5c489296c03cb906,pegasus-kickstart,0.0
5c5e2d10676d581f,pegasus-kickstart,0.0
5c95105e9cd2e3ea,pegasus-kickstart,0.0
5cccdc9e6afec2fa,pegasus-kickstart,0.0
5cd44067730b70ad,pegasus-kickstart,0.0
5cf54536d6366ee5,pegasus-kickstart,0.0
5d15c2fa339ce72e,pegasus-kickstart,0.0
5d3f4965a8a14469,pegasus-kickstart,0.0
5da80377dc74405a,pegasus-kickstart,0.0
5db46ec414d4b318,pegasus-kickstart,0.0
5dce39146a6fb65e,pegasus-kickstart,0.0
5df04e94e0e967c7,pegasus-kickstart,0.0
5df23fa5e8908542,pegasus-kickstart,0.0
5e64d49a52208a5c,pegasus-kickstart,0.0
5e74d00f62839ec4,pegasus-kickstart,0.0
5ec2fee438c706a2,pegasus-kickstart,0.0
5f10079687c64038,pegasus-kickstart,0.0
5f120c1f57cfcb3e,pegasus-kickstart,0.0
5f99fdfedb3bceee,pegasus-kickstart,0.0
5fa3887efd183d51,pegasus-kickstart,0.0
5fc8bd68d1b7ae99,pegasus-kickstart,0.0
5fe6fd8fd561167b,pegasus-kickstart,0.0
6004a162bdd0be5c,pegasus-kickstart,0.0
6024c9509eeb8568,pegasus-kickstart,0.0
6026e98ed9724e78,pegasus-kickstart,0.0
60ce49f1696bb54d,pegasus-kickstart,0.0
60d908aedb6ab387,pegasus-kickstart,0.0
61284539ae692ec0,pegasus-kickstart,0.0
613a2fa3d468e887,pegasus-kickstart,0.0
613cb05e9855d674,pegasus-kickstart,0.0
616896151e2df004,pegasus-kickstart,0.0
618ab222080b899d,pegasus-kickstart,0.0
61b0221c03e94911,pegasus-kickstart,0.0
61d8a46e1f8df53c,pegasus-kickstart,0.0
61d8c86bdb01dfa4,pegasus-kickstart,0.0
61febd347ab8abbb,pegasus-kickstart,0.0
6206066fb49803fd,pegasus-kickstart,0.0
620adeba5660a76f,pegasus-kickstart,0.0
620be5ef2856fa59,pegasus-kickstart,0.0
62260aa1e3516465,pegasus-kickstart,0.0
623af4a347b9dca5,pegasus-kickstart,0.0
62407ec65487201f,pegasus-kickstart,0.0
6241bb82c349b607,pegasus-kickstart,0.0
624f60900cf38161,pegasus-kickstart,0.0
627e7249b58511a6,pegasus-kickstart,0.0
62f52507e1909dfb,pegasus-kickstart,0.0
62f80bfc059980fe,pegasus-kickstart,0.0
631d1dc55ed80815,pegasus-kickstart,0.0
632d0ea95aeb43df,pegasus-kickstart,0.0
6339dacff26a2a28,pegasus-kickstart,0.0
63ceb4bf0cf1acd7,pegasus-kickstart,0.0
63d516b21b7dff96,pegasus-kickstart,0.0
63dfe157853d2989,pegasus-kickstart,0.0
643bdce22018268c,pegasus-kickstart,0.0
64490294d4041fe5,pegasus-kickstart,0.0
649d182d2acbf3e9,pegasus-kickstart,0.0
64d846cf3f12d592,pegasus-kickstart,0.0
6510d1e32b761ac8,pegasus-kickstart,0.0
655af2afb1402922,pegasus-kickstart,0.0
656b38b270408d4e,pegasus-kickstart,0.0
657191020834f71c,pegasus-kickstart,0.0
6581ffc5e7cdef63,pegasus-kickstart,0.0
65a0f00ae56909c5,pegasus-kickstart,0.0
65c2925556720487,pegasus-kickstart,0.0
65d5f2366c37e50f,pegasus-kickstart,0.0
65eee722e4d6ab45,pegasus-kickstart,0.0
6630b06e802ae165,pegasus-kickstart,0.0
66782eb651b8a877,pegasus-kickstart,0.0
672c079172b5057b,pegasus-kickstart,0.0
672eb8a12a25d606,pegasus-kickstart,0.0
6749ffad78004fd5,pegasus-kickstart,0.0
67d60abe446d1c3c,pegasus-kickstart,0.0
67d953d15a181f4f,pegasus-kickstart,0.0
682d93b8b0fd21fb,pegasus-kickstart,0.0
682de2777cbb79ee,pegasus-kickstart,0.0
685e9eeff4e6ab13,pegasus-kickstart,0.0
6893f7045baf629a,pegasus-kickstart,0.0
68a4c15ba40310b2,pegasus-kickstart,0.0
68f4442b53dce13c,pegasus-kickstart,0.0
690d20d92f80a148,pegasus-kickstart,0.0
69166b0c2ce26f3f,pegasus-kickstart,0.0
69323c868b8d3241,pegasus-kickstart,0.0
693e63d3aa122131,pegasus-kickstart,0.0
694e4da650dfb5dc,pegasus-kickstart,0.0
697bafcbb69e36b2,pegasus-kickstart,0.0
698afb1d0e78fe11,pegasus-kickstart,0.0
69cef637651c0b32,pegasus-kickstart,0.0
69f6e795bf5855ce,pegasus-kickstart,0.0
6a3d91ed3bd5d738,pegasus-kickstart,0.0
6a47f3e160a7fd0e,pegasus-kickstart,0.0
6a59f61fe3420a2e,pegasus-kickstart,0.0
6ad333b3021a17e1,pegasus-kickstart,0.0
6ad3d1b6e3409618,pegasus-kickstart,0.0
6aff2120ea7c54ef,pegasus-kickstart,0.0
6b22429641ae6d92,pegasus-kickstart,0.0
6b65d779c1bf4ee8,pegasus-kickstart,0.0
6b74517e58c1a469,pegasus-kickstart,0.0
6b75a66bdab975b1,pegasus-kickstart,0.0
6b8faace607e1160,pegasus-kickstart,0.0
6bd2b7a474acfcae,pegasus-kickstart,0.0
6bd65a7b25e3896e,pegasus-kickstart,0.0
6bffc2c966416de9,pegasus-kickstart,0.0
6c1899aed0bc8ff4,pegasus-kickstart,0.0
6c73acb4bbcb9bb7,pegasus-kickstart,0.0
6c878b623da67703,pegasus-kickstart,0.0
6c8a8f63cce3c68c,pegasus-kickstart,0.0
6c97b315012f9897,pegasus-kickstart,0.0
6cabde143a3a531c,pegasus-kickstart,0.0
6caf04b7dde5d7dc,pegasus-kickstart,0.0
6cb8d3a5a8e835b1,pegasus-kickstart,0.0
6ccab3c5fcc83a41,pegasus-kickstart,0.0
6cef76cfc254ffac,pegasus-kickstart,0.0
6d135b84bd18fd9f,pegasus-kickstart,0.0
6d6c19a0e66a4197,pegasus-kickstart,0.0
6dac9e55bc49a605,pegasus-kickstart,0.0
6dcfe1db36bde82f,pegasus-kickstart,0.0
6df113573cd2b631,pegasus-kickstart,0.0
6df871a281ecdead,pegasus-kickstart,0.0
6e01836fc1c1af8e,pegasus-kickstart,0.0
6e256412a5c6a75d,pegasus-kickstart,0.0
6e2fb92525a58a2b,pegasus-kickstart,0.0
6e32781ea19a9d58,pegasus-kickstart,0.0
6e5392b698bb9dd4,pegasus-kickstart,0.0
6eb2d7cd1d1920fb,pegasus-kickstart,0.0
6f520df2649d35ef,pegasus-kickstart,0.0
6f53f7f7575614bf,pegasus-kickstart,0.0
6f64ec0dacd74591,pegasus-kickstart,0.0
6f671d63c2f6da2b,pegasus-kickstart,0.0
6fbc9bd440a00863,pegasus-kickstart,0.0
703fe36f4c26d80f,pegasus-kickstart,0.0
704b88be71d8cef4,pegasus-kickstart,0.0
70814094a5fe2e06,pegasus-kickstart,0.0
70b6d04288a57c92,pegasus-kickstart,0.0
70baa0f79ce00a70,pegasus-kickstart,0.0
70bed0aa15a45d7a,pegasus-kickstart,0.0
70c39e9f523dd813,pegasus-kickstart,0.0
70d55b833945590b,pegasus-kickstart,0.0
710beeaef20e6bbf,pegasus-kickstart,0.0
7125287a68ecd0f4,pegasus-kickstart,0.0
71b1f87b63119aab,pegasus-kickstart,0.0
71b50d1a508e8534,pegasus-kickstart,0.0
71e9b8b34dfcc0d8,pegasus-kickstart,0.0
71f0a74be9cfc53e,pegasus-kickstart,0.0
722ff4a7b9b9772f,pegasus-kickstart,0.0
72314beb37f539df,pegasus-kickstart,0.0
7242163aa49c6795,pegasus-kickstart,0.0
727f54046c1a3c79,pegasus-kickstart,0.0
728ddc470328a841,pegasus-kickstart,0.0
7294d173c8d4ba8c,pegasus-kickstart,0.0
72dd55171181923e,pegasus-kickstart,0.0
731880d91e4117ec,pegasus-kickstart,0.0
7342fece9fcbda98,pegasus-kickstart,0.0
7356dcc740197610,pegasus-kickstart,0.0
736a0f2a1f291593,pegasus-kickstart,0.0
739dbe055464c051,pegasus-kickstart,0.0
74060339b0d582fc,pegasus-kickstart,0.0
741242b62b44f9b3,pegasus-kickstart,0.0
741599a285fde8f0,pegasus-kickstart,0.0
742b35bf62ba7660,pegasus-kickstart,0.0
7441d15dc1ce90ec,pegasus-kickstart,0.0
7471ef69b3ddfd6e,pegasus-kickstart,0.0
7486e1401692630b,pegasus-kickstart,0.0
748cc797a3732734,pegasus-kickstart,0.0
74d28cce3e93b63f,pegasus-kickstart,0.0
74e9eec9a4928d58,pegasus-kickstart,0.0
7504d2cfa61c2bdc,pegasus-kickstart,0.0
750b7df2039a3a32,pegasus-kickstart,0.0
75576934f5721ea6,pegasus-kickstart,0.0
758aef06493a8525,pegasus-kickstart,0.0
75bda87b58fb9019,pegasus-kickstart,0.0
75c88f13086dcdfd,pegasus-kickstart,0.0
75d128e73fceac87,pegasus-kickstart,0.0
761dcd0aa424de16,pegasus-kickstart,0.0
76432535b8b1e4ae,pegasus-kickstart,0.0
764a52357e178d34,pegasus-kickstart,0.0
76506a236e71295e,pegasus-kickstart,0.0
7667a789f7351bcd,pegasus-kickstart,0.0
769ae25d28d95738,pegasus-kickstart,0.0
76c725bb03be2544,pegasus-kickstart,0.0
773ec6a244e44de8,pegasus-kickstart,0.0
7746854449e15b6c,pegasus-kickstart,0.0
776622774f1f4be1,pegasus-kickstart,0.0
77a2ce5c6440ce7e,pegasus-kickstart,0.0
77c0d3986605b418,pegasus-kickstart,0.0
77ffc360c99fcb8e,pegasus-kickstart,0.0
7810fd2a1193fa8d,pegasus-kickstart,0.0
783581de2e2793b3,pegasus-kickstart,0.0
786721730a3c613a,pegasus-kickstart,0.0
78acaf6704b5afc9,pegasus-kickstart,0.0
78bdfe725d05c85e,pegasus-kickstart,0.0
78c1660902c39f00,pegasus-kickstart,0.0
791f76923a99ad06,pegasus-kickstart,0.0
7921a75c7a32b19f,pegasus-kickstart,0.0
792a672341be75b2,pegasus-kickstart,0.0
79351a3644c1846f,pegasus-kickstart,0.0
797b8b1e0ef24597,pegasus-kickstart,0.0
798648fe77bb734e,pegasus-kickstart,0.0
7a0994462d0f9ce1,pegasus-kickstart,0.0
7a4529fb8217a856,pegasus-kickstart,0.0
7a80aee640116121,pegasus-kickstart,0.0
7a9c82b1a8886b71,pegasus-kickstart,0.0
7aa36d0bb461d94c,pegasus-kickstart,0.0
7aa62d4862807cad,pegasus-kickstart,0.0
7ab6d958f64291eb,pegasus-kickstart,0.0
7ac0e88ae50b1229,pegasus-kickstart,0.0
7b0768394cda6702,pegasus-kickstart,0.0
7b141ed819411bbd,pegasus-kickstart,0.0
7b2cc592f3cdd199,pegasus-kickstart,0.0
7b3bf9879258ba96,pegasus-kickstart,0.0
7b90f163f057240b,pegasus-kickstart,0.0
7b9c16c8dad25e6b,pegasus-kickstart,0.0
7bc2e763edbba2e6,pegasus-kickstart,0.0
7bf052b6e328c973,pegasus-kickstart,0.0
7c0553e6811a29c5,pegasus-kickstart,0.0
7c164196e3185121,pegasus-kickstart,0.0
7c9741f51ec1ba9f,pegasus-kickstart,0.0
7cbc857c840b6c5a,pegasus-kickstart,0.0
7ceb25f97c0fd2eb,pegasus-kickstart,0.0
7cfcc9c9a2698797,pegasus-kickstart,0.0
7d2b590839d83e4c,pegasus-kickstart,0.0
7d2bd5cc9c01a08a,pegasus-kickstart,0.0
7d52c266d0f84d15,pegasus-kickstart,0.0
7d6bfbb30700b2da,pegasus-kickstart,0.0
7d6c89c8b8c253a1,pegasus-kickstart,0.0
7d88c468d87e1f9c,pegasus-kickstart,0.0
7dbe783cc1479092,pegasus-kickstart,0.0
7dcb0da4ad5bfd23,pegasus-kickstart,0.0
7de7da652b44ac5a,pegasus-kickstart,0.0
7e1c6b54ecef0186,pegasus-kickstart,0.0
7e30af594c0a0221,pegasus-kickstart,0.0
7e45d906b7f68c9a,pegasus-kickstart,0.0
7e55ad3f22a5d844,pegasus-kickstart,0.0
7e7a0c830fdbee23,pegasus-kickstart,0.0
7e99783757ba59bf,pegasus-kickstart,0.0
7ea33b21213c085a,pegasus-kickstart,0.0
7eb71a41477c4c5a,pegasus-kickstart,0.0
7eb9e43053f76f3b,pegasus-kickstart,0.0
7ebb8e1a88125039,pegasus-kickstart,0.0
7ebe7f7f29c6a72a,pegasus-kickstart,0.0
7ec507219fb73eb5,pegasus-kickstart,0.0
7ecfa7cbe2abe8ef,pegasus-kickstart,0.0
7ef49dd541e6631a,pegasus-kickstart,0.0
7f11015e3a300098,pegasus-kickstart,0.0
7f112e6247a91c71,pegasus-kickstart,0.0
7f2fe0146d8e059a,pegasus-kickstart,0.0
7f6916228b5a1c4b,pegasus-kickstart,0.0
7f7d80d1df488f69,pegasus-kickstart,0.0
7f9f5bb48abebac8,pegasus-kickstart,0.0
800c5df3313662b0,pegasus-kickstart,0.0
8025030a5d6b110b,pegasus-kickstart,0.0
810da292a0ba39d3,pegasus-kickstart,0.0
811ce97414672ef3,pegasus-kickstart,0.0
8123c02ff74ab37d,pegasus-kickstart,0.0
81499e809bee88b9,pegasus-kickstart,0.0
816645d55ec197fc,pegasus-kickstart,0.0
8178676c37a9a888,pegasus-kickstart,0.0
81c824ea84156c21,pegasus-kickstart,0.0
81e78da18547b630,pegasus-kickstart,0.0
8250a21fed8144a2,pegasus-kickstart,0.0
825a783c1ee39c99,pegasus-kickstart,0.0
8293bb3ac024515f,pegasus-kickstart,0.0
82c90665fc6c1b4d,pegasus-kickstart,0.0
836b06bf07e7474b,pegasus-kickstart,0.0
837134d3f5ff3b77,pegasus-kickstart,0.0
83c611410a0cf0d4,pegasus-kickstart,0.0
842012f1083bbf50,pegasus-kickstart,0.0
84362a5ae3ebbc07,pegasus-kickstart,0.0
84769feb4abedb6e,pegasus-kickstart,0.0
8480acc39c9dbc2c,pegasus-kickstart,0.0
848bbde2054d6a88,pegasus-kickstart,0.0
84a6621f9ae5d1bc,pegasus-kickstart,0.0
84e36ff8ef56af0c,pegasus-kickstart,0.0
84f24375e4fdb8df,pegasus-kickstart,0.0
8512821cca3366f4,pegasus-kickstart,0.0
85326d7d38fdbd8c,pegasus-kickstart,0.0
856b489e5b929d81,pegasus-kickstart,0.0
85a7585e514bbfa9,pegasus-kickstart,0.0
85c045defcaab6a9,pegasus-kickstart,0.0
85e7943e9dd6a9c9,pegasus-kickstart,0.0
863587005d4105f1,pegasus-kickstart,0.0
864d36a7eede18ef,pegasus-kickstart,0.0
8669adfb3302d20d,pegasus-kickstart,0.0
868b86cfa3bb8ef8,pegasus-kickstart,0.0
86b2711e22bba954,pegasus-kickstart,0.0
870bd2692c0ae3cc,pegasus-kickstart,0.0
871f65cfc0ddca22,pegasus-kickstart,0.0
87359189ff0510c0,pegasus-kickstart,0.0
87bf27b01158c664,pegasus-kickstart,0.0
8825a3843cca6a23,pegasus-kickstart,0.0
88676456799efb8a,pegasus-kickstart,0.0
88790a115097bed2,pegasus-kickstart,0.0
88d51ec9e827f498,pegasus-kickstart,0.0
88db13c78795f737,pegasus-kickstart,0.0
88fe3f90713f010c,pegasus-kickstart,0.0
893530c871122f5b,pegasus-kickstart,0.0
8968b08736911e2e,pegasus-kickstart,0.0
8970e4dbaebdcc46,pegasus-kickstart,0.0
897932231c41036d,pegasus-kickstart,0.0
89a94f9966ceeb56,pegasus-kickstart,0.0
89b6e41ee523edb5,pegasus-kickstart,0.0
8a738d7afa6523ee,pegasus-kickstart,0.0
8a9d7f58fa9863e4,pegasus-kickstart,0.0
8abb52fee7a70113,pegasus-kickstart,0.0
8addb25f24ea094c,pegasus-kickstart,0.0
8b2fc64e79e7c027,pegasus-kickstart,0.0
8b4df51eff683bff,pegasus-kickstart,0.0
8b6ca67bb9bacf8a,pegasus-kickstart,0.0
8b896efb302dc5e5,pegasus-kickstart,0.0
8b95dbae9014514c,pegasus-kickstart,0.0
8ba1a862c11355c9,pegasus-kickstart,0.0
8bd5756144a529ea,pegasus-kickstart,0.0
8bda928e2b5e2d3a,pegasus-kickstart,0.0
8bf866a5d40d382c,pegasus-kickstart,0.0
8c12b8664e12de5d,pegasus-kickstart,0.0
8c45b9235dc4528d,pegasus-kickstart,0.0
8c52e3d82dcee481,pegasus-kickstart,0.0
8c82f5854f6006e9,pegasus-kickstart,0.0
8caea9e27c31b24b,pegasus-kickstart,0.0
8cb572914acc4d7d,pegasus-kickstart,0.0
8cc506a7b27735d5,pegasus-kickstart,0.0
8ccb7f9a5a429c70,pegasus-kickstart,0.0
8cd039fe1cbcc7ad,pegasus-kickstart,0.0
8cebc7cc9e74664d,pegasus-kickstart,0.0
8d04491f27ede1a4,pegasus-kickstart,0.0
8d1d7dc9d183539f,pegasus-kickstart,0.0
8d1fbcee9267fe2e,pegasus-kickstart,0.0
8d2b0a569f6aaee7,pegasus-kickstart,0.0
8d328f04200be4dd,pegasus-kickstart,0.0
8d337b95c3a59717,pegasus-kickstart,0.0
8d544fc53f96f5ed,pegasus-kickstart,0.0
8d6c84ebd86e57eb,pegasus-kickstart,0.0
8d7403c5b4c6b20d,pegasus-kickstart,0.0
8da18ea31fec4a1f,pegasus-kickstart,0.0
8e490a0c067d818d,pegasus-kickstart,0.0
8e773d49b51a95f7,pegasus-kickstart,0.0
8e78bf27d9731f94,pegasus-kickstart,0.0
8e917463f5f9dcdd,pegasus-kickstart,0.0
8e931344ac2569a8,pegasus-kickstart,0.0
8e9e43a17c233bc9,pegasus-kickstart,0.0
8e9f0d7bafbe470c,pegasus-kickstart,0.0
8ea6f178379dccd9,pegasus-kickstart,0.0
8ee6d0a98b1e2899,pegasus-kickstart,0.0
8ee6fd7eeca8003d,pegasus-kickstart,0.0
8f94132c80bdbf0a,pegasus-kickstart,0.0
8fa0a24689d615d0,pegasus-kickstart,0.0
8fc2ba3506891cf3,pegasus-kickstart,0.0
8fccdf6b18831929,pegasus-kickstart,0.0
8fdeddfe7558bcd2,pegasus-kickstart,0.0
8fe5c4027451f56c,pegasus-kickstart,0.0
901f4195c3c3b450,pegasus-kickstart,0.0
90467975b4c5953d,pegasus-kickstart,0.0
904c9f84b8a2bd46,pegasus-kickstart,0.0
908089856543fc66,pegasus-kickstart,0.0
9094c56bd3648128,pegasus-kickstart,0.0
90da3908cbf39b24,pegasus-kickstart,0.0
91095563766d7f2c,pegasus-kickstart,0.0
91136ebe9d37d486,pegasus-kickstart,0.0
911ba792ed83ae2a,pegasus-kickstart,0.0
915d690e36578bcc,pegasus-kickstart,0.0
916f6828c5fe51e5,pegasus-kickstart,0.0
919a9228d2304fb3,pegasus-kickstart,0.0
91bd2525c47e97b4,pegasus-kickstart,0.0
91c5bc6c9d84a495,pegasus-kickstart,0.0
91d8a9505aa715e4,pegasus-kickstart,0.0
91e1f2f1d924e62b,pegasus-kickstart,0.0
91e580ee580bbc80,pegasus-kickstart,0.0
91f02be36d86817e,pegasus-kickstart,0.0
92030cbb93c6a24d,pegasus-kickstart,0.0
9206ecaba64570c8,pegasus-kickstart,0.0
9239428e535f18c4,pegasus-kickstart,0.0
927c59918cab766e,pegasus-kickstart,0.0
928d31e4f7847290,pegasus-kickstart,0.0
9295cce3ddbbd85e,pegasus-kickstart,0.0
92aaaa0a3e3a28aa,pegasus-kickstart,0.0
92c02190861ba235,pegasus-kickstart,0.0
92ccd53aa366110f,pegasus-kickstart,0.0
92d1ba41b1a1de0d,pegasus-kickstart,0.0
92f5374c4bf57331,pegasus-kickstart,0.0
9302f78c3557cf37,pegasus-kickstart,0.0
9329234d251dc62e,pegasus-kickstart,0.0
93432e43690492a1,pegasus-kickstart,0.0
939a70629d449445,pegasus-kickstart,0.0
93a567dbd5277c82,pegasus-kickstart,0.0
93d2b70387a23544,pegasus-kickstart,0.0
93f33dac868eda42,pegasus-kickstart,0.0
9434486230bea5c0,pegasus-kickstart,0.0
9443db896b1478b5,pegasus-kickstart,0.0
944ef0793e26caaf,pegasus-kickstart,0.0
946db176d8f21608,pegasus-kickstart,0.0
9491ecfe785e4ae8,pegasus-kickstart,0.0
9494645fbca5a957,pegasus-kickstart,0.0
9496a4d8cf47d71d,pegasus-kickstart,0.0
94daae5bb4b9c4ab,pegasus-kickstart,0.0
94dffc2b0e4c8d0a,pegasus-kickstart,0.0
9517af5b30863fe7,pegasus-kickstart,0.0
95596881d9c0a557,pegasus-kickstart,0.0
95f9094a1c73d047,pegasus-kickstart,0.0
9608095b4c4dae0b,pegasus-kickstart,0.0
9643890e7aba483b,pegasus-kickstart,0.0
964d4bac604f844c,pegasus-kickstart,0.0
96f68c06fafb8c89,pegasus-kickstart,0.0
974290bd495dd9a5,pegasus-kickstart,0.0
97a9724415dcdc92,pegasus-kickstart,0.0
97d92f393c5afa9c,pegasus-kickstart,0.0
97fce7bf3a0bdc20,pegasus-kickstart,0.0
98218dd882a76ca0,pegasus-kickstart,0.0
98441cbb7d639406,pegasus-kickstart,0.0
98aa9f9c35fe2d64,pegasus-kickstart,0.0
98b2489b8bed2d50,pegasus-kickstart,0.0
98bb1e3a5fbcdf1e,pegasus-kickstart,0.0
98d3c95b41ad6edf,pegasus-kickstart,0.0
98e0a2e34848c13f,pegasus-kickstart,0.0
98e129d0bc888e49,pegasus-kickstart,0.0
99240ede71fcd6a9,pegasus-kickstart,0.0
9928f2d06e8b890a,pegasus-kickstart,0.0
992d4db02e5f1d7f,pegasus-kickstart,0.0
9946354bc863debe,pegasus-kickstart,0.0
9973c639deeb7ede,pegasus-kickstart,0.0
99857c727ddcd849,pegasus-kickstart,0.0
99be2c47eecba31c,pegasus-kickstart,0.0
99d68c662d9ec06e,pegasus-kickstart,0.0
99e69b2091494e1c,pegasus-kickstart,0.0
9a040f8626462df3,pegasus-kickstart,0.0
9a0807ff6f72441f,pegasus-kickstart,0.0
9a2a03c6b5d60c45,pegasus-kickstart,0.0
9a4c5c29a0d60f02,pegasus-kickstart,0.0
9a556f546b8e77cc,pegasus-kickstart,0.0
9acdd93218733d11,pegasus-kickstart,0.0
9ae00d6a5bf3be29,pegasus-kickstart,0.0
9b33a1c1adf0a2f6,pegasus-kickstart,0.0
9b73627ba4eefe73,pegasus-kickstart,0.0
9b8098be69675cfd,pegasus-kickstart,0.0
9b99242c6ef50808,pegasus-kickstart,0.0
9b9fb1d3c8ef5ecd,pegasus-kickstart,0.0
9ba9661d00bc425b,pegasus-kickstart,0.0
9bb970fba6573060,pegasus-kickstart,0.0
9be2da77ffbc7bfe,pegasus-kickstart,0.0
9c56d02990ca18d0,pegasus-kickstart,0.0
9c7773e2c5864b98,pegasus-kickstart,0.0
9c8a51c774407bb9,pegasus-kickstart,0.0
9c96a59dbe8f2669,pegasus-kickstart,0.0
9cd170cfa3d5d4a8,pegasus-kickstart,0.0
9cd5137a00620c23,pegasus-kickstart,0.0
9d39dd6251697b10,pegasus-kickstart,0.0
9d4f262044e7923d,pegasus-kickstart,0.0
9d5da7acafeae5a8,pegasus-kickstart,0.0
9d6218ae6842f3ed,pegasus-kickstart,0.0
9dbe6f2f08820b7f,pegasus-kickstart,0.0
9e02b9086639b895,pegasus-kickstart,0.0
9e43dfb99962c8c0,pegasus-kickstart,0.0
9e85770ee3e4712a,pegasus-kickstart,0.0
9e8b5584f25367fd,pegasus-kickstart,0.0
9e95a517f68eda51,pegasus-kickstart,0.0
9eb15347b61ec1b1,pegasus-kickstart,0.0
9eb56c6250f23fca,pegasus-kickstart,0.0
9eba11ef1c1bd3c0,pegasus-kickstart,0.0
9ec8fb91c1f72014,pegasus-kickstart,0.0
9ed56772d30b4a9b,pegasus-kickstart,0.0
9eda4ff314f3ac6d,pegasus-kickstart,0.0
9f04d1e88b9fbe15,pegasus-kickstart,0.0
9f288ed817d69d6e,pegasus-kickstart,0.0
9f2b118b1ad6d56c,pegasus-kickstart,0.0
9f3a69a80953769c,pegasus-kickstart,0.0
9f5585b2b197e905,pegasus-kickstart,0.0
9f92acf839369005,pegasus-kickstart,0.0
9fa14143d641e735,pegasus-kickstart,0.0
9fa8bff46fd7084d,pegasus-kickstart,0.0
9fab7791334489de,pegasus-kickstart,0.0
9fc959107651f616,pegasus-kickstart,0.0
9fdd341858a64fad,pegasus-kickstart,0.0
9fefe94ad286ccbf,pegasus-kickstart,0.0
9ff0e2cbd9145706,pegasus-kickstart,0.0
a00976ec459dc9fe,pegasus-kickstart,0.0
a03b89cf88e2652d,pegasus-kickstart,0.0
a07d32fbc61c59d4,pegasus-kickstart,0.0
a0dc2421f7f1b413,pegasus-kickstart,0.0
a0e170e67270fe1a,pegasus-kickstart,0.0
a0ebfae7e1dc3896,pegasus-kickstart,0.0
a138bc7f09b988a6,pegasus-kickstart,0.0
a15f510bc539d308,pegasus-kickstart,0.0
a17bbe3f09a44cc4,pegasus-kickstart,0.0
a1885399bfc59c6d,pegasus-kickstart,0.0
a1cc38a887b6d7af,pegasus-kickstart,0.0
a22484cb558150e6,pegasus-kickstart,0.0
a25e0aed063c6b39,pegasus-kickstart,0.0
a26a8bf80667d7f8,pegasus-kickstart,0.0
a292ea4405806047,pegasus-kickstart,0.0
a296ad26723d5a85,pegasus-kickstart,0.0
a32f7f10f5630ab9,pegasus-kickstart,0.0
a3662b4c351b5b35,pegasus-kickstart,0.0
a378995c80028a80,pegasus-kickstart,0.0
a3dba0c939ba55c5,pegasus-kickstart,0.0
a3fb4b5ed62b70cb,pegasus-kickstart,0.0
a418a0f43f488299,pegasus-kickstart,0.0
a43ac354d1f03f80,pegasus-kickstart,0.0
a46cc94236209bb0,pegasus-kickstart,0.0
a4889ccb406a901d,pegasus-kickstart,0.0
a4b049f73a1435ef,pegasus-kickstart,0.0
a4ed30d963e85c4c,pegasus-kickstart,0.0
a4f7d5c868928b88,pegasus-kickstart,0.0
a50985765dadb721,pegasus-kickstart,0.0
a56512039e45fc07,pegasus-kickstart,0.0
a568d57d32582875,pegasus-kickstart,0.0
a57968a55c6a6cba,pegasus-kickstart,0.0
a594c53cb7aeadb1,pegasus-kickstart,0.0
a61c4e8c45e5aeb0,pegasus-kickstart,0.0
a6a2f4ed76c168ff,pegasus-kickstart,0.0
a6f1adb920b020b3,pegasus-kickstart,0.0
a71a20ebee98777d,pegasus-kickstart,0.0
a724920c9db54d5a,pegasus-kickstart,0.0
a75ebde7ce7acb66,pegasus-kickstart,0.0
a765f5df9df443d9,pegasus-kickstart,0.0
a784e6aa7a7bb27d,pegasus-kickstart,0.0
a7b575e3f7cc9ff0,pegasus-kickstart,0.0
a7b9112b968fa779,pegasus-kickstart,0.0
a80380ad7dfd6859,pegasus-kickstart,0.0
a82bcc3e9b2dc3fb,pegasus-kickstart,0.0
a83f81efdf77391d,pegasus-kickstart,0.0
a87a303d2a1a750b,pegasus-kickstart,0.0
a87c463c7e93dccf,pegasus-kickstart,0.0
a899fd69e8777a5f,pegasus-kickstart,0.0
a8a0653db9c937b3,pegasus-kickstart,0.0
a918dd9ecfb294c7,pegasus-kickstart,0.0
a9356658d02025c6,pegasus-kickstart,0.0
a9358da81ce121b3,pegasus-kickstart,0.0
a95000a3b0d7e313,pegasus-kickstart,0.0
a960250919e219e1,pegasus-kickstart,0.0
a97b23151d0e91b8,pegasus-kickstart,0.0
a99b3448e96fbaf4,pegasus-kickstart,0.0
a9bacde0dd0f217a,pegasus-kickstart,0.0
a9ddff9d2d59b8fa,pegasus-kickstart,0.0
a9ec48282bffa527,pegasus-kickstart,0.0
aa81673012920768,pegasus-kickstart,0.0
aa91d9d9bac58c47,pegasus-kickstart,0.0
aacf975e9c9056d1,pegasus-kickstart,0.0
aadca9a6090ef6ae,pegasus-kickstart,0.0
aade08a147308954,pegasus-kickstart,0.0
aaf3987d14fcb902,pegasus-kickstart,0.0
ab1532e32692c12f,pegasus-kickstart,0.0
ab1e3284deb06fd1,pegasus-kickstart,0.0
ab3c191450c932d4,pegasus-kickstart,0.0
ab50b7d88a020976,pegasus-kickstart,0.0
ab5ef96507affd16,pegasus-kickstart,0.0
ab602b5015ae298b,pegasus-kickstart,0.0
ab60669b7d2d6de0,pegasus-kickstart,0.0
ab64a93e0d67a1da,pegasus-kickstart,0.0
ab96747f363370ba,pegasus-kickstart,0.0
ab9b4d117ba2c207,pegasus-kickstart,0.0
abab810d197a5a15,pegasus-kickstart,0.0
abd9fa1136061026,pegasus-kickstart,0.0
ac11b6cb8a2c13eb,pegasus-kickstart,0.0
ac4a6d2bad99475f,pegasus-kickstart,0.0
ac55835a00581f89,pegasus-kickstart,0.0
ac7b14ae62c8ca31,pegasus-kickstart,0.0
ac93deee9a0c8158,pegasus-kickstart,0.0
accd16c403edd3ba,pegasus-kickstart,0.0
acf38616d8d047ec,pegasus-kickstart,0.0
acf52440739085c1,pegasus-kickstart,0.0
ad04bf186ef7c10a,pegasus-kickstart,0.0
ad697f39e9076d59,pegasus-kickstart,0.0
ae213513540852a1,pegasus-kickstart,0.0
ae4be0d012066fe7,pegasus-kickstart,0.0
ae7763b853777771,pegasus-kickstart,0.0
ae9d9401ed0c0e61,pegasus-kickstart,0.0
aeb136945d937760,pegasus-kickstart,0.0
af04e968ebd468a5,pegasus-kickstart,0.0
af1290d5b4df548b,pegasus-kickstart,0.0
af3f8b84ebb9d624,pegasus-kickstart,0.0
af66f2c6fc470d56,pegasus-kickstart,0.0
af8c6788161f5d58,pegasus-kickstart,0.0
aff336cbc3945730,pegasus-kickstart,0.0
b01a4852e51b8f79,pegasus-kickstart,0.0
b02e85fc4453113a,pegasus-kickstart,0.0
b03027339ac0dfd0,pegasus-kickstart,0.0
b0428422030a20c3,pegasus-kickstart,0.0
b06f49bdf9010eb5,pegasus-kickstart,0.0
b0be369991b5904e,pegasus-kickstart,0.0
b0c6f884637b1f5a,pegasus-kickstart,0.0
b0d590a319dd1de7,pegasus-kickstart,0.0
b0efca5c1f0e4c3e,pegasus-kickstart,0.0
b10a0a0f28685543,pegasus-kickstart,0.0
b10af27285291633,pegasus-kickstart,0.0
b133b8a81486dadc,pegasus-kickstart,0.0
b1a01a2a37f4acbc,pegasus-kickstart,0.0
b1ad976845dee6e0,pegasus-kickstart,0.0
b1e3b541d4a19f20,pegasus-kickstart,0.0
b1e4e59ff0e72a35,pegasus-kickstart,0.0
b1edb7001b9d0942,pegasus-kickstart,0.0
b217e254d3da7006,pegasus-kickstart,0.0
b2666a024073042f,pegasus-kickstart,0.0
b28ff3b4d4111370,pegasus-kickstart,0.0
b293f41394783953,pegasus-kickstart,0.0
b2a9e461aeea2ab5,pegasus-kickstart,0.0
b2b1791c5be04d9a,pegasus-kickstart,0.0
b2ee37b12de74e09,pegasus-kickstart,0.0
b335df11c0c340c8,pegasus-kickstart,0.0
b39807e624e08cf9,pegasus-kickstart,0.0
b3b1d8a16700a253,pegasus-kickstart,0.0
b3dac5664051eb41,pegasus-kickstart,0.0
b4143ff93ddf15f3,pegasus-kickstart,0.0
b429f552d31c11fc,pegasus-kickstart,0.0
b43e0e4c96653d64,pegasus-kickstart,0.0
b445d8204aacfaff,pegasus-kickstart,0.0
b457925500c18994,pegasus-kickstart,0.0
b486fd572c498f24,pegasus-kickstart,0.0
b4ff69470128b0aa,pegasus-kickstart,0.0
b50cb093b5b7e9e8,pegasus-kickstart,0.0
b52bf1ba966007ea,pegasus-kickstart,0.0
b54d2999a9f8b8fe,pegasus-kickstart,0.0
b594f4dd164ec7fa,pegasus-kickstart,0.0
b5ae31b0a5ffc2f0,pegasus-kickstart,0.0
b5d45bf41d973fbd,pegasus-kickstart,0.0
b613551ec3731590,pegasus-kickstart,0.0
b61722e7f34d4931,pegasus-kickstart,0.0
b674863da0add7ae,pegasus-kickstart,0.0
b6a5bc492ec87552,pegasus-kickstart,0.0
b6c16afc814b4add,pegasus-kickstart,0.0
b6e19ebf7af4ed4e,pegasus-kickstart,0.0
b729ac1b430a1610,pegasus-kickstart,0.0
b72b6a6ec0434ef4,pegasus-kickstart,0.0
b754776be8954b98,pegasus-kickstart,0.0
b784b9fbb611582d,pegasus-kickstart,0.0
b7e67bf99cdc9cc0,pegasus-kickstart,0.0
b7ec75d772181782,pegasus-kickstart,0.0
b7f6db94ca883953,pegasus-kickstart,0.0
b81154bda9693e2a,pegasus-kickstart,0.0
b871edb02bcb381c,pegasus-kickstart,0.0
b90617d07b23f104,pegasus-kickstart,0.0
b916d162784cc566,pegasus-kickstart,0.0
b9926ba589ebb5a1,pegasus-kickstart,0.0
b9d9dfcf85bf225c,pegasus-kickstart,0.0
b9de25a9fe426df9,pegasus-kickstart,0.0
b9f3c50e49bded3d,pegasus-kickstart,0.0
ba027bb698eefba5,pegasus-kickstart,0.0
ba35ced8e3ef5c2b,pegasus-kickstart,0.0
ba39dbe22afa872d,pegasus-kickstart,0.0
ba3be7b15260324d,pegasus-kickstart,0.0
ba63b45c9a8a5891,pegasus-kickstart,0.0
ba86c76f4d55ca58,pegasus-kickstart,0.0
ba8e46af5af31cd1,pegasus-kickstart,0.0
ba9331a655a7ea85,pegasus-kickstart,0.0
bacac0b7204b58a3,pegasus-kickstart,0.0
bb47bde1b503e50c,pegasus-kickstart,0.0
bb5c4cd1ee235197,pegasus-kickstart,0.0
bb669681631a2d5d,pegasus-kickstart,0.0
bb6b9382a51f96ad,pegasus-kickstart,0.0
bbe71d62cd0cec0a,pegasus-kickstart,0.0
bbe7e6ce90c953cb,pegasus-kickstart,0.0
bc1f455902e66930,pegasus-kickstart,0.0
bc7508be70eb047e,pegasus-kickstart,0.0
bc935624b6577408,pegasus-kickstart,0.0
bca915e192a29a78,pegasus-kickstart,0.0
bcaee6abf89bf5ae,pegasus-kickstart,0.0
bcb5534cb2cced7e,pegasus-kickstart,0.0
bcf21cfa682d3a82,pegasus-kickstart,0.0
bd24dfc8622643dd,pegasus-kickstart,0.0
bd79a9738bee7c4f,pegasus-kickstart,0.0
bd7e7d9dfa6bf933,pegasus-kickstart,0.0
bd7eac81d5846860,pegasus-kickstart,0.0
bda03f288f31c28c,pegasus-kickstart,0.0
bdab9c41338c7206,pegasus-kickstart,0.0
bdc6c722ff908660,pegasus-kickstart,0.0
bddb2fdc66a9e90c,pegasus-kickstart,0.0
be0576b316d204b7,pegasus-kickstart,0.0
be07b73078824dda,pegasus-kickstart,0.0
be2098e6538a1f82,pegasus-kickstart,0.0
be3b05f9686f81dd,pegasus-kickstart,0.0
be45e34a8693697a,pegasus-kickstart,0.0
be460b04c1dc7412,pegasus-kickstart,0.0
be6faa4ca9495760,pegasus-kickstart,0.0
be7976fd924f22d3,pegasus-kickstart,0.0
be80c79f4fa440c4,pegasus-kickstart,0.0
bea8d29579f5ae01,pegasus-kickstart,0.0
beae0dd6d085e9b6,pegasus-kickstart,0.0
beca287e23585478,pegasus-kickstart,0.0
beebcac9e2b6ebc2,pegasus-kickstart,0.0
bf08eaff2b3f8439,pegasus-kickstart,0.0
bf58303b4736b069,pegasus-kickstart,0.0
bf8ff170141f8902,pegasus-kickstart,0.0
bfe084f9f5638e13,pegasus-kickstart,0.0
bfe4b4ff22a57f0c,pegasus-kickstart,0.0
c066169aaa218d92,pegasus-kickstart,0.0
c110761446df3584,pegasus-kickstart,0.0
c16a636b12fe8706,pegasus-kickstart,0.0
c18f44ee004c89ac,pegasus-kickstart,0.0
c1c7e9e16bdb3fd7,pegasus-kickstart,0.0
c2039b6dc2078a38,pegasus-kickstart,0.0
c22ad3ea44d8831a,pegasus-kickstart,0.0
c2913f7cdfed1809,pegasus-kickstart,0.0
c2921b4a35f91814,pegasus-kickstart,0.0
c29df86c821bb21d,pegasus-kickstart,0.0
c2b59bd781d29bd5,pegasus-kickstart,0.0
c2fc7eab60c6cb78,pegasus-kickstart,0.0
c314a99294dadfc0,pegasus-kickstart,0.0
c325367a265efb3c,pegasus-kickstart,0.0
c330058f9e0c8105,pegasus-kickstart,0.0
c37a3a2e06c606a1,pegasus-kickstart,0.0
c3f726deaeb9e8de,pegasus-kickstart,0.0
c40997ab0d76a8d6,pegasus-kickstart,0.0
c443a413b3b1eb68,pegasus-kickstart,0.0
c467ae19b0ebaeb5,pegasus-kickstart,0.0
c473eb40e985a5d5,pegasus-kickstart,0.0
c49af5ca941b3e0a,pegasus-kickstart,0.0
c55f9e9070e8ba5f,pegasus-kickstart,0.0
c5678b2f9d3a9e6b,pegasus-kickstart,0.0
c5fa0951b1cab320,pegasus-kickstart,0.0
c6172bdc791deb27,pegasus-kickstart,0.0
c6431083931ce761,pegasus-kickstart,0.0
c676151b692d29fb,pegasus-kickstart,0.0
c69b7784ca7b7ad4,pegasus-kickstart,0.0
c6ad706b5bbd243f,pegasus-kickstart,0.0
c6b0ceff853ddc8e,pegasus-kickstart,0.0
c6f5f2c5b84941d6,pegasus-kickstart,0.0
c7434ff909ae072a,pegasus-kickstart,0.0
c753f275c50b67e4,pegasus-kickstart,0.0
c79e5257f8f6b9eb,pegasus-kickstart,0.0
c7acf89ddfaea243,pegasus-kickstart,0.0
c7c67f0f719c3d17,pegasus-kickstart,0.0
c7dfa6c6f5fb7eb3,pegasus-kickstart,0.0
c7e9239cb8e49974,pegasus-kickstart,0.0
c8212cbea87f5de1,pegasus-kickstart,0.0
c836288cb5928670,pegasus-kickstart,0.0
c866605a4c555d20,pegasus-kickstart,0.0
c8ac803c080e6fbe,pegasus-kickstart,0.0
c8edb73ffc5e3584,pegasus-kickstart,0.0
c8fd4731e19c20ae,pegasus-kickstart,0.0
c916a24f27ca6072,pegasus-kickstart,0.0
c960054ce2c67fd4,pegasus-kickstart,0.0
c961843958101328,pegasus-kickstart,0.0
c9beb44255e215c2,pegasus-kickstart,0.0
c9e793a8a3c73939,pegasus-kickstart,0.0
ca1ea0cdd2e54ba6,pegasus-kickstart,0.0
ca7c6e9c29ebd716,pegasus-kickstart,0.0
ca89181a154535e1,pegasus-kickstart,0.0
caa58591f60496e2,pegasus-kickstart,0.0
caac7600f3679ec5,pegasus-kickstart,0.0
cab3e0f3807ce93d,pegasus-kickstart,0.0
cad4393d82676d9b,pegasus-kickstart,0.0
cb10c49e28d2c65f,pegasus-kickstart,0.0
cb264b0d3eeaf0f5,pegasus-kickstart,0.0
cb2d0adb8fb3fb4e,pegasus-kickstart,0.0
cb35838451d36950,pegasus-kickstart,0.0
cb3811c64285b758,pegasus-kickstart,0.0
cb3af76a12925fed,pegasus-kickstart,0.0
cb420c2ca694f4d9,pegasus-kickstart,0.0
cb48795b65ea0095,pegasus-kickstart,0.0
cb4d3484c0c519ff,pegasus-kickstart,0.0
cb6762837dde4563,pegasus-kickstart,0.0
cba165f784b217b1,pegasus-kickstart,0.0
cba9ba38bbf6bb90,pegasus-kickstart,0.0
cbb1bd612e1900be,pegasus-kickstart,0.0
cbb7d308b1d13c74,pegasus-kickstart,0.0
cbe1002e387e1514,pegasus-kickstart,0.0
cbe95572911a1035,pegasus-kickstart,0.0
cc01495c1eb45a99,pegasus-kickstart,0.0
cc1d347d3c7ad54f,pegasus-kickstart,0.0
cc2a2658fcf4647e,pegasus-kickstart,0.0
cc6a0718c8b4c99b,pegasus-kickstart,0.0
cc71531236c6c5ec,pegasus-kickstart,0.0
cc803030fadc9a97,pegasus-kickstart,0.0
ccb07e6db9e1f136,pegasus-kickstart,0.0
ccb850332b662b51,pegasus-kickstart,0.0
ccf1e6fb5e6dc9c5,pegasus-kickstart,0.0
cd8953308814b3d2,pegasus-kickstart,0.0
cdb2153c458fd858,pegasus-kickstart,0.0
cdb4b27caf0cc8b3,pegasus-kickstart,0.0
ce02e00bff4b77f8,pegasus-kickstart,0.0
ce1fd8a23bd5862c,pegasus-kickstart,0.0
ce5f13d855291c66,pegasus-kickstart,0.0
ce610c5a2c99c88b,pegasus-kickstart,0.0
ce84b447e1eaa24c,pegasus-kickstart,0.0
ce9282aed5e4a379,pegasus-kickstart,0.0
ce9e41805608da85,pegasus-kickstart,0.0
cea582f086eb9c50,pegasus-kickstart,0.0
cf18866d2d54769e,pegasus-kickstart,0.0
cf7ec32f4a4bcccd,pegasus-kickstart,0.0
cf85d919701a901c,pegasus-kickstart,0.0
cfbfb16380f56536,pegasus-kickstart,0.0
cfc8734f74de05ad,pegasus-kickstart,0.0
cfce1083e1af38db,pegasus-kickstart,0.0
d09398ed67758235,pegasus-kickstart,0.0
d09fa0fd1cf3d99e,pegasus-kickstart,0.0
d0bf759ef9869d27,pegasus-kickstart,0.0
d0d8366f35568bc3,pegasus-kickstart,0.0
d1623b64531d42f6,pegasus-kickstart,0.0
d1651f7d07875608,pegasus-kickstart,0.0
d17ed2343938d00f,pegasus-kickstart,0.0
d1bc4e27e83a9da4,pegasus-kickstart,0.0
d1bfbcf04f38be76,pegasus-kickstart,0.0
d2211d500de5143d,pegasus-kickstart,0.0
d2bbf0a18e11352c,pegasus-kickstart,0.0
d2d2a5af887d51b1,pegasus-kickstart,0.0
d2ee3ebf5a21665b,pegasus-kickstart,0.0
d30cb2b42a7dd4ba,pegasus-kickstart,0.0
d30fb525a6aac897,pegasus-kickstart,0.0
d3567fb9b96e23a0,pegasus-kickstart,0.0
d3665e73edbd5ede,pegasus-kickstart,0.0
d3bc538c48792c6d,pegasus-kickstart,0.0
d3c7fb7ea5d88527,pegasus-kickstart,0.0
d3d1c6b3c70d3e61,pegasus-kickstart,0.0
d4121cff5d3cb549,pegasus-kickstart,0.0
d41920699407323e,pegasus-kickstart,0.0
d41b27ed9d6040b9,pegasus-kickstart,0.0
d43c0d61d5deeddf,pegasus-kickstart,0.0
d444a2dab88f986a,pegasus-kickstart,0.0
d44b1f7acd6a71ab,pegasus-kickstart,0.0
d466fabca811e24c,pegasus-kickstart,0.0
d46715e41f1a35ed,pegasus-kickstart,0.0
d48d6588ddff25e1,pegasus-kickstart,0.0
d493ca7e895437b1,pegasus-kickstart,0.0
d4c782b07b7c7d16,pegasus-kickstart,0.0
d4e0ad69f01f50df,pegasus-kickstart,0.0
d4e5246c0dbbe644,pegasus-kickstart,0.0
d4ea2f931e43d0b5,pegasus-kickstart,0.0
d4eb0c3cee468b4b,pegasus-kickstart,0.0
d501f6774c2e0f03,pegasus-kickstart,0.0
d51f2e270672587c,pegasus-kickstart,0.0
d53ee5e5532878be,pegasus-kickstart,0.0
d5762831774b3594,pegasus-kickstart,0.0
d59b0e67632c8b39,pegasus-kickstart,0.0
d5bbf210fe9de1c9,pegasus-kickstart,0.0
d5dfc2a4c13e8bd0,pegasus-kickstart,0.0
d60eb98e29006199,pegasus-kickstart,0.0
d64076346102a91a,pegasus-kickstart,0.0
d6584e53a281cc58,pegasus-kickstart,0.0
d683a9db3a5bc31f,pegasus-kickstart,0.0
d6923b182c754152,pegasus-kickstart,0.0
d6a3e55b40da8fc1,pegasus-kickstart,0.0
d6bbb60c16cd3fc1,pegasus-kickstart,0.0
d6cd513348eaae2a,pegasus-kickstart,0.0
d70865aae593b1d8,pegasus-kickstart,0.0
d732f91ae94aae8b,pegasus-kickstart,0.0
d73d5312ce383ffc,pegasus-kickstart,0.0
d75019e560f91317,pegasus-kickstart,0.0
d75d8f5ae4d66403,pegasus-kickstart,0.0
d790a4c562b4a7a7,pegasus-kickstart,0.0
d79f317930ba7b67,pegasus-kickstart,0.0
d7e211a50a108f31,pegasus-kickstart,0.0
d7e3bf6c08c92a0e,pegasus-kickstart,0.0
d7ebd8dee8f127fe,pegasus-kickstart,0.0
d7fabcae673ab819,pegasus-kickstart,0.0
d7fc8eaf11c809a8,pegasus-kickstart,0.0
d837516261df76b9,pegasus-kickstart,0.0
d855bdb9b591d6d5,pegasus-kickstart,0.0
d86489cdde8c66cc,pegasus-kickstart,0.0
d90d26b72ae293b7,pegasus-kickstart,0.0
d93c8ac73e46b1c4,pegasus-kickstart,0.0
d961aab51f59500d,pegasus-kickstart,0.0
d971d9277e9be35e,pegasus-kickstart,0.0
d990aa0331d2d9d9,pegasus-kickstart,0.0
d9989f65aa5d055c,pegasus-kickstart,0.0
da0cdfdc91eaa28e,pegasus-kickstart,0.0
da1dc9e419513027,pegasus-kickstart,0.0
da35516db642ade1,pegasus-kickstart,0.0
da5b1791b50a6144,pegasus-kickstart,0.0
da7efaebb96cb689,pegasus-kickstart,0.0
da96d93ce5028849,pegasus-kickstart,0.0
dad3348710f1a59a,pegasus-kickstart,0.0
dadeed32ff813065,pegasus-kickstart,0.0
dae45d0e60c000dc,pegasus-kickstart,0.0
dafdd2418af7c3c9,pegasus-kickstart,0.0
db2efd7d05569efb,pegasus-kickstart,0.0
db4c1dbf2ea71e2d,pegasus-kickstart,0.0
db909fefcf385c50,pegasus-kickstart,0.0
dbca7810792c09e0,pegasus-kickstart,0.0
dbcfaba0f1c42fe0,pegasus-kickstart,0.0
dbeed719a065d397,pegasus-kickstart,0.0
dbfc213aa49f4d6a,pegasus-kickstart,0.0
dc26f4bbb9827912,pegasus-kickstart,0.0
dc3ba0832f77723b,pegasus-kickstart,0.0
dc42b991db004aeb,pegasus-kickstart,0.0
dc49b61a32dade49,pegasus-kickstart,0.0
dc5baa90043b18fa,pegasus-kickstart,0.0
dcd59f6513930189,pegasus-kickstart,0.0
dd148fe37a899950,pegasus-kickstart,0.0
dd54fac2071ea40d,pegasus-kickstart,0.0
dd57b752153f7931,pegasus-kickstart,0.0
dd7b28f72e03b181,pegasus-kickstart,0.0
dd8a2d56cf7f679e,pegasus-kickstart,0.0
dda47635420fd749,pegasus-kickstart,0.0
ddc789b6a57e6cf0,pegasus-kickstart,0.0
ddcad34861695912,pegasus-kickstart,0.0
ddf9637459ae329f,pegasus-kickstart,0.0
de0f6bfae91e4baa,pegasus-kickstart,0.0
de1b81c6edf066bd,pegasus-kickstart,0.0
de30a58bd5f339ea,pegasus-kickstart,0.0
de45ae51c5f2b8f6,pegasus-kickstart,0.0
de58b8448c81e53d,pegasus-kickstart,0.0
de65893407e9b34c,pegasus-kickstart,0.0
de8015cbf4223ea2,pegasus-kickstart,0.0
de97ae909ef853bc,pegasus-kickstart,0.0
deb3276b985fdc2a,pegasus-kickstart,0.0
def49203357a096d,pegasus-kickstart,0.0
df0e021c389a6d41,pegasus-kickstart,0.0
df1526df47de2254,pegasus-kickstart,0.0
df34551085ffc5c5,pegasus-kickstart,0.0
df6a2e11bdeb3d4f,pegasus-kickstart,0.0
df8021b13caa899e,pegasus-kickstart,0.0
df8704b5c25b6095,pegasus-kickstart,0.0
dfa7acafb5cdbd2e,pegasus-kickstart,0.0
dfab22e2a4d50d6a,pegasus-kickstart,0.0
dfb0bc8e90d199bc,pegasus-kickstart,0.0
dfdb91e8c60e0c51,pegasus-kickstart,0.0
dffbf935daebc4e5,pegasus-kickstart,0.0
e0438ccf8f963d4a,pegasus-kickstart,0.0
e069e2a2859a2baa,pegasus-kickstart,0.0
e07f25e3b680a394,pegasus-kickstart,0.0
e085eb824580f102,pegasus-kickstart,0.0
e0bf7d3f1e604df4,pegasus-kickstart,0.0
e0d93dbbf2abbe5e,pegasus-kickstart,0.0
e0dd97e39084cfc8,pegasus-kickstart,0.0
e0ee6845df044d5d,pegasus-kickstart,0.0
e10fb290a6d798a0,pegasus-kickstart,0.0
e122814a84af92fd,pegasus-kickstart,0.0
e13ad2d4cedcfcb2,pegasus-kickstart,0.0
e1439ac6d2c537f2,pegasus-kickstart,0.0
e170be5d8ae001c3,pegasus-kickstart,0.0
e18e45cd499492c0,pegasus-kickstart,0.0
e19cd8e486e8f6ac,pegasus-kickstart,0.0
e1b1ab54f26e664d,pegasus-kickstart,0.0
e1b56c8a824ff29c,pegasus-kickstart,0.0
e1b9ee88f4d40367,pegasus-kickstart,0.0
e23f60fee0800c58,pegasus-kickstart,0.0
e26f35e5f22e7e18,pegasus-kickstart,0.0
e2876a181b550e8f,pegasus-kickstart,0.0
e2893f692a052942,pegasus-kickstart,0.0
e28fa36df2111f5b,pegasus-kickstart,0.0
e2ee537b18bddec5,pegasus-kickstart,0.0
e35b064e76944f54,pegasus-kickstart,0.0
e3c1a4384969cf02,pegasus-kickstart,0.0
e3e0bdc4ea0169c2,pegasus-kickstart,0.0
e40e7c63e1de803f,pegasus-kickstart,0.0
e4327e7b3399051e,pegasus-kickstart,0.0
e45eaa4300994539,pegasus-kickstart,0.0
e4641b410dbc375f,pegasus-kickstart,0.0
e4661202ca134c12,pegasus-kickstart,0.0
e491d8cb234dfe1e,pegasus-kickstart,0.0
e494ef2d10c06ad4,pegasus-kickstart,0.0
e4bc84baf07cf6c0,pegasus-kickstart,0.0
e4d304ba9a6d12b3,pegasus-kickstart,0.0
e4e50c6cb4840cfd,pegasus-kickstart,0.0
e4f1e34e20fdb078,pegasus-kickstart,0.0
e5099445f00233a5,pegasus-kickstart,0.0
e538221f6f988cfb,pegasus-kickstart,0.0
e57c2ef5ffbca1ea,pegasus-kickstart,0.0
e59d9f7d664504d6,pegasus-kickstart,0.0
e5bbf5644536e7c7,pegasus-kickstart,0.0
e5ccc0365afcbcf6,pegasus-kickstart,0.0
e5ced278e0190128,pegasus-kickstart,0.0
e6026e2ec5e2a851,pegasus-kickstart,0.0
e61180421eed9c4f,pegasus-kickstart,0.0
e61b8def5c3f7619,pegasus-kickstart,0.0
e66e941b2dc9ad68,pegasus-kickstart,0.0
e6bc50b4e81db1fa,pegasus-kickstart,0.0
e752f69e6c33b240,pegasus-kickstart,0.0
e75c09403241d6ab,pegasus-kickstart,0.0
e769f4d463e7958f,pegasus-kickstart,0.0
e77f6a9a0f8d7e59,pegasus-kickstart,0.0
e78c1023fc4c5e30,pegasus-kickstart,0.0
e7a1096dd80681db,pegasus-kickstart,0.0
e7b5396f48147d36,pegasus-kickstart,0.0
e7bae95cd8c7cdce,pegasus-kickstart,0.0
e8257790d844c7fa,pegasus-kickstart,0.0
e829d77dc629f87e,pegasus-kickstart,0.0
e84ec730fb04bb8d,pegasus-kickstart,0.0
e8840d33a76350ba,pegasus-kickstart,0.0
e889fe2c9a56a079,pegasus-kickstart,0.0
e8f1af401b582ca2,pegasus-kickstart,0.0
e8f1fc805010ac2c,pegasus-kickstart,0.0
e92164ed279a3d93,pegasus-kickstart,0.0
e9404eabc9b58549,pegasus-kickstart,0.0
e9531e7e494154c9,pegasus-kickstart,0.0
e97dcb71c0230876,pegasus-kickstart,0.0
e9b8e6da5543b62d,pegasus-kickstart,0.0
e9e86f862317ceb6,pegasus-kickstart,0.0
e9ee977dca3de04b,pegasus-kickstart,0.0
ea12d5fbaa4f8a6e,pegasus-kickstart,0.0
ea138d03413012fe,pegasus-kickstart,0.0
ea167e2fc4f15007,pegasus-kickstart,0.0
ea26fe7fd6a756ca,pegasus-kickstart,0.0
ea3369f4a0cce449,pegasus-kickstart,0.0
ea76b35a9ddaa3a7,pegasus-kickstart,0.0
ea7908d42cb09ee6,pegasus-kickstart,0.0
ead29f07a9f11f92,pegasus-kickstart,0.0
eb8bb220fec4fcf0,pegasus-kickstart,0.0
ebe7a631e394653a,pegasus-kickstart,0.0
ebf16e3ce5a33490,pegasus-kickstart,0.0
ec064d4f9c51ed4d,pegasus-kickstart,0.0
ec18a2284c85a547,pegasus-kickstart,0.0
ec34c36937a6ffba,pegasus-kickstart,0.0
ec4dd1cfe5fd225c,pegasus-kickstart,0.0
ec6444406f87fd0f,pegasus-kickstart,0.0
ecebd23ea1cfc76a,pegasus-kickstart,0.0
ed00d68d260c2a09,pegasus-kickstart,0.0
ed17d427c93b7877,pegasus-kickstart,0.0
ed28491364416a91,pegasus-kickstart,0.0
ed5a7bffbf0fe77f,pegasus-kickstart,0.0
ed5d86555b66f44c,pegasus-kickstart,0.0
ed6712b1edc44d88,pegasus-kickstart,0.0
ed796b2f86cefc8b,pegasus-kickstart,0.0
ed8d61e4881ae9f5,pegasus-kickstart,0.0
ed929773ebb44f03,pegasus-kickstart,0.0
edc63bb52679b778,pegasus-kickstart,0.0
ee4a4fb30acecff3,pegasus-kickstart,0.0
ee6f0fd964e1eba9,pegasus-kickstart,0.0
ee7f3ae564ae7dc3,pegasus-kickstart,0.0
ee82b8e017f08e5e,pegasus-kickstart,0.0
eeef778f30b10bca,pegasus-kickstart,0.0
eef6ab91d2e7592c,pegasus-kickstart,0.0
ef01faceba26b98a,pegasus-kickstart,0.0
ef2347b213dfb328,pegasus-kickstart,0.0
ef54d170d5e460c2,pegasus-kickstart,0.0
ef699984e5378c81,pegasus-kickstart,0.0
ef6ca1d56fcc5dbb,pegasus-kickstart,0.0
ef955a0de450f140,pegasus-kickstart,0.0
efa4e2f54ea50121,pegasus-kickstart,0.0
efc22e94902e68ef,pegasus-kickstart,0.0
efdbf1cf99dfe89b,pegasus-kickstart,0.0
efdd7140bd4be189,pegasus-kickstart,0.0
efea73614972f617,pegasus-kickstart,0.0
eff549c4d3aa3464,pegasus-kickstart,0.0
f00766c2f9a040c8,pegasus-kickstart,0.0
f0563cce9fc1556a,pegasus-kickstart,0.0
f05eae75273775cb,pegasus-kickstart,0.0
f064dc848c30e3e5,pegasus-kickstart,0.0
f0a4dfa73ecfd017,pegasus-kickstart,0.0
f0d0efd236ed3884,pegasus-kickstart,0.0
f12c01eba2cc2324,pegasus-kickstart,0.0
f15c0bf74c42ecf1,pegasus-kickstart,0.0
f16a1a01119de003,pegasus-kickstart,0.0
f1b105535a1b91d0,pegasus-kickstart,0.0
f1b48bbc600b7189,pegasus-kickstart,0.0
f1b5742dae6aa02f,pegasus-kickstart,0.0
f1bbe0e2d4291f6c,pegasus-kickstart,0.0
f1d4ab65195f0ff3,pegasus-kickstart,0.0
f1f7d363776184e4,pegasus-kickstart,0.0
f2b6064fba83e242,pegasus-kickstart,0.0
f2d08a1f9c5ffec4,pegasus-kickstart,0.0
f31a5fe7667dc7e5,pegasus-kickstart,0.0
f334ee5161edb808,pegasus-kickstart,0.0
f352f1279e20a349,pegasus-kickstart,0.0
f365a45900234640,pegasus-kickstart,0.0
f3a04ce93a0fd4a4,pegasus-kickstart,0.0
f3cbd89700841ca5,pegasus-kickstart,0.0
f3d644ca82fd46d5,pegasus-kickstart,0.0
f3ee58b66a6ae5e3,pegasus-kickstart,0.0
f417e4fd90c8eb9c,pegasus-kickstart,0.0
f484a9e31d25e8fb,pegasus-kickstart,0.0
f4ac4ca22a3dfe32,pegasus-kickstart,0.0
f4c86ff7e68a2b15,pegasus-kickstart,0.0
f4f370b1b19650a5,pegasus-kickstart,0.0
f549574a0a5de70e,pegasus-kickstart,0.0
f554f8385036dfef,pegasus-kickstart,0.0
f561948b10a128bd,pegasus-kickstart,0.0
f57c244568320cd4,pegasus-kickstart,0.0
f59f2b4453f02e67,pegasus-kickstart,0.0
f5a470f4b3735faf,pegasus-kickstart,0.0
f5d8ac6c85cd8e50,pegasus-kickstart,0.0
f62544e37a09ae29,pegasus-kickstart,0.0
f62b78fef3c3e541,pegasus-kickstart,0.0
f6c9e946257c06b9,pegasus-kickstart,0.0
f6cab688d3fbb4df,pegasus-kickstart,0.0
f6e55d2c34c400da,pegasus-kickstart,0.0
f6ef1e6a63d7c050,pegasus-kickstart,0.0
f6f46c6dc342b6b3,pegasus-kickstart,0.0
f723a46f8b252b60,pegasus-kickstart,0.0
f7241a8451c10924,pegasus-kickstart,0.0
f73c79af34243a0e,pegasus-kickstart,0.0
f74b40dcdf4e5418,pegasus-kickstart,0.0
f762cf8207a152ad,pegasus-kickstart,0.0
f76ba18e90c0fda9,pegasus-kickstart,0.0
f776f28a31fef2a7,pegasus-kickstart,0.0
f799e54be55e0590,pegasus-kickstart,0.0
f7c0160eaaf7969c,pegasus-kickstart,0.0
f7f7a2ca02890d3f,pegasus-kickstart,0.0
f7fa0a8f5d1dad54,pegasus-kickstart,0.0
f80fc364102e76dd,pegasus-kickstart,0.0
f8283024a80ec1f5,pegasus-kickstart,0.0
f83ac9ab810c926d,pegasus-kickstart,0.0
f84e8cac5cd579d3,pegasus-kickstart,0.0
f86d22619b939462,pegasus-kickstart,0.0
f8c63c6fa8e176d5,pegasus-kickstart,0.0
f8d5a026514aa14b,pegasus-kickstart,0.0
f90f6604f6ce3658,pegasus-kickstart,0.0
f929010667cb8bce,pegasus-kickstart,0.0
f94f54b6a7321f1f,pegasus-kickstart,0.0
f99febc979d066c0,pegasus-kickstart,0.0
f9a63e5615f41f2f,pegasus-kickstart,0.0
f9c02b311c75df2d,pegasus-kickstart,0.0
f9f4060ce6c693f7,pegasus-kickstart,0.0
f9fc5ffd9c4b01b2,pegasus-kickstart,0.0
f9fdcceafbccf795,pegasus-kickstart,0.0
fa8213a0a769bb4f,pegasus-kickstart,0.0
fadcf2f9f9c5201b,pegasus-kickstart,0.0
faeb2c223251be70,pegasus-kickstart,0.0
faf2d463177aeade,pegasus-kickstart,0.0
fafb49350cbe3310,pegasus-kickstart,0.0
fb015be836017182,pegasus-kickstart,0.0
fb57a3fddd97a1b0,pegasus-kickstart,0.0
fb743d69324cb30a,pegasus-kickstart,0.0
fb89a96933b6b7d7,pegasus-kickstart,0.0
fb8e027b4701612f,pegasus-kickstart,0.0
fb92b664bc301263,pegasus-kickstart,0.0
fba74ec7fd2d7300,pegasus-kickstart,0.0
fc18fb37a0d83969,pegasus-kickstart,0.0
fc4a39e1d32e72fd,pegasus-kickstart,0.0
fc4b245c1dba0a09,pegasus-kickstart,0.0
fc4d5a76f7859837,pegasus-kickstart,0.0
fc55431c67e5285c,pegasus-kickstart,0.0
fc8d11cb939111cc,pegasus-kickstart,0.0
fc9744a46aaa9be0,pegasus-kickstart,0.0
fcb638ed65d5d77e,pegasus-kickstart,0.0
fd4e91e65ebe7903,pegasus-kickstart,0.0
fd88157b6e6a6e05,pegasus-kickstart,0.0
fdcfd48f1278e5bb,pegasus-kickstart,0.0
fddbd784691e652c,pegasus-kickstart,0.0
fdfe90e199957b58,pegasus-kickstart,0.0
fe2fffbec896628d,pegasus-kickstart,0.0
fe5ffd004d25ffcf,pegasus-kickstart,0.0
fe6755e19af17691,pegasus-kickstart,0.0
fe7a9eeb6f8fa15f,pegasus-kickstart,0.0
fe9cc28639fed672,pegasus-kickstart,0.0
fea9dae603b5e9d2,pegasus-kickstart,0.0
fedd9f687dab58c7,pegasus-kickstart,0.0
fef428d6d66ac64c,pegasus-kickstart,0.0
ff3273280fb0ae90,pegasus-kickstart,0.0
ff4a0c1593a37b76,pegasus-kickstart,0.0
ff5426ebf8398d55,pegasus-kickstart,0.0
ff5436e94f161758,pegasus-kickstart,0.0
ff5c6801198eb39d,pegasus-kickstart,0.0
ff652bd285b002ab,pegasus-kickstart,0.0
ffd231835bee5690,pegasus-kickstart,0.0
fff361b8d8f645f0,pegasus-kickstart,0.0
f650e720d44c3e3b,pegasus-kickstart,16.0
f650e720d44c3e3b,mDiff,53009572.0
f650e720d44c3e3b,mProject,2880.0
f650e720d44c3e3b,mBackground,53009572.0
58a6c4f57e4a557c,pegasus-kickstart,16.0
58a6c4f57e4a557c,mDiff,53009572.0
58a6c4f57e4a557c,mProject,2880.0
58a6c4f57e4a557c,mBackground,53009572.0
003a40a4fc6639e6,pegasus-kickstart,0.0
ede7471017b4c485,pegasus-kickstart,16.0
2fadb16e1b389bcd,mImgtbl,0.0
2fadb16e1b389bcd,pegasus-kickstart,16.0
2fadb16e1b389bcd,mAdd,0.0
mImgtbl,2fadb16e1b389bcd,515.0
mImgtbl,6d32918d457c93a0,7.0
mImgtbl,931e808f1826cd33,7.0
mImgtbl,dc151302b64111ef,515.0
mImgtbl,03ac6bec11a15f6d,7.0
mImgtbl,37f6f90d6247a8f5,515.0
6d32918d457c93a0,mImgtbl,0.0
96d3befdc9090319,mImgtbl,0.0
b950e3fb3773033d,mImgtbl,2882.0
b950e3fb3773033d,pegasus-kickstart,16.0
b950e3fb3773033d,mAdd,34176850.0
82968ccdc109e3aa,mImgtbl,2882.0
82968ccdc109e3aa,pegasus-kickstart,16.0
82968ccdc109e3aa,mAdd,34210738.0
1f7357db8b8e8322,mImgtbl,2882.0
1f7357db8b8e8322,pegasus-kickstart,16.0
1f7357db8b8e8322,mAdd,53171554.0
ed25703a09c304b0,mImgtbl,2882.0
ed25703a09c304b0,pegasus-kickstart,16.0
ed25703a09c304b0,mAdd,53171554.0
561d443cd47709df,mViewer,311045764.0
561d443cd47709df,pegasus-kickstart,16.0
561d443cd47709df,mAdd,2880.0
mViewer,afde210b325b4757,6690716.0
mViewer,20b34064dc90412f,15963490.0
mViewer,4e6579ccd4d6a66c,4616966.0
mViewer,c0214eb4bbda2148,7320652.0
afde210b325b4757,pegasus-kickstart,16.0
020752a08f2b9f17,pegasus-kickstart,0.0
0727a3efc95949ba,pegasus-kickstart,0.0
08bdccbe890f2644,pegasus-kickstart,0.0
0ae5d9b1b88b6a04,pegasus-kickstart,0.0
0b9d56adcbb20e89,pegasus-kickstart,0.0
1f90616350cd79c5,pegasus-kickstart,0.0
2149a56dd7316398,pegasus-kickstart,0.0
278416ee38ca8239,pegasus-kickstart,0.0
2880b1ebfba17e1c,pegasus-kickstart,0.0
288c5f25c2a4f7d7,pegasus-kickstart,0.0
362dbe6bbccba3af,pegasus-kickstart,0.0
46e8280d0d19521f,pegasus-kickstart,0.0
5857e6aed4bee01e,pegasus-kickstart,0.0
5fc0135135d9c17c,pegasus-kickstart,0.0
6ba2806d05c47f15,pegasus-kickstart,0.0
6cfb7726a3029da5,pegasus-kickstart,0.0
6f5cd428bad1c86a,pegasus-kickstart,0.0
88c26a2b3701c451,pegasus-kickstart,0.0
9c1e859152ec9b02,pegasus-kickstart,0.0
9ccba53f87520021,pegasus-kickstart,0.0
a45fee1aec737c2f,pegasus-kickstart,0.0
ab6c9528dde36464,pegasus-kickstart,0.0
b721002c2316fd3f,pegasus-kickstart,0.0
d106ae156f25c962,pegasus-kickstart,0.0
da478fffb5d7a8bf,pegasus-kickstart,0.0
e7aaf14fc54c81bd,pegasus-kickstart,0.0
ec11175b23b2ca52,pegasus-kickstart,0.0
ed0095017e41da6b,pegasus-kickstart,0.0
edc7fee754b12fc5,pegasus-kickstart,0.0
edf9f778a9576049,pegasus-kickstart,0.0
f2b0df85959aff4a,pegasus-kickstart,0.0
fba86f60ba8ef2f9,pegasus-kickstart,0.0
84528a284b233cbf,pegasus-kickstart,16.0
84528a284b233cbf,mBgModel,0.0
ad26151e5a22932a,pegasus-kickstart,16.0
e4df3f9d0ce97e61,pegasus-kickstart,0.0
38f82f5aceaf565d,pegasus-mpi-cluster,97510.0
af739bcd05226946,pegasus-mpi-cluster,97510.0
dd7728b5cb54ed77,pegasus-mpi-cluster,4973.0
634e14c2a34df8bd,pegasus-mpi-cluster,9567.0
07d5c879eeb4c7cc,pegasus-mpi-cluster,9572.0
089a6c75635321d8,mFitplane,15768002.0
089a6c75635321d8,mDiff,2880.0
03b543cfc23222c9,pegasus-kickstart,0.0
129b152c6e743eff,pegasus-kickstart,0.0
1e0d95e754b4c5d4,pegasus-kickstart,0.0
211fb2ce9c0c8857,pegasus-kickstart,0.0
2deab20dcfabb8d0,pegasus-kickstart,0.0
2e48dbdcf9a16f82,pegasus-kickstart,0.0
3d97b9cc31bd9ad6,pegasus-kickstart,0.0
42f536fb44fea12a,pegasus-kickstart,0.0
43922e2aaa938062,pegasus-kickstart,0.0
4594130e415d775e,pegasus-kickstart,0.0
4c5e4076db0d6a54,pegasus-kickstart,0.0
6b823645dabab8f9,pegasus-kickstart,0.0
7367a95d8099751a,pegasus-kickstart,0.0
7618b92cc29342bd,pegasus-kickstart,0.0
9060be189408b770,pegasus-kickstart,0.0
9e538495d58f3744,pegasus-kickstart,0.0
ac6b3eff3741bce8,pegasus-kickstart,0.0
baa4843db7df0a95,pegasus-kickstart,0.0
bf66ea8b0c2439ba,pegasus-kickstart,0.0
ca02c0b7592ff010,pegasus-kickstart,0.0
d7f7a7d68af602e0,pegasus-kickstart,0.0
f7557633069166d7,pegasus-kickstart,0.0
9bf288baf38d8a50,pegasus-kickstart,16.0
e370e8fedf338417,pegasus-kickstart,0.0
01426d702c414653,pegasus-kickstart,0.0
17318c85cb5e9182,pegasus-kickstart,0.0
2ecc8abd8635209d,pegasus-kickstart,0.0
3648b212de3c8e79,pegasus-kickstart,0.0
57910873d47f92a4,pegasus-kickstart,0.0
740a0b02a9e4d15a,pegasus-kickstart,0.0
a0169f32e2021d81,pegasus-kickstart,0.0
bcae991eff43162e,pegasus-kickstart,0.0
dc151302b64111ef,pegasus-kickstart,16.0
dc151302b64111ef,mAdd,0.0
dc151302b64111ef,mImgtbl,0.0
5f60b526bf0e29cc,pegasus-kickstart,0.0
dba829b874a5a738,pegasus-kickstart,16.0
0292e1b484048eca,pegasus-kickstart,0.0
1c7f518e9842a6fe,pegasus-kickstart,0.0
215bbc976e19e4e4,pegasus-kickstart,0.0
350d818c5e2c7c2d,pegasus-kickstart,0.0
7a8ea686ff5eff8d,pegasus-kickstart,0.0
a55456020dabc4a2,pegasus-kickstart,0.0
aa806985081cabae,pegasus-kickstart,0.0
b190fce7a10222f7,pegasus-kickstart,0.0
bc046db5493c573c,pegasus-kickstart,0.0
c38d2b07133c7955,pegasus-kickstart,0.0
eeb0eabe754ae114,pegasus-kickstart,0.0
f84b5585f59f8142,pegasus-kickstart,0.0
67c8e415d2c91331,pegasus-kickstart,16.0
67c8e415d2c91331,mConcatFit,0.0
617d5cf74faae12f,pegasus-kickstart,0.0
a3e5ad008cb6660d,pegasus-kickstart,16.0
d41e20c8c3d38e7b,mFitplane,15541586.0
7b5b3d48b302f9af,pegasus-mpi-cluster,4215.0
92e92d2d2fa950ad,pegasus-mpi-cluster,4952.0
dd4e1b1c2a80dc1b,pegasus-mpi-cluster,4945.0
f0b4dc76dd383a82,mDiff,279.0
f0b4dc76dd383a82,mProject,279.0
mDiff,7631f6a91053d0ab,4576320.0
mDiff,80c4dd06d813be41,4576320.0
mDiff,0b27bbee5e7552bd,4582080.0
mDiff,32f904f7966fe890,4582080.0
mDiff,3e6dee487f83b0cd,4633920.0
mDiff,99a321b271ad4faa,4633920.0
mDiff,092dd7229967fe3c,15837120.0
mDiff,31274d7efd671863,15837120.0
mDiff,0dd137089beba793,15575040.0
mDiff,3bef879e155262c3,15575040.0
mDiff,327cdf8cf67adadf,15776640.0
mDiff,7549a9e360cffed0,15776640.0
mDiff,14181621ebba900e,15742080.0
mDiff,b2846f4635075ea4,15742080.0
mDiff,75974918f6c2bdc4,15534720.0
mDiff,94ca91122636e2c3,15534720.0
mDiff,14f37454ac31a356,4633920.0
mDiff,292e0e0a16f3ea3c,4633920.0
mDiff,522d259efdda13da,15837120.0
mDiff,d358e25f2e058f9d,15837120.0
mDiff,05725be54b7e1f3b,4622400.0
mDiff,2ef5578d92cb8095,4622400.0
mDiff,3991b1a924ec82e3,15837120.0
mDiff,a16eb7a92dbd7750,15837120.0
mDiff,d764b43710dd04c7,15782400.0
mDiff,f12026e1f5834a80,15782400.0
mDiff,089a6c75635321d8,15768000.0
mDiff,165d76f4b6d5f6c2,15768000.0
mDiff,a7760379076814a7,15543360.0
mDiff,d41e20c8c3d38e7b,15543360.0
mDiff,a00d04493ed6cc0e,15837120.0
mDiff,bbda131ad3f1e7bf,15837120.0
mDiff,91ce2b6c8429b86c,15569280.0
mDiff,d2e8a0080bd0e7d1,15569280.0
mDiff,0a05dfe33482f241,4628160.0
mDiff,de14e2f72a22f731,4628160.0
4cbea8393307cacf,mDiff,52557516.0
4cbea8393307cacf,pegasus-kickstart,16.0
4cbea8393307cacf,mBackground,52557516.0
5367de8b236f4a8e,mDiff,52557516.0
5367de8b236f4a8e,pegasus-kickstart,16.0
5367de8b236f4a8e,mBackground,52557516.0
7631f6a91053d0ab,mDiff,2880.0
80c4dd06d813be41,mDiff,2880.0
80c4dd06d813be41,mFitplane,4576322.0
a048a04884ee44a4,mDiff,52537012.0
a048a04884ee44a4,mBackground,52537012.0
a048a04884ee44a4,pegasus-kickstart,16.0
f051e06a3f9dcf74,mDiff,52537012.0
f051e06a3f9dcf74,mBackground,52537012.0
f051e06a3f9dcf74,pegasus-kickstart,16.0
dcf7f10035435855,pegasus-mpi-cluster,9576.0
21f02480744a68d5,pegasus-mpi-cluster,4815.0
0a69e8882f158378,pegasus-kickstart,0.0
1e46593c8935814e,pegasus-kickstart,0.0
276a6f240a39c1b4,pegasus-kickstart,0.0
2a797fbb6008f3fc,pegasus-kickstart,0.0
309d9bf87125c804,pegasus-kickstart,0.0
b8e623445d9c7dcc,pegasus-kickstart,0.0
9d6fa1e617187c4e,pegasus-kickstart,16.0
9d6fa1e617187c4e,mBackground,0.0
ce1d9bb30f3dba1f,pegasus-kickstart,16.0
ce444750578292d0,pegasus-kickstart,0.0
31274d7efd671863,mFitplane,15837122.0
31274d7efd671863,mDiff,2880.0
1d8d66b04a7b3679,pegasus-kickstart,0.0
3fb77f8ecf9ecb34,pegasus-kickstart,0.0
52d662f364eb595a,pegasus-kickstart,0.0
8e6b38a98689bb6a,pegasus-kickstart,0.0
a94df73cf210d467,pegasus-kickstart,0.0
ad81be6d565e412f,pegasus-kickstart,0.0
b38ffe6d43444f12,pegasus-kickstart,0.0
b8889ec3278f5621,pegasus-kickstart,0.0
c085022802f39d56,pegasus-kickstart,0.0
df43b924333d6471,pegasus-kickstart,0.0
18e675ffad0203ee,pegasus-kickstart,16.0
18e675ffad0203ee,mBackground,0.0
b84ef6817f3a271f,pegasus-kickstart,0.0
95f6a814ea495928,pegasus-mpi-cluster,4268.0
49cc96451b8123b6,pegasus-kickstart,0.0
d111d0282af215c9,pegasus-kickstart,0.0
37f6f90d6247a8f5,pegasus-kickstart,16.0
37f6f90d6247a8f5,mAdd,0.0
37f6f90d6247a8f5,mImgtbl,0.0
f169b3365426d7cd,pegasus-kickstart,0.0
18b5ac031d055216,pegasus-kickstart,0.0
29ea14607d246791,pegasus-kickstart,0.0
2ed3fd4a2121d705,pegasus-kickstart,0.0
49ea96a6a15bc9af,pegasus-kickstart,0.0
4ff1c7e4036a4982,pegasus-kickstart,0.0
5667ecc0aae79449,pegasus-kickstart,0.0
56685dec55a93d33,pegasus-kickstart,0.0
5a1bacae5ad6f469,pegasus-kickstart,0.0
6f8288fa77961ca3,pegasus-kickstart,0.0
8af4b04d05ff8166,pegasus-kickstart,0.0
a1cb4fe71c2683c3,pegasus-kickstart,0.0
a4b2ffb9275ba5d0,pegasus-kickstart,0.0
a9cfbe5cff1b1063,pegasus-kickstart,0.0
bc359b830c6f1bce,pegasus-kickstart,0.0
c787b0a00d96c37f,pegasus-kickstart,0.0
c7d3adb59cd0560e,pegasus-kickstart,0.0
c8ea3c44693ae386,pegasus-kickstart,0.0
ccd44c5fea054130,pegasus-kickstart,0.0
d0e2a4707e435636,pegasus-kickstart,0.0
d585f73b5c5eec0f,pegasus-kickstart,0.0
dddc62c5812004de,pegasus-kickstart,0.0
e3da75d02138fb87,pegasus-kickstart,0.0
eb548f4bbfbea3b3,pegasus-kickstart,0.0
ef1e4ebd70a346d2,pegasus-kickstart,0.0
bdf7e98b1c88406d,pegasus-kickstart,16.0
bdf7e98b1c88406d,mAdd,34095882.0
bdf7e98b1c88406d,mImgtbl,2882.0
4c7ee38e371b25be,pegasus-kickstart,16.0
4c7ee38e371b25be,mAdd,34095882.0
04b42a91c40b3a12,pegasus-kickstart,0.0
0e83582c54622408,pegasus-kickstart,0.0
aefb7c7df3f00428,pegasus-kickstart,0.0
bfe5924f03535f55,pegasus-kickstart,0.0
741cdb702deb517a,pegasus-mpi-cluster,4946.0
mBackground,d58e10e0d49c3acb,52536960.0
mBackground,64f18074a12c3c56,52536960.0
mBackground,4c7ee38e371b25be,53029440.0
mBackground,bdf7e98b1c88406d,53029440.0
mBackground,decda2df349409a5,52557120.0
mBackground,130f07bfdc86841c,52557120.0
mBackground,4dafaf83f33fc229,53173440.0
mBackground,ed25703a09c304b0,53173440.0
mBackground,b950e3fb3773033d,53173440.0
mBackground,fa7293ffb607c158,53173440.0
mBackground,0bdf44a5706d32bd,53049600.0
mBackground,c0a2cc16b995b8a0,53049600.0
mBackground,1f7357db8b8e8322,53173440.0
mBackground,b84ce67fe699e9f1,53173440.0
mBackground,8563f0423f2d7faf,52536960.0
mBackground,173eb8bdd88653a1,52536960.0
mBackground,82968ccdc109e3aa,53213760.0
mBackground,e6f50b6a2e1b2ec0,53213760.0
mBackground,adb665fb37749890,52513920.0
mBackground,e59c2bb1393500f1,52513920.0
mBackground,2d7f6b5856c063e8,53029440.0
mBackground,9c20b603a88839ab,53029440.0
mBackground,9657a2586f6000e3,53009280.0
mBackground,e291529881652b84,53009280.0
f2506b960ed84b7f,mBackground,0.0
d58e10e0d49c3acb,pegasus-kickstart,16.0
d58e10e0d49c3acb,mAdd,33834482.0
d58e10e0d49c3acb,mImgtbl,2882.0
64f18074a12c3c56,pegasus-kickstart,16.0
64f18074a12c3c56,mAdd,33834482.0
8f6e828dcfb35d2e,pegasus-mpi-cluster,4972.0
b8bb1334fa425e85,pegasus-mpi-cluster,4172.0
204a48c02eb8071f,pegasus-kickstart,0.0
20a3342edd3912c0,pegasus-kickstart,0.0
2ee00592e38ccda6,pegasus-kickstart,0.0
307deb69849365d4,pegasus-kickstart,0.0
4f78d3f19f490a34,pegasus-kickstart,0.0
76ed2ce810df4602,pegasus-kickstart,0.0
f50024aabed3e6cc,pegasus-kickstart,16.0
f50024aabed3e6cc,mAdd,2880.0
39ef759e54c5fa59,pegasus-kickstart,0.0
72560d5db6759f41,pegasus-kickstart,16.0
f225c5b9ae6d8ee4,pegasus-kickstart,16.0
f225c5b9ae6d8ee4,mDiff,53050764.0
f225c5b9ae6d8ee4,mBackground,53050764.0
0594b01ae80dbc5e,pegasus-kickstart,53049600.0
0594b01ae80dbc5e,mDiff,53050764.0
0594b01ae80dbc5e,mBackground,53050764.0
af211ce526c32580,pegasus-kickstart,0.0
923001a44d6f2892,pegasus-kickstart,16.0
923001a44d6f2892,mAdd,2880.0
7dc0a1bb70f694c4,pegasus-kickstart,16.0
7dc0a1bb70f694c4,mViewer,311045764.0
7dc0a1bb70f694c4,mAdd,2880.0
d05be7424c106fc7,pegasus-kickstart,0.0
218e6b929b6a280a,pegasus-mpi-cluster,4942.0
1a86fd524bd80100,mConcatFit,0.0
1a86fd524bd80100,pegasus-kickstart,16.0
mConcatFit,780e014413d5acc0,209.0
mConcatFit,9a4d8b8f9c356812,209.0
mConcatFit,84528a284b233cbf,209.0
399f43d6318c0ebd,mConcatFit,0.0
399f43d6318c0ebd,pegasus-kickstart,16.0
77390d9104bbeb3b,mConcatFit,0.0
77390d9104bbeb3b,pegasus-kickstart,16.0
7bfe959e33216125,mConcatFit,0.0
7bfe959e33216125,pegasus-kickstart,16.0
c892d3b5ae88ddcb,mConcatFit,0.0
c892d3b5ae88ddcb,pegasus-kickstart,16.0
fdab686b80a14454,mConcatFit,0.0
780e014413d5acc0,mBgModel,0.0
780e014413d5acc0,pegasus-kickstart,16.0
01a2d139bd44c696,pegasus-kickstart,0.0
0959eff3b53211c9,pegasus-kickstart,0.0
150b795ac5cddbf8,pegasus-kickstart,0.0
19a9a44684fb9234,pegasus-kickstart,0.0
20a748c1c78f70e3,pegasus-kickstart,0.0
21bd5d1ea270679e,pegasus-kickstart,0.0
3b6042a678cf6fcd,pegasus-kickstart,0.0
4d7c0584ec35514d,pegasus-kickstart,0.0
5b87325b14e42770,pegasus-kickstart,0.0
61fd3ea329482d06,pegasus-kickstart,0.0
62aafe66ef9875bd,pegasus-kickstart,0.0
6e1799a1354a006e,pegasus-kickstart,0.0
74305e16aa7ce722,pegasus-kickstart,0.0
95a0f655ae163814,pegasus-kickstart,0.0
a25eedb87d86eb96,pegasus-kickstart,0.0
a6fcef02e1852b1e,pegasus-kickstart,0.0
afc9c5dddd030035,pegasus-kickstart,0.0
b6d020e5b1451fc6,pegasus-kickstart,0.0
bd3bba5d5b92ce70,pegasus-kickstart,0.0
c389958c8bdcb29b,pegasus-kickstart,0.0
c5a036d06a0ac60e,pegasus-kickstart,0.0
c7495a2babcf0848,pegasus-kickstart,0.0
cd3b37721381a0b7,pegasus-kickstart,0.0
d1477ec720c58e9a,pegasus-kickstart,0.0
d287f5b13f0a0d72,pegasus-kickstart,0.0
dce6aa14afc32444,pegasus-kickstart,0.0
e51ead83778d1a71,pegasus-kickstart,0.0
e5f4b9c554aea6fc,pegasus-kickstart,0.0
ec9325da1eaae9e3,pegasus-kickstart,0.0
f6e43c5da00f7205,pegasus-kickstart,0.0
74929d107efd32a6,pegasus-kickstart,16.0
74929d107efd32a6,mConcatFit,0.0
3f48ca61545f356d,pegasus-kickstart,0.0
014c8d80d109a079,pegasus-kickstart,16.0
014c8d80d109a079,mDiff,53030164.0
014c8d80d109a079,mBackground,53030164.0
20b37434e52576e2,pegasus-kickstart,16.0
20b37434e52576e2,mDiff,53030164.0
20b37434e52576e2,mBackground,53030164.0
f98ce33cf5ccea89,pegasus-kickstart,0.0
29bc27923e911abb,pegasus-kickstart,16.0
29bc27923e911abb,mConcatFit,0.0
1140f9e90d2d095c,pegasus-kickstart,0.0
3e6dee487f83b0cd,mFitplane,4633922.0
3e6dee487f83b0cd,mDiff,2880.0
adb665fb37749890,pegasus-kickstart,16.0
adb665fb37749890,mAdd,52513634.0
adb665fb37749890,mBackground,2880.0
e59c2bb1393500f1,pegasus-kickstart,16.0
e59c2bb1393500f1,mAdd,52513634.0
e59c2bb1393500f1,mBackground,2880.0
e59c2bb1393500f1,mImgtbl,2882.0
90343b609def4d79,pegasus-kickstart,0.0
ca7e4b93d34c4436,pegasus-kickstart,0.0
bf5b8922a405271b,pegasus-kickstart,0.0
01f76cdd5126229b,mDiff,52516516.0
01f76cdd5126229b,pegasus-kickstart,16.0
01f76cdd5126229b,mProject,2880.0
01f76cdd5126229b,mBackground,52516516.0
0b27bbee5e7552bd,mDiff,2880.0
32f904f7966fe890,mDiff,2880.0
32f904f7966fe890,mFitplane,4582082.0
4aa8ca3de32d9607,mDiff,52537012.0
4aa8ca3de32d9607,pegasus-kickstart,16.0
4aa8ca3de32d9607,mBackground,52537012.0
4d609dc7d9d12827,mDiff,52537012.0
4d609dc7d9d12827,pegasus-kickstart,16.0
4d609dc7d9d12827,mBackground,52537012.0
de22b5ebf52d6125,mDiff,52516516.0
de22b5ebf52d6125,pegasus-kickstart,16.0
de22b5ebf52d6125,mProject,2880.0
de22b5ebf52d6125,mBackground,52516516.0
73e78c61e1d054b6,pegasus-mpi-cluster,4215.0
0a05dfe33482f241,mFitplane,4628162.0
0a05dfe33482f241,mDiff,2880.0
13afe74401ae9ce1,pegasus-kickstart,0.0
cd8b6fdc7a308a09,pegasus-mpi-cluster,9582.0
3b5bfd789b3eda41,pegasus-mpi-cluster,9585.0
8b54a6aa3531967e,pegasus-kickstart,16.0
8b54a6aa3531967e,mConcatFit,0.0
e34de62f41df5281,pegasus-kickstart,0.0
03bd3b31b8e81c2e,mDiff,53215692.0
03bd3b31b8e81c2e,mBackground,53215692.0
03bd3b31b8e81c2e,pegasus-kickstart,16.0
0a0bc51e195a333c,mDiff,53174436.0
0a0bc51e195a333c,mBackground,53174436.0
0a0bc51e195a333c,pegasus-kickstart,16.0
1e568f4f97e1cc88,mDiff,53215692.0
1e568f4f97e1cc88,mBackground,53215692.0
1e568f4f97e1cc88,pegasus-kickstart,16.0
841a5c8f31d1c788,mDiff,53174436.0
841a5c8f31d1c788,mBackground,53174436.0
841a5c8f31d1c788,pegasus-kickstart,16.0
99a321b271ad4faa,mDiff,2880.0
mProject,4aa8ca3de32d9607,52536960.0
mProject,4d609dc7d9d12827,52536960.0
mProject,4cbea8393307cacf,52557120.0
mProject,5367de8b236f4a8e,52557120.0
mProject,01f76cdd5126229b,52513920.0
mProject,de22b5ebf52d6125,52513920.0
mProject,0594b01ae80dbc5e,53049600.0
mProject,f225c5b9ae6d8ee4,53049600.0
mProject,0d81ce33e53f1608,53173440.0
mProject,0f149983d108e1f1,53173440.0
mProject,2e352c0f9ab94cbc,53029440.0
mProject,f9d549166b3a8585,53029440.0
mProject,0a0bc51e195a333c,53173440.0
mProject,841a5c8f31d1c788,53173440.0
mProject,014c8d80d109a079,53029440.0
mProject,20b37434e52576e2,53029440.0
mProject,03bd3b31b8e81c2e,53213760.0
mProject,1e568f4f97e1cc88,53213760.0
mProject,1b6606cfe1b231ea,53173440.0
mProject,eb63823cf4a64f0a,53173440.0
mProject,a048a04884ee44a4,52536960.0
mProject,f051e06a3f9dcf74,52536960.0
mProject,58a6c4f57e4a557c,53009280.0
mProject,f650e720d44c3e3b,53009280.0
ed4d16243f9b94d3,mProject,13247520.0
9a967832a49d60ae,pegasus-kickstart,0.0
ae4bb1de02f35e73,pegasus-kickstart,0.0
092dd7229967fe3c,mDiff,2880.0
1b6606cfe1b231ea,mDiff,53174436.0
1b6606cfe1b231ea,pegasus-kickstart,16.0
1b6606cfe1b231ea,mBackground,53174436.0
eb63823cf4a64f0a,mDiff,53174436.0
eb63823cf4a64f0a,pegasus-kickstart,16.0
eb63823cf4a64f0a,mBackground,53174436.0
d3d9cea8beba765e,pegasus-mpi-cluster,4963.0
4b965660da62ff24,mBackground,0.0
8f064a6ef14247ac,mBackground,0.0
8f064a6ef14247ac,pegasus-kickstart,16.0
2e352c0f9ab94cbc,mBackground,53030164.0
2e352c0f9ab94cbc,mDiff,53030164.0
2e352c0f9ab94cbc,pegasus-kickstart,16.0
f9d549166b3a8585,mBackground,53030164.0
f9d549166b3a8585,mDiff,53030164.0
f9d549166b3a8585,pegasus-kickstart,16.0
20b34064dc90412f,pegasus-kickstart,16.0
77f7507f638ca0ce,pegasus-kickstart,0.0
0da830130ed033fb,pegasus-mpi-cluster,9576.0
25a3aca780a120ce,pegasus-kickstart,0.0
b9f6da35078d3fb3,pegasus-mpi-cluster,9571.0
59eb74f5f1973aa4,pegasus-kickstart,0.0
c462c2588bee089f,pegasus-kickstart,0.0
0dd137089beba793,mDiff,2880.0
0dd137089beba793,mFitplane,15575042.0
3bef879e155262c3,mDiff,2880.0
414bf739210e4985,pegasus-mpi-cluster,4964.0
f2188ddae1092d06,pegasus-mpi-cluster,9566.0
05efc4a1df7d2ce7,pegasus-mpi-cluster,4949.0
mAdd,070a41dcce62714d,103682880.0
mAdd,4790976f988f4194,103682880.0
mAdd,561d443cd47709df,103682880.0
mAdd,f50024aabed3e6cc,103682880.0
mAdd,7dc0a1bb70f694c4,103682880.0
mAdd,923001a44d6f2892,103682880.0
f8e287adab734762,mAdd,279.0
070a41dcce62714d,mAdd,2880.0
070a41dcce62714d,mViewer,311045764.0
070a41dcce62714d,pegasus-kickstart,16.0
9657a2586f6000e3,mAdd,53006690.0
9657a2586f6000e3,pegasus-kickstart,16.0
9657a2586f6000e3,mBackground,2880.0
4790976f988f4194,mAdd,2880.0
4790976f988f4194,pegasus-kickstart,16.0
c0a2cc16b995b8a0,mAdd,34116482.0
c0a2cc16b995b8a0,mImgtbl,2882.0
c0a2cc16b995b8a0,pegasus-kickstart,16.0
2d7f6b5856c063e8,mAdd,53027282.0
2d7f6b5856c063e8,pegasus-kickstart,16.0
9c20b603a88839ab,mAdd,53027282.0
9c20b603a88839ab,mImgtbl,2882.0
9c20b603a88839ab,pegasus-kickstart,16.0
0bdf44a5706d32bd,mAdd,34116482.0
0bdf44a5706d32bd,pegasus-kickstart,16.0
e291529881652b84,mAdd,53006690.0
e291529881652b84,pegasus-kickstart,16.0
e291529881652b84,mImgtbl,2882.0
e291529881652b84,mBackground,2880.0
d3768523a0facc7b,mProject,13477498.0
e6f50b6a2e1b2ec0,pegasus-kickstart,16.0
e6f50b6a2e1b2ec0,mAdd,34210738.0
c578f547d3822321,pegasus-kickstart,0.0
e4f262e64765268d,pegasus-kickstart,16.0
e4f262e64765268d,mConcatFit,0.0
25c9d27fc4ba402e,pegasus-kickstart,0.0
e2ad4b3921549260,pegasus-mpi-cluster,9589.0
626eb5db352b6b5b,pegasus-mpi-cluster,4964.0
bbda131ad3f1e7bf,mFitplane,15836738.0
bbda131ad3f1e7bf,mDiff,2880.0
26dfaefe535db4c0,pegasus-kickstart,16.0
26dfaefe535db4c0,mConcatFit,0.0
b08a432c8807d519,pegasus-kickstart,0.0
487dd5f581555d60,pegasus-mpi-cluster,4925.0
631b7e80e553bedd,pegasus-mpi-cluster,9595.0
6b45da9428b355d7,mProject,13241380.0
c1bcce156686f989,pegasus-mpi-cluster,5626.0
fa7293ffb607c158,pegasus-kickstart,16.0
fa7293ffb607c158,mAdd,34176850.0
fd81559ddddcfffe,pegasus-kickstart,0.0
05725be54b7e1f3b,mFitplane,4622402.0
05725be54b7e1f3b,mDiff,2880.0
99c67cb0cb43e2bb,mProject,14531720.0
b2846f4635075ea4,mFitplane,15741162.0
bfa8f67e15cada95,pegasus-mpi-cluster,4922.0
0117279761734909,pegasus-mpi-cluster,9575.0
a16eb7a92dbd7750,mFitplane,15836738.0
a16eb7a92dbd7750,mDiff,2880.0
75974918f6c2bdc4,mDiff,2880.0
94ca91122636e2c3,mDiff,2880.0
94ca91122636e2c3,mFitplane,15534722.0
130f07bfdc86841c,mAdd,52554634.0
130f07bfdc86841c,pegasus-kickstart,16.0
130f07bfdc86841c,mImgtbl,2882.0
decda2df349409a5,mAdd,52554634.0
decda2df349409a5,pegasus-kickstart,16.0
73a8a6e1c2cdd412,mBackground,0.0
4dafaf83f33fc229,pegasus-kickstart,16.0
4dafaf83f33fc229,mAdd,53171554.0
3a0cd209e8b47a8f,pegasus-mpi-cluster,9562.0
7fb9c29158aca5a9,flux-job,4.0
067987c9da7489d1,pegasus-mpi-cluster,4980.0
de2aabac21c21b03,pegasus-mpi-cluster,4214.0
363f82cc040f3714,pegasus-kickstart,16.0
363f82cc040f3714,mConcatFit,0.0
50f4765d4ab0a771,pegasus-kickstart,0.0
266bf3cea08abc44,pegasus-mpi-cluster,9588.0
0f9a17aab0923a3a,pegasus-kickstart,16.0
0f9a17aab0923a3a,mConcatFit,0.0
5107a3d163b2bba2,pegasus-kickstart,0.0
168b830bfaa30ce2,mProject,17827252.0
0d81ce33e53f1608,mDiff,53174436.0
0d81ce33e53f1608,mBackground,53174436.0
0d81ce33e53f1608,pegasus-kickstart,16.0
0f149983d108e1f1,mDiff,53174436.0
0f149983d108e1f1,mBackground,53174436.0
0f149983d108e1f1,pegasus-kickstart,16.0
14f37454ac31a356,mDiff,2880.0
14f37454ac31a356,mFitplane,4633922.0
292e0e0a16f3ea3c,mDiff,2880.0
ac0d05fc5ab022cb,pegasus-mpi-cluster,9557.0
cc7e8be3f334b245,pegasus-kickstart,0.0
f8ccb8c9f168798f,pegasus-kickstart,0.0
c0214eb4bbda2148,pegasus-kickstart,16.0
70dd95bbfed703be,pegasus-kickstart,0.0
06f44a110f526fc6,mProject,14487856.0
fe5034815289f543,pegasus-mpi-cluster,9557.0
76db13ca0139fb70,pegasus-kickstart,0.0
c138e1b785cb9705,pegasus-mpi-cluster,4938.0
b1d239c88f3de76e,pegasus-kickstart,16.0
b1d239c88f3de76e,mConcatFit,0.0
07658ab682d2cbd6,pegasus-kickstart,0.0
70df09f642c7285f,mProject,18207788.0
4e6579ccd4d6a66c,pegasus-kickstart,16.0
4c6ec1a76a48c747,pegasus-kickstart,0.0
c7d95b39e1fe07ba,pegasus-mpi-cluster,9578.0
d17b888c8cd5b95b,mBgModel,0.0
mBgModel,8f064a6ef14247ac,56.0
mBgModel,18e675ffad0203ee,56.0
mBgModel,9d6fa1e617187c4e,56.0
2136a88fb36c57e7,pegasus-kickstart,16.0
2136a88fb36c57e7,mConcatFit,0.0
adde0e3dc916e765,pegasus-kickstart,0.0
d764b43710dd04c7,mFitplane,15782402.0
d764b43710dd04c7,mDiff,2880.0
522d259efdda13da,mDiff,2880.0
522d259efdda13da,mFitplane,15837122.0
d358e25f2e058f9d,mDiff,2880.0
1ea8e367775961be,pegasus-mpi-cluster,4171.0
a88658309d12aa64,mProject,14445684.0
b84ce67fe699e9f1,pegasus-kickstart,16.0
b84ce67fe699e9f1,mAdd,53171554.0
3f0f28ad7081702c,pegasus-kickstart,0.0
1e9cdc71213fb47e,pegasus-kickstart,0.0
c51813231404d59c,mBgModel,0.0
19190e727a1997eb,pegasus-kickstart,0.0
069f6f88ab89ac5b,mProject,18273310.0
2ef5578d92cb8095,mDiff,2880.0
896564efbb50167f,pegasus-mpi-cluster,4942.0
082f501be84459d8,pegasus-kickstart,0.0
44a1e83fb8490523,mConcatFit,0.0
44a1e83fb8490523,pegasus-kickstart,16.0
981db80d1a1040b7,mConcatFit,0.0
981db80d1a1040b7,pegasus-kickstart,16.0
d354f70a69b2db86,mConcatFit,0.0
9a4d8b8f9c356812,mBgModel,0.0
9a4d8b8f9c356812,pegasus-kickstart,16.0
0826a37bef83d69a,mImgtbl,0.0
931e808f1826cd33,mImgtbl,0.0
bcb840eec626706c,pegasus-mpi-cluster,4978.0
51a202fe8bba6b27,pegasus-kickstart,0.0
19ad419013245c09,pegasus-mpi-cluster,4265.0
bd402ef6c7946f27,mProject,18021136.0
e461c2cbbe91fa44,pegasus-mpi-cluster,4817.0
2a26a92e20f94e29,mProject,13386246.0
21089ebe1e804609,pegasus-kickstart,0.0
d7de941b20f810e0,pegasus-kickstart,0.0
e476b834095972ec,pegasus-kickstart,0.0
3991b1a924ec82e3,mDiff,2880.0
ae310528b1f36d16,pegasus-mpi-cluster,4933.0
f006a51cb84f447b,pegasus-mpi-cluster,4475.0
6e76cd86a5accf7b,pegasus-kickstart,0.0
507baa14348f69a9,pegasus-kickstart,16.0
507baa14348f69a9,mConcatFit,0.0
5ec6101b7a5155b0,pegasus-kickstart,0.0
6d1bb257c0013ba8,pegasus-mpi-cluster,4980.0
997600cbb72c6b28,mBgModel,0.0
347570d55052f1e4,pegasus-kickstart,0.0
bca8e061407c4413,pegasus-kickstart,0.0
111db8acfa93b398,pegasus-mpi-cluster,4934.0
f12026e1f5834a80,mDiff,2880.0
00df339b9a31d0c3,pegasus-mpi-cluster,4972.0
fd8c0f485b52ba9c,pegasus-kickstart,0.0
14bc19226b32289b,pegasus-mpi-cluster,4479.0
b0c32df7723ddaf9,pegasus-mpi-cluster,9569.0
7b4308c04046e975,pegasus-kickstart,0.0
d307220692ec114e,pegasus-kickstart,0.0
3c5202aa0b4b7933,pegasus-mpi-cluster,4268.0
042657eb4a70c79c,pegasus-kickstart,0.0
7885125adae28ccf,mProject,14311640.0
fe27e1a8fd23dcd9,pegasus-mpi-cluster,4171.0
165d76f4b6d5f6c2,mDiff,2880.0
4a52437970e16412,pegasus-mpi-cluster,4981.0
b754bd2df467faa6,pegasus-kickstart,0.0
a00d04493ed6cc0e,mDiff,2880.0
ca0612f97c696c4d,mConcatFit,0.0
94b9f83866fd73f6,pegasus-kickstart,0.0
0016ff1022ff9296,pegasus-mpi-cluster,0.0
001b489778c5fca2,pegasus-mpi-cluster,0.0
009a1bd277760cb8,pegasus-mpi-cluster,0.0
009ef6fc1fcfbdab,pegasus-mpi-cluster,0.0
00e3b73f278c8119,pegasus-mpi-cluster,0.0
00eb57e2ea2111c0,pegasus-mpi-cluster,0.0
00f9cafdca076f68,pegasus-mpi-cluster,0.0
010350bb71417005,pegasus-mpi-cluster,0.0
011b7226093845b9,pegasus-mpi-cluster,0.0
011c4763c848ecbc,pegasus-mpi-cluster,0.0
01360d54411be2c6,pegasus-mpi-cluster,0.0
017d1dae8e638e04,pegasus-mpi-cluster,0.0
01afdfd7421136af,pegasus-mpi-cluster,0.0
01cd7b42163ce710,pegasus-mpi-cluster,0.0
01e3869038835f0e,pegasus-mpi-cluster,0.0
021003053a170aaf,pegasus-mpi-cluster,0.0
02418fbba44e90e8,pegasus-mpi-cluster,0.0
024b30907c8d596f,pegasus-mpi-cluster,0.0
02768012aa49a8c1,pegasus-mpi-cluster,0.0
02843dc3e613dd07,pegasus-mpi-cluster,0.0
02d1d3c2700b0b87,pegasus-mpi-cluster,0.0
02d806948203d309,pegasus-mpi-cluster,0.0
030d73b8194da036,pegasus-mpi-cluster,0.0
031f65112bf07b3d,pegasus-mpi-cluster,0.0
033855a22efa30fd,pegasus-mpi-cluster,0.0
034a0ebf390b8e70,pegasus-mpi-cluster,0.0
03833011cd3184ec,pegasus-mpi-cluster,0.0
03f2a839d1e5e97d,pegasus-mpi-cluster,0.0
042dac56aaba2c42,pegasus-mpi-cluster,0.0
0474203b97dc1475,pegasus-mpi-cluster,0.0
04a96e015b473692,pegasus-mpi-cluster,0.0
04c2cd3b9523d913,pegasus-mpi-cluster,0.0
04c68b7ebaf813ef,pegasus-mpi-cluster,0.0
0530fab27fcea10e,pegasus-mpi-cluster,0.0
0541b9ca1f71ecfa,pegasus-mpi-cluster,0.0
05ccc67851ca5b56,pegasus-mpi-cluster,0.0
05d501348e4188ce,pegasus-mpi-cluster,0.0
05f05ce0c7d1c477,pegasus-mpi-cluster,0.0
060f88453217e395,pegasus-mpi-cluster,0.0
0639ef7f1135caa5,pegasus-mpi-cluster,0.0
06591fbfe35c05d6,pegasus-mpi-cluster,0.0
06f7f83d9e47695c,pegasus-mpi-cluster,0.0
07504195b9b34dff,pegasus-mpi-cluster,0.0
0772e73c186c8d9c,pegasus-mpi-cluster,0.0
07874b6580db7fb7,pegasus-mpi-cluster,0.0
07b6c55fce57143c,pegasus-mpi-cluster,0.0
07e2dc7da2d08da5,pegasus-mpi-cluster,0.0
086ff351c4d158ea,pegasus-mpi-cluster,0.0
08de46c8351d9d1e,pegasus-mpi-cluster,0.0
0909849757ed0e69,pegasus-mpi-cluster,0.0
09465047614f558e,pegasus-mpi-cluster,0.0
0971b91bb2a216fb,pegasus-mpi-cluster,0.0
0991d17b5da0f8b8,pegasus-mpi-cluster,0.0
099806a47aae601c,pegasus-mpi-cluster,0.0
0a4f9a249276e049,pegasus-mpi-cluster,0.0
0a91edf8a13678f7,pegasus-mpi-cluster,0.0
0b0b9dac70fbdbaf,pegasus-mpi-cluster,0.0
0b450a0843846a62,pegasus-mpi-cluster,0.0
0b4c859d997d09ef,pegasus-mpi-cluster,0.0
0b5325d9e71922e3,pegasus-mpi-cluster,0.0
0b7aea5cb8910a7f,pegasus-mpi-cluster,0.0
0b82fda8f2c604a7,pegasus-mpi-cluster,0.0
0bc68b491da434e8,pegasus-mpi-cluster,0.0
0be17328fd7dda3c,pegasus-mpi-cluster,0.0
0bed95b4a3de70ce,pegasus-mpi-cluster,0.0
0c2c5d26bda9a3e8,pegasus-mpi-cluster,0.0
0c2c8c82093be86f,pegasus-mpi-cluster,0.0
0c2d9abb5fc19e24,pegasus-mpi-cluster,0.0
0c4285098b8c56ac,pegasus-mpi-cluster,0.0
0c4fcf3342c795c3,pegasus-mpi-cluster,0.0
0c75ab119c56b346,pegasus-mpi-cluster,0.0
0c81d8254910ff72,pegasus-mpi-cluster,0.0
0ca45c914e4ffdac,pegasus-mpi-cluster,0.0
0ca5773fac523ae5,pegasus-mpi-cluster,0.0
0cb78c1bb35d9814,pegasus-mpi-cluster,0.0
0d12e4a948299a78,pegasus-mpi-cluster,0.0
0d5ea060b0368e7c,pegasus-mpi-cluster,0.0
0d655a0efd213078,pegasus-mpi-cluster,0.0
0ddcab6368bba38e,pegasus-mpi-cluster,0.0
0de574be535faec9,pegasus-mpi-cluster,0.0
0de5f7cf64478cb1,pegasus-mpi-cluster,0.0
0e206cf41bf38fcb,pegasus-mpi-cluster,0.0
0e21bb860f341076,pegasus-mpi-cluster,0.0
0e7c5d49c8e8a33e,pegasus-mpi-cluster,0.0
0f0ffd2e0c66d1fe,pegasus-mpi-cluster,0.0
0f21a2e89a71c9a6,pegasus-mpi-cluster,0.0
0f2af58efdc7d7ea,pegasus-mpi-cluster,0.0
0f45825708607e81,pegasus-mpi-cluster,0.0
0f67d618c6173d56,pegasus-mpi-cluster,0.0
0f72cc1d25507491,pegasus-mpi-cluster,0.0
0f8f9191e88f31b0,pegasus-mpi-cluster,0.0
0fb41bace5f0152c,pegasus-mpi-cluster,0.0
0fbd4286ab706dbc,pegasus-mpi-cluster,0.0
0ffbc64411b0ffe6,pegasus-mpi-cluster,0.0
101577505cffd9ce,pegasus-mpi-cluster,0.0
104f7b0a3555e7d5,pegasus-mpi-cluster,0.0
10d69ecf81088cc0,pegasus-mpi-cluster,0.0
1125098f85b11870,pegasus-mpi-cluster,0.0
116acd6aadf28428,pegasus-mpi-cluster,0.0
1184df7b4a4fd539,pegasus-mpi-cluster,0.0
11ebbc561013b596,pegasus-mpi-cluster,0.0
1205e3eadf326cea,pegasus-mpi-cluster,0.0
1226d4e1f7369862,pegasus-mpi-cluster,0.0
127fd3a12fa0cdf8,pegasus-mpi-cluster,0.0
13b8e458d68a2457,pegasus-mpi-cluster,0.0
13c314992445672a,pegasus-mpi-cluster,0.0
1433d060a3e3532a,pegasus-mpi-cluster,0.0
14c2f9594da0d219,pegasus-mpi-cluster,0.0
14e0fcac4f04bfd0,pegasus-mpi-cluster,0.0
15004bfd9829643a,pegasus-mpi-cluster,0.0
1501208a74ac8e7a,pegasus-mpi-cluster,0.0
1520750968db90de,pegasus-mpi-cluster,0.0
1522a2ddc5d8c0ce,pegasus-mpi-cluster,0.0
152c07952c87a526,pegasus-mpi-cluster,0.0
152c3efd411079fd,pegasus-mpi-cluster,0.0
153beab1b1789c39,pegasus-mpi-cluster,0.0
1541d84f10dbfe34,pegasus-mpi-cluster,0.0
15478f091644b563,pegasus-mpi-cluster,0.0
15602903e05b91e4,pegasus-mpi-cluster,0.0
156724040c036520,pegasus-mpi-cluster,0.0
159ea6dc1f9dd197,pegasus-mpi-cluster,0.0
15ba65aab6db904f,pegasus-mpi-cluster,0.0
15f281b78c014824,pegasus-mpi-cluster,0.0
15fff72499e6a996,pegasus-mpi-cluster,0.0
160d1277c6ed78a3,pegasus-mpi-cluster,0.0
164d6fd8b021f9fa,pegasus-mpi-cluster,0.0
168145a0b300e019,pegasus-mpi-cluster,0.0
16834a68c9b99978,pegasus-mpi-cluster,0.0
16946cf036670fb1,pegasus-mpi-cluster,0.0
16a1b0cced9c6cb5,pegasus-mpi-cluster,0.0
16cb25cae6c07b67,pegasus-mpi-cluster,0.0
16e6843da704f933,pegasus-mpi-cluster,0.0
16ef1a8ec0f95971,pegasus-mpi-cluster,0.0
16f54dfb4198306a,pegasus-mpi-cluster,0.0
1728d2422c067063,pegasus-mpi-cluster,0.0
173c96da5e361a24,pegasus-mpi-cluster,0.0
17412d028b36bd34,pegasus-mpi-cluster,0.0
17484bfeee71bcd5,pegasus-mpi-cluster,0.0
1816022ffc0d7dda,pegasus-mpi-cluster,0.0
1845472daaa285cd,pegasus-mpi-cluster,0.0
185da7826a09612a,pegasus-mpi-cluster,0.0
188851bc2ff033ad,pegasus-mpi-cluster,0.0
1897ca385e5274f1,pegasus-mpi-cluster,0.0
18d9bdd1eb25b13f,pegasus-mpi-cluster,0.0
18fbdabe99450b6c,pegasus-mpi-cluster,0.0
195dd6e8d8a3bd84,pegasus-mpi-cluster,0.0
198b05f54bd92e97,pegasus-mpi-cluster,0.0
19ab850b5a8fab22,pegasus-mpi-cluster,0.0
19b90c76482363e3,pegasus-mpi-cluster,0.0
19fcd43262ad1d6c,pegasus-mpi-cluster,0.0
1ab0c8fd9ad3334a,pegasus-mpi-cluster,0.0
1aeaacbd71facd8c,pegasus-mpi-cluster,0.0
1b2e22335994a4d4,pegasus-mpi-cluster,0.0
1b5e9a560122cf3e,pegasus-mpi-cluster,0.0
1bcc5e97b2e348f2,pegasus-mpi-cluster,0.0
1c06728d9c154f9f,pegasus-mpi-cluster,0.0
1c8466a8d4136102,pegasus-mpi-cluster,0.0
1cbe32bf0bb3ff38,pegasus-mpi-cluster,0.0
1d0ebda4e5b381d4,pegasus-mpi-cluster,0.0
1d1a3fade4054428,pegasus-mpi-cluster,0.0
1d2dccdbf2bbef9a,pegasus-mpi-cluster,0.0
1d51bed0d44b964a,pegasus-mpi-cluster,0.0
1dac18eb2b6e06d0,pegasus-mpi-cluster,0.0
1db2012444c3f594,pegasus-mpi-cluster,0.0
1de3128280fa2a1f,pegasus-mpi-cluster,0.0
1dfc9264e0a59d1b,pegasus-mpi-cluster,0.0
1e0f32ece507aa3b,pegasus-mpi-cluster,0.0
1e0f9c5e6047f62b,pegasus-mpi-cluster,0.0
1e30986c182ac2bc,pegasus-mpi-cluster,0.0
1e33038f53850b58,pegasus-mpi-cluster,0.0
1e603de0b2b9702b,pegasus-mpi-cluster,0.0
1eb78ecdadb537c5,pegasus-mpi-cluster,0.0
1ebf60001e3611a7,pegasus-mpi-cluster,0.0
1ec79776b0829b50,pegasus-mpi-cluster,0.0
1eee5ce831cfa78b,pegasus-mpi-cluster,0.0
1f4ac44765b82eca,pegasus-mpi-cluster,0.0
1f4dd6f43cbe2137,pegasus-mpi-cluster,0.0
1fee59128402d510,pegasus-mpi-cluster,0.0
207b3ade5e6ef66e,pegasus-mpi-cluster,0.0
20c1bff88bb292a2,pegasus-mpi-cluster,0.0
2111c2f5a9fcc407,pegasus-mpi-cluster,0.0
2113e86ac5698a49,pegasus-mpi-cluster,0.0
2126f2737fe357d1,pegasus-mpi-cluster,0.0
212f572e92d997c0,pegasus-mpi-cluster,0.0
215507d2bc49a001,pegasus-mpi-cluster,0.0
216ebe3a755ffc14,pegasus-mpi-cluster,0.0
21a5a0b70d777b32,pegasus-mpi-cluster,0.0
21ac687b2ee4bba4,pegasus-mpi-cluster,0.0
21c85741c71585fd,pegasus-mpi-cluster,0.0
21fbead73944d328,pegasus-mpi-cluster,0.0
2219926b385e8374,pegasus-mpi-cluster,0.0
223fa7d3047c96ee,pegasus-mpi-cluster,0.0
224c57e19c27dabc,pegasus-mpi-cluster,0.0
22766c10e2cc20a4,pegasus-mpi-cluster,0.0
228a6e89969b001c,pegasus-mpi-cluster,0.0
22c5324c00c09593,pegasus-mpi-cluster,0.0
22ce030a205a0c71,pegasus-mpi-cluster,0.0
22d5591f3b5548ba,pegasus-mpi-cluster,0.0
22ef845665b7f5aa,pegasus-mpi-cluster,0.0
231b4055ca12da8c,pegasus-mpi-cluster,0.0
232288bb6a238c86,pegasus-mpi-cluster,0.0
2332a4745b3d0e70,pegasus-mpi-cluster,0.0
23402ce0d6416b38,pegasus-mpi-cluster,0.0
23bd4d14e510b6de,pegasus-mpi-cluster,0.0
23c92cb836c89d1d,pegasus-mpi-cluster,0.0
23d7b22017bfc189,pegasus-mpi-cluster,0.0
246d85421c0c461b,pegasus-mpi-cluster,0.0
2482f70b1919a90d,pegasus-mpi-cluster,0.0
24863a33251824a2,pegasus-mpi-cluster,0.0
24c0310032506cf0,pegasus-mpi-cluster,0.0
24c92529700ddbf5,pegasus-mpi-cluster,0.0
24ee328ad6e8c37b,pegasus-mpi-cluster,0.0
250ae53c6ca05e56,pegasus-mpi-cluster,0.0
251bbd66c2a72991,pegasus-mpi-cluster,0.0
25391a5b337f9b3c,pegasus-mpi-cluster,0.0
25cbb228f8027a4f,pegasus-mpi-cluster,0.0
26088e21db6fbb5c,pegasus-mpi-cluster,0.0
262a590c645aa92e,pegasus-mpi-cluster,0.0
26a9da0a926a6e52,pegasus-mpi-cluster,0.0
27296914d57e8b67,pegasus-mpi-cluster,0.0
275d77a63f73351a,pegasus-mpi-cluster,0.0
277c315367bc15e6,pegasus-mpi-cluster,0.0
27bf686db2ba60b1,pegasus-mpi-cluster,0.0
27cb7b7ed28356d1,pegasus-mpi-cluster,0.0
27f2e69ba599c12e,pegasus-mpi-cluster,0.0
27feedd8698de85a,pegasus-mpi-cluster,0.0
2877d0b9e04b5966,pegasus-mpi-cluster,0.0
289e2ff5c401a16f,pegasus-mpi-cluster,0.0
28a439fee06a1bc4,pegasus-mpi-cluster,0.0
28a93ea6618a12ee,pegasus-mpi-cluster,0.0
290d9d0276207355,pegasus-mpi-cluster,0.0
294daed98ef2546e,pegasus-mpi-cluster,0.0
2953f6f6f1e3d83b,pegasus-mpi-cluster,0.0
296b1fc1ff40e000,pegasus-mpi-cluster,0.0
299821139e215e7e,pegasus-mpi-cluster,0.0
2a42aef1be660331,pegasus-mpi-cluster,0.0
2a66da9b12caa3c6,pegasus-mpi-cluster,0.0
2a72d8e0f60e10af,pegasus-mpi-cluster,0.0
2a802a6e5a8a24d2,pegasus-mpi-cluster,0.0
2a91d341b7658e36,pegasus-mpi-cluster,0.0
2a98b5d58a95a92f,pegasus-mpi-cluster,0.0
2aa416569f310139,pegasus-mpi-cluster,0.0
2aa7f2da4aaa88bd,pegasus-mpi-cluster,0.0
2ac1f709ff883817,pegasus-mpi-cluster,0.0
2b258cb26819de0f,pegasus-mpi-cluster,0.0
2b26e19ed2e45b8a,pegasus-mpi-cluster,0.0
2b42ac0f299bdfb7,pegasus-mpi-cluster,0.0
2b4b351b6a700ea7,pegasus-mpi-cluster,0.0
2b539a78c3b378bd,pegasus-mpi-cluster,0.0
2b77e820db4b9b40,pegasus-mpi-cluster,0.0
2b798f4e4b8aa8a0,pegasus-mpi-cluster,0.0
2b81e7122b9f6551,pegasus-mpi-cluster,0.0
2c02c855171bc76d,pegasus-mpi-cluster,0.0
2c1fe99c94131769,pegasus-mpi-cluster,0.0
2c3264eff9c708e7,pegasus-mpi-cluster,0.0
2c3f53bcb61746ab,pegasus-mpi-cluster,0.0
2cb02e172923ebc2,pegasus-mpi-cluster,0.0
2d085d18f9ee237d,pegasus-mpi-cluster,0.0
2d08dd6ea6cbb263,pegasus-mpi-cluster,0.0
2d1ec30af6e14ba7,pegasus-mpi-cluster,0.0
2d2dc1f7cecad1df,pegasus-mpi-cluster,0.0
2d931364d321f446,pegasus-mpi-cluster,0.0
2d95da85a0ae0296,pegasus-mpi-cluster,0.0
2da449378d69c1a5,pegasus-mpi-cluster,0.0
2db4c4d4bd402f16,pegasus-mpi-cluster,0.0
2dd2bf1c04cd7512,pegasus-mpi-cluster,0.0
2dda73f8c0155e71,pegasus-mpi-cluster,0.0
2e00d80f1ef461d0,pegasus-mpi-cluster,0.0
2e72e4d298a64999,pegasus-mpi-cluster,0.0
2ea1c42d6846a165,pegasus-mpi-cluster,0.0
2f30842b4e793882,pegasus-mpi-cluster,0.0
2f7024fb895c026f,pegasus-mpi-cluster,0.0
2fa76591104e42f3,pegasus-mpi-cluster,0.0
2fc80b6ca1893380,pegasus-mpi-cluster,0.0
2fd11ecf1560e1f8,pegasus-mpi-cluster,0.0
2fe8b4eabd948c06,pegasus-mpi-cluster,0.0
300d38d642fedbb4,pegasus-mpi-cluster,0.0
3011719e93e5608a,pegasus-mpi-cluster,0.0
3013be77012dca9b,pegasus-mpi-cluster,0.0
30170e4f9a66675e,pegasus-mpi-cluster,0.0
3047c3e25046508c,pegasus-mpi-cluster,0.0
305cb7f06c5def46,pegasus-mpi-cluster,0.0
30cf19b76a205432,pegasus-mpi-cluster,0.0
310163546deef246,pegasus-mpi-cluster,0.0
314015d59ce8cefd,pegasus-mpi-cluster,0.0
3150e80bb2afbbc9,pegasus-mpi-cluster,0.0
315b7362d92756f8,pegasus-mpi-cluster,0.0
318dcb87a993025e,pegasus-mpi-cluster,0.0
3227981b8850d288,pegasus-mpi-cluster,0.0
3239f1dee5dfbccd,pegasus-mpi-cluster,0.0
327c4442eea05da9,pegasus-mpi-cluster,0.0
329777983a52ed09,pegasus-mpi-cluster,0.0
32a307f4e7db5ca6,pegasus-mpi-cluster,0.0
32b72016a8eea14b,pegasus-mpi-cluster,0.0
32e2d3d69ebbb922,pegasus-mpi-cluster,0.0
32fbd6439944aa9c,pegasus-mpi-cluster,0.0
33fa42912fad190f,pegasus-mpi-cluster,0.0
340b41ede1b8ee16,pegasus-mpi-cluster,0.0
34298ba70a518f3f,pegasus-mpi-cluster,0.0
34299921e4e2b29b,pegasus-mpi-cluster,0.0
349d15a740bf25af,pegasus-mpi-cluster,0.0
34c3bf049a82722c,pegasus-mpi-cluster,0.0
34c9da54e6ffc9cc,pegasus-mpi-cluster,0.0
34cb674b51438f74,pegasus-mpi-cluster,0.0
34f42ef55c697b3e,pegasus-mpi-cluster,0.0
34f523e5a2cdeaca,pegasus-mpi-cluster,0.0
350846c16e57bb03,pegasus-mpi-cluster,0.0
354ac2d0186e71dd,pegasus-mpi-cluster,0.0
3557633b5952a90d,pegasus-mpi-cluster,0.0
3571598f98d83132,pegasus-mpi-cluster,0.0
3584b1e8726806f3,pegasus-mpi-cluster,0.0
358f13ba9712b128,pegasus-mpi-cluster,0.0
35b96b7493b49a49,pegasus-mpi-cluster,0.0
35dfc4dff5523abb,pegasus-mpi-cluster,0.0
35e704add6927b00,pegasus-mpi-cluster,0.0
35f7915c23accbf7,pegasus-mpi-cluster,0.0
360e2c952ef03417,pegasus-mpi-cluster,0.0
36196c5b7d02234f,pegasus-mpi-cluster,0.0
363542edec6d110c,pegasus-mpi-cluster,0.0
36463d091151dd49,pegasus-mpi-cluster,0.0
364da1d5c437eda7,pegasus-mpi-cluster,0.0
3687ffef13a22ccd,pegasus-mpi-cluster,0.0
37013e76f4a3a9c4,pegasus-mpi-cluster,0.0
37343ee23c17cfad,pegasus-mpi-cluster,0.0
374900dbdfabf345,pegasus-mpi-cluster,0.0
377715205a0a4e9d,pegasus-mpi-cluster,0.0
37795eec6722127a,pegasus-mpi-cluster,0.0
3787f4482a246107,pegasus-mpi-cluster,0.0
379812ad2263cbab,pegasus-mpi-cluster,0.0
379bed6868e64d44,pegasus-mpi-cluster,0.0
37c5d26e40338cd6,pegasus-mpi-cluster,0.0
37ceddbc3892f98b,pegasus-mpi-cluster,0.0
37e11430398411b5,pegasus-mpi-cluster,0.0
388d24275b1c5824,pegasus-mpi-cluster,0.0
38bd6990c2c4ae79,pegasus-mpi-cluster,0.0
38e0e3d18a2fc176,pegasus-mpi-cluster,0.0
38e3dc0b1e256305,pegasus-mpi-cluster,0.0
393b8ba0c7504f78,pegasus-mpi-cluster,0.0
3949b67c99690606,pegasus-mpi-cluster,0.0
395844a99c693acf,pegasus-mpi-cluster,0.0
3963359f7fc74b71,pegasus-mpi-cluster,0.0
3988424fc396422d,pegasus-mpi-cluster,0.0
39a12b4927c5a44b,pegasus-mpi-cluster,0.0
39a319a14dc56de2,pegasus-mpi-cluster,0.0
39ae4e48e72c37fb,pegasus-mpi-cluster,0.0
3a3f55ae28c5dc8b,pegasus-mpi-cluster,0.0
3a48175e6803f711,pegasus-mpi-cluster,0.0
3a59448ceda1dd05,pegasus-mpi-cluster,0.0
3a8143eb43cdf36b,pegasus-mpi-cluster,0.0
3ab1c35753332112,pegasus-mpi-cluster,0.0
3ab4ff6a6864eb90,pegasus-mpi-cluster,0.0
3ab5a5edb0bb4786,pegasus-mpi-cluster,0.0
3ab990af6442d3c7,pegasus-mpi-cluster,0.0
3b26449d8c3a692a,pegasus-mpi-cluster,0.0
3b462bb9a5225b9b,pegasus-mpi-cluster,0.0
3b47ac04d3aa1cbd,pegasus-mpi-cluster,0.0
3b4ba149c33e1826,pegasus-mpi-cluster,0.0
3bc750cff877f5b7,pegasus-mpi-cluster,0.0
3bf38352c0f82c9f,pegasus-mpi-cluster,0.0
3c17de2b739e54fa,pegasus-mpi-cluster,0.0
3c416dd9cae06659,pegasus-mpi-cluster,0.0
3c59d165e6e3e10f,pegasus-mpi-cluster,0.0
3cb08f27fb12966e,pegasus-mpi-cluster,0.0
3cbeb27fa3a87349,pegasus-mpi-cluster,0.0
3cc8fbbb88ec3995,pegasus-mpi-cluster,0.0
3cd312f4a97301c8,pegasus-mpi-cluster,0.0
3d09768d05e7cb6d,pegasus-mpi-cluster,0.0
3d573a5ceddb9887,pegasus-mpi-cluster,0.0
3d63481906656c02,pegasus-mpi-cluster,0.0
3d9697a4096914ae,pegasus-mpi-cluster,0.0
3dce24906ac3de78,pegasus-mpi-cluster,0.0
3dd29f7157fa71a3,pegasus-mpi-cluster,0.0
3ddac6e6818ebe1a,pegasus-mpi-cluster,0.0
3df77b65d8c7e54c,pegasus-mpi-cluster,0.0
3e00a1e287ce1419,pegasus-mpi-cluster,0.0
3ea7b68ce4eb0207,pegasus-mpi-cluster,0.0
3ea81b812baeca9c,pegasus-mpi-cluster,0.0
3ea96d7dbc6c6b30,pegasus-mpi-cluster,0.0
3ecb6679601a0726,pegasus-mpi-cluster,0.0
3f278aa4733a08e4,pegasus-mpi-cluster,0.0
3f444d2c4609017c,pegasus-mpi-cluster,0.0
3f52f642aa23beca,pegasus-mpi-cluster,0.0
3f5517fa1428297d,pegasus-mpi-cluster,0.0
3f7a7c7edf82dd0d,pegasus-mpi-cluster,0.0
3fa096e30a089443,pegasus-mpi-cluster,0.0
402ea895d93bffb9,pegasus-mpi-cluster,0.0
403e0bd03fa10530,pegasus-mpi-cluster,0.0
40dd19fbb48cd418,pegasus-mpi-cluster,0.0
40f6ea17ea81fe18,pegasus-mpi-cluster,0.0
413db82dd3da14ec,pegasus-mpi-cluster,0.0
4163f15031c39127,pegasus-mpi-cluster,0.0
4197bdf0d672e523,pegasus-mpi-cluster,0.0
419be115d0c8aa0e,pegasus-mpi-cluster,0.0
41f370ad55c1d8ae,pegasus-mpi-cluster,0.0
41ffc2e3ed3688b5,pegasus-mpi-cluster,0.0
42189aed72d46f94,pegasus-mpi-cluster,0.0
424cd15d9856e08f,pegasus-mpi-cluster,0.0
42596bc3ca883933,pegasus-mpi-cluster,0.0
42865e163ca81442,pegasus-mpi-cluster,0.0
42f6e365278997a6,pegasus-mpi-cluster,0.0
4305cbe8fd5cec0f,pegasus-mpi-cluster,0.0
43069f48ff85fa7d,pegasus-mpi-cluster,0.0
43355d98add7c849,pegasus-mpi-cluster,0.0
433d89c9e6fbfba0,pegasus-mpi-cluster,0.0
43768c7df7843ded,pegasus-mpi-cluster,0.0
438377573ab854f2,pegasus-mpi-cluster,0.0
4465d68c26c3abce,pegasus-mpi-cluster,0.0
449dbcc46e011da2,pegasus-mpi-cluster,0.0
44e6b647259b161e,pegasus-mpi-cluster,0.0
44ef7294083a2cab,pegasus-mpi-cluster,0.0
450c04167a940e82,pegasus-mpi-cluster,0.0
4551111ef32bd9ff,pegasus-mpi-cluster,0.0
455c98ca9fd8da52,pegasus-mpi-cluster,0.0
4570a1f175695e75,pegasus-mpi-cluster,0.0
4570c589d6cb00c8,pegasus-mpi-cluster,0.0
4580bc7895a77dae,pegasus-mpi-cluster,0.0
45becf1ec15c63ca,pegasus-mpi-cluster,0.0
45ca11abc42a3829,pegasus-mpi-cluster,0.0
45e505cccb263a8e,pegasus-mpi-cluster,0.0
466294bb48a5b7c9,pegasus-mpi-cluster,0.0
4685112f70fafac1,pegasus-mpi-cluster,0.0
468e3e25445b0b09,pegasus-mpi-cluster,0.0
4692870caa0eca4f,pegasus-mpi-cluster,0.0
46a2da7ed771e801,pegasus-mpi-cluster,0.0
46bb20ed7dd8eca4,pegasus-mpi-cluster,0.0
46d4783a30556ea8,pegasus-mpi-cluster,0.0
46e475b10aa09da5,pegasus-mpi-cluster,0.0
47e9a9f2ebb0c4e9,pegasus-mpi-cluster,0.0
47eb5a4c41b798e2,pegasus-mpi-cluster,0.0
480f6775a17ea82a,pegasus-mpi-cluster,0.0
4831ff580f0efb2a,pegasus-mpi-cluster,0.0
48558c1bf9cf63a1,pegasus-mpi-cluster,0.0
485edc71891d0e46,pegasus-mpi-cluster,0.0
48a8d4e44684c10e,pegasus-mpi-cluster,0.0
48b709220dfae2a8,pegasus-mpi-cluster,0.0
48b906dfdcdbccaa,pegasus-mpi-cluster,0.0
48f14264312da92b,pegasus-mpi-cluster,0.0
490d47ab88568004,pegasus-mpi-cluster,0.0
491e6edbefe4340a,pegasus-mpi-cluster,0.0
49310bd0f35fef92,pegasus-mpi-cluster,0.0
49525fd255a9897f,pegasus-mpi-cluster,0.0
4952864bbdc94c6e,pegasus-mpi-cluster,0.0
496d238bbf42ee84,pegasus-mpi-cluster,0.0
497e7e109657532f,pegasus-mpi-cluster,0.0
49a8db80dacf8af0,pegasus-mpi-cluster,0.0
4a06e340f658deca,pegasus-mpi-cluster,0.0
4a5ad1141d5b3fe5,pegasus-mpi-cluster,0.0
4a85eb50faee714d,pegasus-mpi-cluster,0.0
4aec5f5c60bf900d,pegasus-mpi-cluster,0.0
4b09f2104e525488,pegasus-mpi-cluster,0.0
4b15859759f66248,pegasus-mpi-cluster,0.0
4ba53086c5988b6e,pegasus-mpi-cluster,0.0
4bc2d95516bc1ba4,pegasus-mpi-cluster,0.0
4bc6a6eed629fb0f,pegasus-mpi-cluster,0.0
4bd3d7c994e4b342,pegasus-mpi-cluster,0.0
4bdb301dd03899a2,pegasus-mpi-cluster,0.0
4be723e3b3081a7b,pegasus-mpi-cluster,0.0
4c2516fb647da83e,pegasus-mpi-cluster,0.0
4cea8f2271edfa47,pegasus-mpi-cluster,0.0
4d30c131ce3c8566,pegasus-mpi-cluster,0.0
4d5c3d75fafa7092,pegasus-mpi-cluster,0.0
4d69aa7e3203334f,pegasus-mpi-cluster,0.0
4d783bd4c5f711ed,pegasus-mpi-cluster,0.0
4d91327b961c4f5d,pegasus-mpi-cluster,0.0
4dd1ac81b1ff4964,pegasus-mpi-cluster,0.0
4e7230d3339bd614,pegasus-mpi-cluster,0.0
4e81b181eb099f2e,pegasus-mpi-cluster,0.0
4ec83e07cb2e0da8,pegasus-mpi-cluster,0.0
4ef879462a9347ce,pegasus-mpi-cluster,0.0
4f0b35d708db647b,pegasus-mpi-cluster,0.0
4f1f53ee0cb6f351,pegasus-mpi-cluster,0.0
4f61fb4f323d86ca,pegasus-mpi-cluster,0.0
4f72e047d6264ab0,pegasus-mpi-cluster,0.0
4fa87fac01d3cf9d,pegasus-mpi-cluster,0.0
4fc23e4dbad4628f,pegasus-mpi-cluster,0.0
4fcbf76a03a85af4,pegasus-mpi-cluster,0.0
4fcd0313070521eb,pegasus-mpi-cluster,0.0
4fe0fae275bdbb5b,pegasus-mpi-cluster,0.0
5010aa6831caacf2,pegasus-mpi-cluster,0.0
5015ba51b873ffe3,pegasus-mpi-cluster,0.0
50420566fece8fd9,pegasus-mpi-cluster,0.0
504a11cec6692068,pegasus-mpi-cluster,0.0
51184f7b18723a89,pegasus-mpi-cluster,0.0
51299fe7e3d5730f,pegasus-mpi-cluster,0.0
5146cb092974be09,pegasus-mpi-cluster,0.0
51a6ee716cbaedc7,pegasus-mpi-cluster,0.0
51cec976267fc437,pegasus-mpi-cluster,0.0
5204c05ce65088c5,pegasus-mpi-cluster,0.0
52361439a5fc35ad,pegasus-mpi-cluster,0.0
52ad32d81cc00097,pegasus-mpi-cluster,0.0
52c82eab6ae2a132,pegasus-mpi-cluster,0.0
52de515b57b499f8,pegasus-mpi-cluster,0.0
53639ff2683255f5,pegasus-mpi-cluster,0.0
536eecfdad718836,pegasus-mpi-cluster,0.0
53ae8f4ec3be4902,pegasus-mpi-cluster,0.0
53c76ae73c9bf46f,pegasus-mpi-cluster,0.0
53e7b7a0a5a9d201,pegasus-mpi-cluster,0.0
53e828652a302bac,pegasus-mpi-cluster,0.0
541e40b124d93e04,pegasus-mpi-cluster,0.0
5428570f4597d078,pegasus-mpi-cluster,0.0
543d36ffe0be8b11,pegasus-mpi-cluster,0.0
5447450baf9cfd03,pegasus-mpi-cluster,0.0
544769d41f2c4769,pegasus-mpi-cluster,0.0
5449cf26c1dffe37,pegasus-mpi-cluster,0.0
546f93c1232c7dd0,pegasus-mpi-cluster,0.0
549cb01caf4ca428,pegasus-mpi-cluster,0.0
54c2202d2ae586fc,pegasus-mpi-cluster,0.0
550e1766d937a51d,pegasus-mpi-cluster,0.0
550e8678ab2f914f,pegasus-mpi-cluster,0.0
557a4af38e18d10f,pegasus-mpi-cluster,0.0
557ac01479aa9554,pegasus-mpi-cluster,0.0
558a8f8e1f9e2216,pegasus-mpi-cluster,0.0
55a7986ab03e4340,pegasus-mpi-cluster,0.0
55c0b1eb8293a4f7,pegasus-mpi-cluster,0.0
562a9120f0a69ce0,pegasus-mpi-cluster,0.0
56670769d9aa8c2a,pegasus-mpi-cluster,0.0
5696e3539284e0b1,pegasus-mpi-cluster,0.0
571b902e924d3a1a,pegasus-mpi-cluster,0.0
57628b316d79a4f6,pegasus-mpi-cluster,0.0
577b2586c8da3e7b,pegasus-mpi-cluster,0.0
57918058969983be,pegasus-mpi-cluster,0.0
57ecd49d22cd25ac,pegasus-mpi-cluster,0.0
580479c4012ef116,pegasus-mpi-cluster,0.0
581142fcb8742bfa,pegasus-mpi-cluster,0.0
58211e8a57dc9ede,pegasus-mpi-cluster,0.0
5830d616fd413d9a,pegasus-mpi-cluster,0.0
5837cd56a603b06a,pegasus-mpi-cluster,0.0
589d0092394c6241,pegasus-mpi-cluster,0.0
58af0226a413d14e,pegasus-mpi-cluster,0.0
58b418a1e3e96964,pegasus-mpi-cluster,0.0
58c0a09cb89d77ed,pegasus-mpi-cluster,0.0
58eae40212b39882,pegasus-mpi-cluster,0.0
5912c06f1d4c764c,pegasus-mpi-cluster,0.0
592b8eeffb7338d2,pegasus-mpi-cluster,0.0
594a9134d885915f,pegasus-mpi-cluster,0.0
59be3da0682e5402,pegasus-mpi-cluster,0.0
59db6b34358f2fb1,pegasus-mpi-cluster,0.0
59f5096f472679a2,pegasus-mpi-cluster,0.0
59fb9ed3a8bab2a9,pegasus-mpi-cluster,0.0
5a09fe4b820deac7,pegasus-mpi-cluster,0.0
5a79c370bee78a4c,pegasus-mpi-cluster,0.0
5a98da295a24aee4,pegasus-mpi-cluster,0.0
5ac823aa3b22dc12,pegasus-mpi-cluster,0.0
5acfa537b9e0f6ea,pegasus-mpi-cluster,0.0
5afbbf72f5fbc480,pegasus-mpi-cluster,0.0
5b1f71e3bd2c3a0c,pegasus-mpi-cluster,0.0
5b2975fa7ac1dff8,pegasus-mpi-cluster,0.0
5b493c7f1b3a4e3f,pegasus-mpi-cluster,0.0
5b6503dc5cf38730,pegasus-mpi-cluster,0.0
5bbb04fbe74ec912,pegasus-mpi-cluster,0.0
5c3e6246e98f3ded,pegasus-mpi-cluster,0.0
5c4929973406ff9c,pegasus-mpi-cluster,0.0
5c575d3114685c13,pegasus-mpi-cluster,0.0
5c580a978a193b3c,pegasus-mpi-cluster,0.0
5cbaeeb053a53787,pegasus-mpi-cluster,0.0
5cd24c774828fa8a,pegasus-mpi-cluster,0.0
5d017250b23e1504,pegasus-mpi-cluster,0.0
5d2ce7d610d8480d,pegasus-mpi-cluster,0.0
5d9863a2c5fb3542,pegasus-mpi-cluster,0.0
5da5fc4623009788,pegasus-mpi-cluster,0.0
5ddf693bf3a5e6f7,pegasus-mpi-cluster,0.0
5df1212194d0b26e,pegasus-mpi-cluster,0.0
5e232d083da54bf9,pegasus-mpi-cluster,0.0
5e5fbae7dbd77196,pegasus-mpi-cluster,0.0
5ec8519088197a73,pegasus-mpi-cluster,0.0
5ee7bd362211ecad,pegasus-mpi-cluster,0.0
5f409c08cc12dde2,pegasus-mpi-cluster,0.0
5f56cd2c0263e340,pegasus-mpi-cluster,0.0
5f574bd6ecab4fab,pegasus-mpi-cluster,0.0
5f60ae8b884cf72a,pegasus-mpi-cluster,0.0
5f68ebaf989a2a3c,pegasus-mpi-cluster,0.0
5f83137ffe894f89,pegasus-mpi-cluster,0.0
5fd72af9b1dd318c,pegasus-mpi-cluster,0.0
6041440ca0a1be22,pegasus-mpi-cluster,0.0
6078e7cc15a81bfb,pegasus-mpi-cluster,0.0
60e3ac2c9d9bc85e,pegasus-mpi-cluster,0.0
61a5d4a182141a63,pegasus-mpi-cluster,0.0
61d30d08f4f9eaaf,pegasus-mpi-cluster,0.0
61e5c34279f54956,pegasus-mpi-cluster,0.0
6290544e8ee29ed3,pegasus-mpi-cluster,0.0
62be29fe9d8f3f00,pegasus-mpi-cluster,0.0
62cac7b8423733ab,pegasus-mpi-cluster,0.0
62dc541b5eb7da0d,pegasus-mpi-cluster,0.0
6313d5193864e08b,pegasus-mpi-cluster,0.0
632c830e9149e5f4,pegasus-mpi-cluster,0.0
63b30178e6af69f0,pegasus-mpi-cluster,0.0
63ff72575c49f4c0,pegasus-mpi-cluster,0.0
6403a2116a20d82c,pegasus-mpi-cluster,0.0
6406ee2a9bb2177c,pegasus-mpi-cluster,0.0
640b9df9067981f7,pegasus-mpi-cluster,0.0
6434f059f68f2465,pegasus-mpi-cluster,0.0
643eaad20dc94a92,pegasus-mpi-cluster,0.0
644125dc5c74dd7d,pegasus-mpi-cluster,0.0
6462ed26ede5d504,pegasus-mpi-cluster,0.0
6471ac0760f469aa,pegasus-mpi-cluster,0.0
647ade3b4d87fb13,pegasus-mpi-cluster,0.0
649f4cd95e257726,pegasus-mpi-cluster,0.0
64aa1b45fdf5d1a3,pegasus-mpi-cluster,0.0
64e534d75175ac52,pegasus-mpi-cluster,0.0
65072d4f78017ee5,pegasus-mpi-cluster,0.0
65236c7c41ad2386,pegasus-mpi-cluster,0.0
65491e3b01a89e6e,pegasus-mpi-cluster,0.0
654ea55c8fd9afd3,pegasus-mpi-cluster,0.0
655004fc1014aec3,pegasus-mpi-cluster,0.0
658a06670ba25e93,pegasus-mpi-cluster,0.0
658b0e8d08159ac7,pegasus-mpi-cluster,0.0
66216cbb5ca72c9f,pegasus-mpi-cluster,0.0
665d6d3bfd5ff8a7,pegasus-mpi-cluster,0.0
667a3bdbf8f9e152,pegasus-mpi-cluster,0.0
66b87ca225c3e246,pegasus-mpi-cluster,0.0
675bfad73ede21b9,pegasus-mpi-cluster,0.0
676a0c1e787b8743,pegasus-mpi-cluster,0.0
677a257da6d7d2b5,pegasus-mpi-cluster,0.0
67e74517533a1861,pegasus-mpi-cluster,0.0
684c5bc9febcf3dc,pegasus-mpi-cluster,0.0
68ce8001104db8ef,pegasus-mpi-cluster,0.0
68d132cd9a763ef5,pegasus-mpi-cluster,0.0
68f75b047f9cd65b,pegasus-mpi-cluster,0.0
6933a3f1d8f146ac,pegasus-mpi-cluster,0.0
6943bd8dc1822e21,pegasus-mpi-cluster,0.0
6971cebb755f0ead,pegasus-mpi-cluster,0.0
69be6cb01eb75088,pegasus-mpi-cluster,0.0
6a0767a96dd802a2,pegasus-mpi-cluster,0.0
6a17c32c9bc9b5b6,pegasus-mpi-cluster,0.0
6a96b1c1d1d1b34e,pegasus-mpi-cluster,0.0
6ad66661809423f3,pegasus-mpi-cluster,0.0
6b4a0d7d6127ee5b,pegasus-mpi-cluster,0.0
6b4f43835d1c87d7,pegasus-mpi-cluster,0.0
6b59f2832ed2da82,pegasus-mpi-cluster,0.0
6b5be16412dd344d,pegasus-mpi-cluster,0.0
6b811b1606f83ab0,pegasus-mpi-cluster,0.0
6bc34caa93015f74,pegasus-mpi-cluster,0.0
6bdb6672d59458d9,pegasus-mpi-cluster,0.0
6c00f0baed8e0b0f,pegasus-mpi-cluster,0.0
6c30d83618b11931,pegasus-mpi-cluster,0.0
6c33a177d1408eb9,pegasus-mpi-cluster,0.0
6c3e6b3f0030514a,pegasus-mpi-cluster,0.0
6c7593dda343104a,pegasus-mpi-cluster,0.0
6cbfe7580925a523,pegasus-mpi-cluster,0.0
6cc3ef401cef98eb,pegasus-mpi-cluster,0.0
6d0d8521c2259c5f,pegasus-mpi-cluster,0.0
6d24f6d3b9535a86,pegasus-mpi-cluster,0.0
6d4a75a7ed16aaf4,pegasus-mpi-cluster,0.0
6d4af7e6f18bdb2c,pegasus-mpi-cluster,0.0
6d6847401850e2fc,pegasus-mpi-cluster,0.0
6d9e26fdd905e62e,pegasus-mpi-cluster,0.0
6dc9a003411a903e,pegasus-mpi-cluster,0.0
6df246802a14ebdc,pegasus-mpi-cluster,0.0
6e324d02fc0b66bb,pegasus-mpi-cluster,0.0
6e45f9e459567105,pegasus-mpi-cluster,0.0
6e9e26445d4b8911,pegasus-mpi-cluster,0.0
6ea57712483bce1c,pegasus-mpi-cluster,0.0
6eb9e39cee0aa34b,pegasus-mpi-cluster,0.0
6ef9638f52e35e70,pegasus-mpi-cluster,0.0
6f1ff88b1c4b7162,pegasus-mpi-cluster,0.0
6f2791152b789fbc,pegasus-mpi-cluster,0.0
6f542ccca48dcc0e,pegasus-mpi-cluster,0.0
6f673d13cfe59771,pegasus-mpi-cluster,0.0
6fdf800e1df3af0b,pegasus-mpi-cluster,0.0
70036bec01659bf8,pegasus-mpi-cluster,0.0
70085c7305771da9,pegasus-mpi-cluster,0.0
704b8b38beda0218,pegasus-mpi-cluster,0.0
709655d164baaff7,pegasus-mpi-cluster,0.0
712447f6e091564e,pegasus-mpi-cluster,0.0
721ab940a69de733,pegasus-mpi-cluster,0.0
724cc41ff537347f,pegasus-mpi-cluster,0.0
72711871f8132a53,pegasus-mpi-cluster,0.0
727d70df26513e74,pegasus-mpi-cluster,0.0
7299cee73c827d87,pegasus-mpi-cluster,0.0
72a4df3c73825bdd,pegasus-mpi-cluster,0.0
72b17399fb768351,pegasus-mpi-cluster,0.0
72cb1597ec020925,pegasus-mpi-cluster,0.0
73077f0867156228,pegasus-mpi-cluster,0.0
735be40076c97469,pegasus-mpi-cluster,0.0
735d2e653b385f00,pegasus-mpi-cluster,0.0
736a6e8ea6d78b90,pegasus-mpi-cluster,0.0
73b751928c0225ff,pegasus-mpi-cluster,0.0
73d53879bb361348,pegasus-mpi-cluster,0.0
7407a8f9e1b352b6,pegasus-mpi-cluster,0.0
741928cf2c8907c8,pegasus-mpi-cluster,0.0
741cd0c086e8708b,pegasus-mpi-cluster,0.0
74ac16aec59dd014,pegasus-mpi-cluster,0.0
74bbb0313c162ab2,pegasus-mpi-cluster,0.0
7539d1bdc846a1f4,pegasus-mpi-cluster,0.0
754d53a4364f849c,pegasus-mpi-cluster,0.0
75591decf10a6f3a,pegasus-mpi-cluster,0.0
7562eb25f8fedb93,pegasus-mpi-cluster,0.0
756454a9dc837821,pegasus-mpi-cluster,0.0
75a3b69d265eca72,pegasus-mpi-cluster,0.0
75a41ae98d24d62e,pegasus-mpi-cluster,0.0
75b4e04d5575da3e,pegasus-mpi-cluster,0.0
761e7c66870118eb,pegasus-mpi-cluster,0.0
764484846a96bfe2,pegasus-mpi-cluster,0.0
765258413979eeac,pegasus-mpi-cluster,0.0
768eab479629dce4,pegasus-mpi-cluster,0.0
76abb281f0ac2186,pegasus-mpi-cluster,0.0
76b8814e234b8754,pegasus-mpi-cluster,0.0
76f245849522b7c8,pegasus-mpi-cluster,0.0
77335b72a5798d85,pegasus-mpi-cluster,0.0
774fc4dd705b5e4d,pegasus-mpi-cluster,0.0
77adaa04a5eaf059,pegasus-mpi-cluster,0.0
7815d43a4f36c414,pegasus-mpi-cluster,0.0
78424c2f63c6db44,pegasus-mpi-cluster,0.0
7844939ed54c3216,pegasus-mpi-cluster,0.0
7862ef4f2cc7f2f3,pegasus-mpi-cluster,0.0
788f315a3052fb2d,pegasus-mpi-cluster,0.0
78cc270ddf0f1370,pegasus-mpi-cluster,0.0
78e5049a204ec243,pegasus-mpi-cluster,0.0
7908c920aa8933f3,pegasus-mpi-cluster,0.0
7915507c817971f4,pegasus-mpi-cluster,0.0
791cc443955378e7,pegasus-mpi-cluster,0.0
794a55f36ebe2385,pegasus-mpi-cluster,0.0
795dd5253a054b79,pegasus-mpi-cluster,0.0
79739d8b315fc051,pegasus-mpi-cluster,0.0
799274571fea8cf4,pegasus-mpi-cluster,0.0
79a32609abb8481d,pegasus-mpi-cluster,0.0
79b5b14876af45e3,pegasus-mpi-cluster,0.0
79de7b09da369365,pegasus-mpi-cluster,0.0
79e2fa5abd0b01c1,pegasus-mpi-cluster,0.0
79e8964095721940,pegasus-mpi-cluster,0.0
79f8d2cd41af53f3,pegasus-mpi-cluster,0.0
7a307f7057ab869f,pegasus-mpi-cluster,0.0
7a6a1eff5ec0f6ed,pegasus-mpi-cluster,0.0
7ab6b2ad68fbad35,pegasus-mpi-cluster,0.0
7ac6dec94eb05138,pegasus-mpi-cluster,0.0
7ac6f5e900fa7a45,pegasus-mpi-cluster,0.0
7b039de0469448f4,pegasus-mpi-cluster,0.0
7b2c2a362f1ffd8f,pegasus-mpi-cluster,0.0
7b4b293a77e53717,pegasus-mpi-cluster,0.0
7b4b54ef2689329e,pegasus-mpi-cluster,0.0
7b4d9d9602668a2e,pegasus-mpi-cluster,0.0
7b68591c371817a8,pegasus-mpi-cluster,0.0
7b70ec73f1250480,pegasus-mpi-cluster,0.0
7b718ee0bbb163d8,pegasus-mpi-cluster,0.0
7b7b4abd831252ae,pegasus-mpi-cluster,0.0
7c137c6f4d0ab9eb,pegasus-mpi-cluster,0.0
7c2da41245ea8b15,pegasus-mpi-cluster,0.0
7c8defae9059d890,pegasus-mpi-cluster,0.0
7cd22ec1b29c5fa0,pegasus-mpi-cluster,0.0
7d0f10b7a903701f,pegasus-mpi-cluster,0.0
7d1857cc94a41c7e,pegasus-mpi-cluster,0.0
7da198036d6e38cb,pegasus-mpi-cluster,0.0
7dd92218c489a492,pegasus-mpi-cluster,0.0
7de61a2f97447559,pegasus-mpi-cluster,0.0
7dfb2f969628b702,pegasus-mpi-cluster,0.0
7e132e42b54ed2d6,pegasus-mpi-cluster,0.0
7e63ff87f459cb34,pegasus-mpi-cluster,0.0
7e693a8a44a5c422,pegasus-mpi-cluster,0.0
7e75d2fdac3e115e,pegasus-mpi-cluster,0.0
7e791be0ddd43024,pegasus-mpi-cluster,0.0
7e866118f77ce2c5,pegasus-mpi-cluster,0.0
7f205abdab7b5aad,pegasus-mpi-cluster,0.0
7f44feebabb0fe55,pegasus-mpi-cluster,0.0
7f4e7e2ceaeb3c6a,pegasus-mpi-cluster,0.0
7fa496668b503bff,pegasus-mpi-cluster,0.0
80186d72eb963d90,pegasus-mpi-cluster,0.0
8027f53bb30b82e0,pegasus-mpi-cluster,0.0
804c3096cfcd13d0,pegasus-mpi-cluster,0.0
8092f095b7e6b9ad,pegasus-mpi-cluster,0.0
809ce3f410d2ef3e,pegasus-mpi-cluster,0.0
80cd1e47a0a3955e,pegasus-mpi-cluster,0.0
811a51ed1dadcc41,pegasus-mpi-cluster,0.0
82626a683bafab56,pegasus-mpi-cluster,0.0
828e2205a040d110,pegasus-mpi-cluster,0.0
82a1f86d16d3445d,pegasus-mpi-cluster,0.0
82a96d1973eec7ed,pegasus-mpi-cluster,0.0
830805598245b3f0,pegasus-mpi-cluster,0.0
83257c4bf165d2f7,pegasus-mpi-cluster,0.0
833031c35726eeba,pegasus-mpi-cluster,0.0
8341318b778b7184,pegasus-mpi-cluster,0.0
835c77a186c42c88,pegasus-mpi-cluster,0.0
835e65f9b02ef1f3,pegasus-mpi-cluster,0.0
8399890761fde52d,pegasus-mpi-cluster,0.0
83b3ec600d285f05,pegasus-mpi-cluster,0.0
83c7d33424bdfcdb,pegasus-mpi-cluster,0.0
83f859f7a2dc5b00,pegasus-mpi-cluster,0.0
8401e84b2da5cd79,pegasus-mpi-cluster,0.0
8424939d9719455a,pegasus-mpi-cluster,0.0
843315e09656d5d8,pegasus-mpi-cluster,0.0
854e0d157895b2ef,pegasus-mpi-cluster,0.0
855ea25bc493aace,pegasus-mpi-cluster,0.0
858cbfb211557a72,pegasus-mpi-cluster,0.0
85920894492806f8,pegasus-mpi-cluster,0.0
85f686d8e474a621,pegasus-mpi-cluster,0.0
8604e4e1ce86f824,pegasus-mpi-cluster,0.0
86647dc335b6b9e5,pegasus-mpi-cluster,0.0
868066dd63db35fe,pegasus-mpi-cluster,0.0
8685b2ea02c51a3f,pegasus-mpi-cluster,0.0
86de3907c613c244,pegasus-mpi-cluster,0.0
871e18a0e93fa560,pegasus-mpi-cluster,0.0
873d7f2d17517ae6,pegasus-mpi-cluster,0.0
875a178af3f57d9c,pegasus-mpi-cluster,0.0
875d7f352d3e14ad,pegasus-mpi-cluster,0.0
87998c5d57f6845c,pegasus-mpi-cluster,0.0
87a1c56e1390cb76,pegasus-mpi-cluster,0.0
8802f21fa6b7c343,pegasus-mpi-cluster,0.0
88061873af7b65ee,pegasus-mpi-cluster,0.0
882c3eb90ae7bd0f,pegasus-mpi-cluster,0.0
884b08b34d280287,pegasus-mpi-cluster,0.0
888040166f2b2676,pegasus-mpi-cluster,0.0
88de02531173f806,pegasus-mpi-cluster,0.0
891b616b891837c4,pegasus-mpi-cluster,0.0
894d0c841ed2e99c,pegasus-mpi-cluster,0.0
8954926cd814e7e8,pegasus-mpi-cluster,0.0
8962d11e397e993b,pegasus-mpi-cluster,0.0
8965503792fc4429,pegasus-mpi-cluster,0.0
896771c8beb461b0,pegasus-mpi-cluster,0.0
89e9f3fd29fd7fce,pegasus-mpi-cluster,0.0
8a6460dd0638334a,pegasus-mpi-cluster,0.0
8a7313583b02d1f3,pegasus-mpi-cluster,0.0
8a7d1281eab70d36,pegasus-mpi-cluster,0.0
8a92c536f50b3c80,pegasus-mpi-cluster,0.0
8aaab837769af3b6,pegasus-mpi-cluster,0.0
8b041216977a0e41,pegasus-mpi-cluster,0.0
8b19e70695854546,pegasus-mpi-cluster,0.0
8b93c44a74061f8f,pegasus-mpi-cluster,0.0
8bef3652550c9b03,pegasus-mpi-cluster,0.0
8bfa0510f38630c5,pegasus-mpi-cluster,0.0
8c25e8c4c8e36d44,pegasus-mpi-cluster,0.0
8c40d6694a728377,pegasus-mpi-cluster,0.0
8c49ca7c31083b39,pegasus-mpi-cluster,0.0
8c4cd17d8280bfbd,pegasus-mpi-cluster,0.0
8c6ec8d35ced7f7b,pegasus-mpi-cluster,0.0
8c6fb962d4921166,pegasus-mpi-cluster,0.0
8ce5d738f1185996,pegasus-mpi-cluster,0.0
8d3eef8da4f42b52,pegasus-mpi-cluster,0.0
8d7b1a413522f090,pegasus-mpi-cluster,0.0
8e091259ef8eea82,pegasus-mpi-cluster,0.0
8e3db943c592fa02,pegasus-mpi-cluster,0.0
8e6e9c5e3ca59b61,pegasus-mpi-cluster,0.0
8e906393080788c5,pegasus-mpi-cluster,0.0
8e94758335b087dc,pegasus-mpi-cluster,0.0
8ed5732bcb7baca1,pegasus-mpi-cluster,0.0
8ef953e9bb8eb198,pegasus-mpi-cluster,0.0
8efb780ac5d20993,pegasus-mpi-cluster,0.0
8f11c7adc012904d,pegasus-mpi-cluster,0.0
8f4b96943529fa70,pegasus-mpi-cluster,0.0
8f6f2d4b9528409a,pegasus-mpi-cluster,0.0
8f85960e6cbbcb0a,pegasus-mpi-cluster,0.0
8fa4223528dba5c0,pegasus-mpi-cluster,0.0
8feab23c6cb4dfa9,pegasus-mpi-cluster,0.0
90449067e578be6b,pegasus-mpi-cluster,0.0
90e8918e8d844564,pegasus-mpi-cluster,0.0
90eaf1e4b6247471,pegasus-mpi-cluster,0.0
90f802f2f95a8bc5,pegasus-mpi-cluster,0.0
911e3bfd0a8e9042,pegasus-mpi-cluster,0.0
91379368563bf521,pegasus-mpi-cluster,0.0
91568f02a94d80ce,pegasus-mpi-cluster,0.0
9162c7e4657feaca,pegasus-mpi-cluster,0.0
9168c2b29dfbfad2,pegasus-mpi-cluster,0.0
918a05536e49a7ca,pegasus-mpi-cluster,0.0
926de2d2d127ad16,pegasus-mpi-cluster,0.0
9290027b0054d0bf,pegasus-mpi-cluster,0.0
92e7b684d599410d,pegasus-mpi-cluster,0.0
93106a8c25e4c8ff,pegasus-mpi-cluster,0.0
931e15f3c4a0d08e,pegasus-mpi-cluster,0.0
934a6b57daf4c3c6,pegasus-mpi-cluster,0.0
935128793d9e8662,pegasus-mpi-cluster,0.0
9354997e43f46a08,pegasus-mpi-cluster,0.0
9398c58742bedf3c,pegasus-mpi-cluster,0.0
93ae3bbcbd4f8796,pegasus-mpi-cluster,0.0
93cf7bd6f2188677,pegasus-mpi-cluster,0.0
93e8f26e257b5a93,pegasus-mpi-cluster,0.0
93f62997fe69d124,pegasus-mpi-cluster,0.0
9424a2b7aba7e56e,pegasus-mpi-cluster,0.0
943beddd5a7169d8,pegasus-mpi-cluster,0.0
9462d3fad49a1069,pegasus-mpi-cluster,0.0
947f0c38ee650a57,pegasus-mpi-cluster,0.0
94a1306f691f7a12,pegasus-mpi-cluster,0.0
94b0c0c14ad9d648,pegasus-mpi-cluster,0.0
94d0ba8719ae2e91,pegasus-mpi-cluster,0.0
94d6d11ccecfac16,pegasus-mpi-cluster,0.0
955c719d370f9bcc,pegasus-mpi-cluster,0.0
955f9976289f2137,pegasus-mpi-cluster,0.0
959ea48307a745c2,pegasus-mpi-cluster,0.0
95a13451cb0b6c8b,pegasus-mpi-cluster,0.0
95eabc82de0de998,pegasus-mpi-cluster,0.0
95f102f163679f22,pegasus-mpi-cluster,0.0
95fbabc0ebc703a5,pegasus-mpi-cluster,0.0
96090e0756ff51ed,pegasus-mpi-cluster,0.0
960f37f42822c691,pegasus-mpi-cluster,0.0
96433c6bfb4da256,pegasus-mpi-cluster,0.0
966c5de79d8021bc,pegasus-mpi-cluster,0.0
9676f08f04fd5403,pegasus-mpi-cluster,0.0
9691e29efa7a64a9,pegasus-mpi-cluster,0.0
96c0e149abfbc24f,pegasus-mpi-cluster,0.0
96d1514fb67aba12,pegasus-mpi-cluster,0.0
976a62cb50606839,pegasus-mpi-cluster,0.0
98009bd15474bd31,pegasus-mpi-cluster,0.0
983dc6b5a0a1628a,pegasus-mpi-cluster,0.0
98450aa203716e60,pegasus-mpi-cluster,0.0
984bac386c55aabf,pegasus-mpi-cluster,0.0
985f3906b4006501,pegasus-mpi-cluster,0.0
98ab216300270b1c,pegasus-mpi-cluster,0.0
98dc1ac28f1c284b,pegasus-mpi-cluster,0.0
99569f827f1f46e5,pegasus-mpi-cluster,0.0
996fc5a6d216a843,pegasus-mpi-cluster,0.0
997d52673213f08d,pegasus-mpi-cluster,0.0
999125674105cd4f,pegasus-mpi-cluster,0.0
99b9221f934e188f,pegasus-mpi-cluster,0.0
99f6163860b42420,pegasus-mpi-cluster,0.0
99fb82f2d1d5aede,pegasus-mpi-cluster,0.0
9a20fd458b0f5e4d,pegasus-mpi-cluster,0.0
9a3c3be45f427d78,pegasus-mpi-cluster,0.0
9a3d566c12c66238,pegasus-mpi-cluster,0.0
9a55fa5ec377b20e,pegasus-mpi-cluster,0.0
9ab00ab8521f4b5f,pegasus-mpi-cluster,0.0
9ab12385fa3aa94b,pegasus-mpi-cluster,0.0
9abd79c1bfa8f2b9,pegasus-mpi-cluster,0.0
9adc7145ad310f2e,pegasus-mpi-cluster,0.0
9addcba7d3c2d4bb,pegasus-mpi-cluster,0.0
9b11b503e063f24d,pegasus-mpi-cluster,0.0
9b1eb56ae168290d,pegasus-mpi-cluster,0.0
9b528c2aa88b2782,pegasus-mpi-cluster,0.0
9b53fe073dd0f0fc,pegasus-mpi-cluster,0.0
9b7a9250b9c5d7da,pegasus-mpi-cluster,0.0
9be38bcf024892a0,pegasus-mpi-cluster,0.0
9c2512787f9149bb,pegasus-mpi-cluster,0.0
9c79f2285ad7ad78,pegasus-mpi-cluster,0.0
9cf1a48636629dcd,pegasus-mpi-cluster,0.0
9d072fe15743d3f9,pegasus-mpi-cluster,0.0
9d4261e2bb89a36d,pegasus-mpi-cluster,0.0
9d680a2ff62d8751,pegasus-mpi-cluster,0.0
9d82673d14eb4db5,pegasus-mpi-cluster,0.0
9e13355ad46183be,pegasus-mpi-cluster,0.0
9e35ae18b2599dda,pegasus-mpi-cluster,0.0
9e84451bdec4161b,pegasus-mpi-cluster,0.0
9eba55ea4772cbc1,pegasus-mpi-cluster,0.0
9ebc33fbbdd739c1,pegasus-mpi-cluster,0.0
9f0432814e2afbd0,pegasus-mpi-cluster,0.0
9f2a221487c2cf9e,pegasus-mpi-cluster,0.0
9f383de264bbcfc5,pegasus-mpi-cluster,0.0
9fdaa655407d2c5a,pegasus-mpi-cluster,0.0
9ff776d7cbd68045,pegasus-mpi-cluster,0.0
a03289f28c4d353f,pegasus-mpi-cluster,0.0
a04eb573836f255b,pegasus-mpi-cluster,0.0
a06e57b79e655e6d,pegasus-mpi-cluster,0.0
a0a3999ff1fd644c,pegasus-mpi-cluster,0.0
a0f713bdab8ee1a3,pegasus-mpi-cluster,0.0
a11961e6a5b4a169,pegasus-mpi-cluster,0.0
a19f445b405bc9c8,pegasus-mpi-cluster,0.0
a1b746c91ce37c43,pegasus-mpi-cluster,0.0
a20afe01fc418ad2,pegasus-mpi-cluster,0.0
a295db416bdac164,pegasus-mpi-cluster,0.0
a2b4b7810532ac91,pegasus-mpi-cluster,0.0
a33cc14443b63ce7,pegasus-mpi-cluster,0.0
a34f9db9c9208d74,pegasus-mpi-cluster,0.0
a3cb540fd162cce7,pegasus-mpi-cluster,0.0
a417a084cd47cb57,pegasus-mpi-cluster,0.0
a4376d5c57b9d88f,pegasus-mpi-cluster,0.0
a43a916eb326c7cb,pegasus-mpi-cluster,0.0
a4764fd917d51d5f,pegasus-mpi-cluster,0.0
a4aa8bc29b842702,pegasus-mpi-cluster,0.0
a4d21b94f3c45f35,pegasus-mpi-cluster,0.0
a52654bac6fb895a,pegasus-mpi-cluster,0.0
a528d177aedd7a4e,pegasus-mpi-cluster,0.0
a52eb389a748fc26,pegasus-mpi-cluster,0.0
a5536b8b02cd4420,pegasus-mpi-cluster,0.0
a56f62b6245ff788,pegasus-mpi-cluster,0.0
a5741aa124573dc3,pegasus-mpi-cluster,0.0
a5a65b4294ab78db,pegasus-mpi-cluster,0.0
a5a76a7bfaf51103,pegasus-mpi-cluster,0.0
a63ac7494fc415af,pegasus-mpi-cluster,0.0
a708b12dd97207d3,pegasus-mpi-cluster,0.0
a745c170aaa8a60a,pegasus-mpi-cluster,0.0
a755b4d6a991d901,pegasus-mpi-cluster,0.0
a75a8582c89fc1a2,pegasus-mpi-cluster,0.0
a772a45c3bb6e270,pegasus-mpi-cluster,0.0
a77f5cf82c5312ff,pegasus-mpi-cluster,0.0
a785701b4a3d7f36,pegasus-mpi-cluster,0.0
a79f79eb799a62e0,pegasus-mpi-cluster,0.0
a7ef2bd4f49a7cc9,pegasus-mpi-cluster,0.0
a8300b72448f997a,pegasus-mpi-cluster,0.0
a85ef812b7af6a1b,pegasus-mpi-cluster,0.0
a870f58cd954c046,pegasus-mpi-cluster,0.0
a8b110f34efb85b5,pegasus-mpi-cluster,0.0
a8e18009a66b0893,pegasus-mpi-cluster,0.0
a8ea3f415bce5b25,pegasus-mpi-cluster,0.0
a94113520a893af6,pegasus-mpi-cluster,0.0
a94627c4753aa62d,pegasus-mpi-cluster,0.0
a954058b5f254ab8,pegasus-mpi-cluster,0.0
aa1f25372cabe759,pegasus-mpi-cluster,0.0
aac4467a338bba1a,pegasus-mpi-cluster,0.0
aad7b157c244c5b3,pegasus-mpi-cluster,0.0
ab58565ef6adbd40,pegasus-mpi-cluster,0.0
abbba239e81f3a56,pegasus-mpi-cluster,0.0
abc91ea0128f43a7,pegasus-mpi-cluster,0.0
abdaea5e16e3f664,pegasus-mpi-cluster,0.0
abdca69b031c985b,pegasus-mpi-cluster,0.0
abedb0c46299afeb,pegasus-mpi-cluster,0.0
ac356f0536685f4d,pegasus-mpi-cluster,0.0
ac4fd452edc2ee92,pegasus-mpi-cluster,0.0
acc42b134bf53510,pegasus-mpi-cluster,0.0
acd48aadadc1521a,pegasus-mpi-cluster,0.0
ad10c63d3f85c88b,pegasus-mpi-cluster,0.0
ad270c085ca0194c,pegasus-mpi-cluster,0.0
ad3b84dc1d058e9d,pegasus-mpi-cluster,0.0
ad495e3df4d887b3,pegasus-mpi-cluster,0.0
ad6e4d6882e075a1,pegasus-mpi-cluster,0.0
ad87b0e6bbb0fbac,pegasus-mpi-cluster,0.0
ad9a5691e1405a3c,pegasus-mpi-cluster,0.0
adee7f92503b8cba,pegasus-mpi-cluster,0.0
adfd30bcdf3079fd,pegasus-mpi-cluster,0.0
ae05acfd6926f1e5,pegasus-mpi-cluster,0.0
ae7627110890ce9d,pegasus-mpi-cluster,0.0
af0b98c21f6eec32,pegasus-mpi-cluster,0.0
af0fed553574c968,pegasus-mpi-cluster,0.0
af3d6d5c9441d2a6,pegasus-mpi-cluster,0.0
af4c2694234e636d,pegasus-mpi-cluster,0.0
af4cd62de72cd87e,pegasus-mpi-cluster,0.0
af78ce9e83457d3e,pegasus-mpi-cluster,0.0
af8dd21e41698810,pegasus-mpi-cluster,0.0
af95a734c0fffae9,pegasus-mpi-cluster,0.0
afb247765a1959a4,pegasus-mpi-cluster,0.0
aff5868c5dba893d,pegasus-mpi-cluster,0.0
aff645dbe8479983,pegasus-mpi-cluster,0.0
aff83ec51b5d2d85,pegasus-mpi-cluster,0.0
b056ccb9f8dffc0e,pegasus-mpi-cluster,0.0
b0a7226457abc1d6,pegasus-mpi-cluster,0.0
b0de2b0df2ac9cd2,pegasus-mpi-cluster,0.0
b105f9a1b796cff5,pegasus-mpi-cluster,0.0
b1098cfde47383d3,pegasus-mpi-cluster,0.0
b137e3cd1a3e761d,pegasus-mpi-cluster,0.0
b17080bbe5a7f8c5,pegasus-mpi-cluster,0.0
b171c17e7e591b77,pegasus-mpi-cluster,0.0
b1884d87bc25ced8,pegasus-mpi-cluster,0.0
b1ba966937be1c58,pegasus-mpi-cluster,0.0
b1d645ed534a512c,pegasus-mpi-cluster,0.0
b22a7933afb1f195,pegasus-mpi-cluster,0.0
b268a18d8ad1f36d,pegasus-mpi-cluster,0.0
b29155d2968a80f0,pegasus-mpi-cluster,0.0
b2b5edf6f6eeaa4e,pegasus-mpi-cluster,0.0
b2f6cdcd6d96135f,pegasus-mpi-cluster,0.0
b312429c60c24d77,pegasus-mpi-cluster,0.0
b34bf337fb6b2475,pegasus-mpi-cluster,0.0
b358e39321827ae8,pegasus-mpi-cluster,0.0
b36740f4e725329d,pegasus-mpi-cluster,0.0
b394b747a7dcff4a,pegasus-mpi-cluster,0.0
b3a61134e948f844,pegasus-mpi-cluster,0.0
b3da7427085a7e81,pegasus-mpi-cluster,0.0
b400f9d84b0a03d3,pegasus-mpi-cluster,0.0
b44fbd526fd2f9ad,pegasus-mpi-cluster,0.0
b4814caa887994d8,pegasus-mpi-cluster,0.0
b48c891e02fe4485,pegasus-mpi-cluster,0.0
b4bf4ffa7e97de8c,pegasus-mpi-cluster,0.0
b56d9c6f1ef03349,pegasus-mpi-cluster,0.0
b59c35182ae0573a,pegasus-mpi-cluster,0.0
b5d41052644e13f2,pegasus-mpi-cluster,0.0
b620e4a728738739,pegasus-mpi-cluster,0.0
b67443d80d28b7e4,pegasus-mpi-cluster,0.0
b6b644846e3cd74f,pegasus-mpi-cluster,0.0
b6b7b5b2f7f5f5cd,pegasus-mpi-cluster,0.0
b6ca3737975b8768,pegasus-mpi-cluster,0.0
b7297718eef5fe8b,pegasus-mpi-cluster,0.0
b75538cb0fb61d98,pegasus-mpi-cluster,0.0
b757d40c33071a44,pegasus-mpi-cluster,0.0
b76d7f9b599e872d,pegasus-mpi-cluster,0.0
b7717e975282282e,pegasus-mpi-cluster,0.0
b78a2fb2edfaa303,pegasus-mpi-cluster,0.0
b7a79290b4053fcc,pegasus-mpi-cluster,0.0
b7abc1ab785efe99,pegasus-mpi-cluster,0.0
b7d2927e9e398a96,pegasus-mpi-cluster,0.0
b7d698b5ab11acec,pegasus-mpi-cluster,0.0
b7d6a25436eefed7,pegasus-mpi-cluster,0.0
b816466f2650dea8,pegasus-mpi-cluster,0.0
b8279d08119fbab2,pegasus-mpi-cluster,0.0
b83a72ff28282e2c,pegasus-mpi-cluster,0.0
b871b6aa32832f5a,pegasus-mpi-cluster,0.0
b888e07ee160c20d,pegasus-mpi-cluster,0.0
b8a9bd4a1e88f682,pegasus-mpi-cluster,0.0
b8b8667acb9aad16,pegasus-mpi-cluster,0.0
b93e045cc28d4eb6,pegasus-mpi-cluster,0.0
b95edbcf7e77c619,pegasus-mpi-cluster,0.0
b97a6bef5c5bcf9f,pegasus-mpi-cluster,0.0
b9a02812d72ddde1,pegasus-mpi-cluster,0.0
b9a466df712171a3,pegasus-mpi-cluster,0.0
b9a73f40a300cc2f,pegasus-mpi-cluster,0.0
b9ac09eb2b1a9d54,pegasus-mpi-cluster,0.0
b9ba5b4b699cf518,pegasus-mpi-cluster,0.0
b9de630f6370ba3a,pegasus-mpi-cluster,0.0
ba0cd36f5fc08001,pegasus-mpi-cluster,0.0
baa55f2b415dae0d,pegasus-mpi-cluster,0.0
babf5ad0b802b44d,pegasus-mpi-cluster,0.0
bacd0ef94d2a8f8c,pegasus-mpi-cluster,0.0
bb0a1a8faebb801f,pegasus-mpi-cluster,0.0
bb50c5eb8a39dae3,pegasus-mpi-cluster,0.0
bb97d7583309bbda,pegasus-mpi-cluster,0.0
bbdff6796bfb7c0b,pegasus-mpi-cluster,0.0
bbf219017d7ae5b8,pegasus-mpi-cluster,0.0
bc332b3957a6e57f,pegasus-mpi-cluster,0.0
bc5b6d2becbf4737,pegasus-mpi-cluster,0.0
bc7acb6934525625,pegasus-mpi-cluster,0.0
bc91a61a2c992649,pegasus-mpi-cluster,0.0
bca7dd72fd191d8a,pegasus-mpi-cluster,0.0
bd0baf9aeb6f74bd,pegasus-mpi-cluster,0.0
bd4634e4536b5c47,pegasus-mpi-cluster,0.0
bd4af93b3302d9f3,pegasus-mpi-cluster,0.0
bd7dbcedb6e16711,pegasus-mpi-cluster,0.0
bd9071d4c41761bf,pegasus-mpi-cluster,0.0
bdbea913f1d5ead5,pegasus-mpi-cluster,0.0
bdc34c9a361d335b,pegasus-mpi-cluster,0.0
bdce18b7b0cb7a5b,pegasus-mpi-cluster,0.0
bdd67704c1e67bb1,pegasus-mpi-cluster,0.0
bddf4a33ed5d8fa8,pegasus-mpi-cluster,0.0
bde0107b0370aa6f,pegasus-mpi-cluster,0.0
bde821c714c28528,pegasus-mpi-cluster,0.0
bde9fc077068b831,pegasus-mpi-cluster,0.0
be504e147c2c31a6,pegasus-mpi-cluster,0.0
be8acbb288b057b4,pegasus-mpi-cluster,0.0
be8cdd959cfe6e48,pegasus-mpi-cluster,0.0
bef1a2aac18e5ec3,pegasus-mpi-cluster,0.0
bef5cf15f636299f,pegasus-mpi-cluster,0.0
bf3afda4b89b0ecb,pegasus-mpi-cluster,0.0
bfb1962f9ace5882,pegasus-mpi-cluster,0.0
bfcb954414e1069c,pegasus-mpi-cluster,0.0
c0281beb3f2e5b5a,pegasus-mpi-cluster,0.0
c038a7e88106cb52,pegasus-mpi-cluster,0.0
c05216ef4183d47e,pegasus-mpi-cluster,0.0
c06e6880a37b8789,pegasus-mpi-cluster,0.0
c0aae0f1c54d9435,pegasus-mpi-cluster,0.0
c0bc2ee9cba2745e,pegasus-mpi-cluster,0.0
c0e867129faba4ad,pegasus-mpi-cluster,0.0
c1495ff929377239,pegasus-mpi-cluster,0.0
c1aaae7c8f455b69,pegasus-mpi-cluster,0.0
c1fabee983efbef4,pegasus-mpi-cluster,0.0
c23453678c00c2b1,pegasus-mpi-cluster,0.0
c24908e3c7c40fae,pegasus-mpi-cluster,0.0
c2884c498a039e8d,pegasus-mpi-cluster,0.0
c28a16e52022f24e,pegasus-mpi-cluster,0.0
c2a243171e7845f9,pegasus-mpi-cluster,0.0
c2f08e77c85e4303,pegasus-mpi-cluster,0.0
c363dcd7a217883b,pegasus-mpi-cluster,0.0
c38e523919ac796a,pegasus-mpi-cluster,0.0
c3da000b9251b368,pegasus-mpi-cluster,0.0
c3e39dfd0ecf966b,pegasus-mpi-cluster,0.0
c42a97025b560b60,pegasus-mpi-cluster,0.0
c42c0a538d90d0cf,pegasus-mpi-cluster,0.0
c484964e221225c0,pegasus-mpi-cluster,0.0
c4b49579a42e6cda,pegasus-mpi-cluster,0.0
c4e1d150f4742cb5,pegasus-mpi-cluster,0.0
c50e344817532cf5,pegasus-mpi-cluster,0.0
c52f75f4bc271c4c,pegasus-mpi-cluster,0.0
c58050a73ebd12e1,pegasus-mpi-cluster,0.0
c5b6e42287edc244,pegasus-mpi-cluster,0.0
c5f50b8c21710163,pegasus-mpi-cluster,0.0
c5fb6bc652b09c25,pegasus-mpi-cluster,0.0
c614b481144bdd31,pegasus-mpi-cluster,0.0
c6623061712fa52b,pegasus-mpi-cluster,0.0
c6e0beecf0054784,pegasus-mpi-cluster,0.0
c71553e39bcaabd9,pegasus-mpi-cluster,0.0
c72b7e5c7f60f292,pegasus-mpi-cluster,0.0
c7b7f94009097eb8,pegasus-mpi-cluster,0.0
c7d7da2ab0aea171,pegasus-mpi-cluster,0.0
c869255aac633d98,pegasus-mpi-cluster,0.0
c8a141f7152a3891,pegasus-mpi-cluster,0.0
c8b09e3a342836d7,pegasus-mpi-cluster,0.0
c8c06f79e7c0285a,pegasus-mpi-cluster,0.0
c9245229f2686086,pegasus-mpi-cluster,0.0
c92cc3df60d3cda4,pegasus-mpi-cluster,0.0
c949394d77d3b4b7,pegasus-mpi-cluster,0.0
c980c859e3668372,pegasus-mpi-cluster,0.0
c9b642131fb30397,pegasus-mpi-cluster,0.0
c9d62cb119f61e20,pegasus-mpi-cluster,0.0
c9d7d8be8ef1f669,pegasus-mpi-cluster,0.0
c9d830680924171f,pegasus-mpi-cluster,0.0
c9ec3d2d476103b7,pegasus-mpi-cluster,0.0
c9ee3c4e1f48489b,pegasus-mpi-cluster,0.0
ca50efb584d0c305,pegasus-mpi-cluster,0.0
ca59d29d04017075,pegasus-mpi-cluster,0.0
ca8e208e7aa6c7cd,pegasus-mpi-cluster,0.0
ca9f52bb30f86b5f,pegasus-mpi-cluster,0.0
cabc97d0d772faff,pegasus-mpi-cluster,0.0
cac1dc5981df4104,pegasus-mpi-cluster,0.0
caf9cd806be6123e,pegasus-mpi-cluster,0.0
cb159a532a05bd6f,pegasus-mpi-cluster,0.0
cb2afb7415767a05,pegasus-mpi-cluster,0.0
cb30af063049541b,pegasus-mpi-cluster,0.0
cbb95e00779cbcde,pegasus-mpi-cluster,0.0
cc567beef40ccade,pegasus-mpi-cluster,0.0
cc70e1dcd7966976,pegasus-mpi-cluster,0.0
cca9fdd8a7e9ea3c,pegasus-mpi-cluster,0.0
cce5b201b4413571,pegasus-mpi-cluster,0.0
ccf8d57c349b801a,pegasus-mpi-cluster,0.0
cd42874fc153fcb7,pegasus-mpi-cluster,0.0
cd642b0e1b34fb46,pegasus-mpi-cluster,0.0
cd6c55fee8317339,pegasus-mpi-cluster,0.0
cd92cbb009de91b3,pegasus-mpi-cluster,0.0
cdbbfa40f2b7c22d,pegasus-mpi-cluster,0.0
cdc889364c1f4903,pegasus-mpi-cluster,0.0
ce6aae8d1e91d756,pegasus-mpi-cluster,0.0
ce73c42da23211aa,pegasus-mpi-cluster,0.0
cec86752da97df54,pegasus-mpi-cluster,0.0
ced7bc40f0f72dc2,pegasus-mpi-cluster,0.0
cf1a347f89fb6a07,pegasus-mpi-cluster,0.0
cf30b8e443976b10,pegasus-mpi-cluster,0.0
cf334e8448b22d2e,pegasus-mpi-cluster,0.0
cf690ab88ce54f05,pegasus-mpi-cluster,0.0
cf6af4798ab82306,pegasus-mpi-cluster,0.0
cf76b8c204a35526,pegasus-mpi-cluster,0.0
d017127189984483,pegasus-mpi-cluster,0.0
d030f714c66dc4a5,pegasus-mpi-cluster,0.0
d044c774b62eafb5,pegasus-mpi-cluster,0.0
d06679f4f9c217b2,pegasus-mpi-cluster,0.0
d12ff36421de218c,pegasus-mpi-cluster,0.0
d14ca95bf07f73fc,pegasus-mpi-cluster,0.0
d192caa2d78f3652,pegasus-mpi-cluster,0.0
d1e2371313e3a5bd,pegasus-mpi-cluster,0.0
d1ea93b714059f53,pegasus-mpi-cluster,0.0
d205830f226dc9e7,pegasus-mpi-cluster,0.0
d22670fdda2b2ea4,pegasus-mpi-cluster,0.0
d2af3346954757f1,pegasus-mpi-cluster,0.0
d2b00acaf0e5dbf6,pegasus-mpi-cluster,0.0
d2bae7c11fe6b8d5,pegasus-mpi-cluster,0.0
d30522521fd55e8f,pegasus-mpi-cluster,0.0
d3bafad031a07585,pegasus-mpi-cluster,0.0
d3ccf3655cb84f26,pegasus-mpi-cluster,0.0
d3e6250f01e82154,pegasus-mpi-cluster,0.0
d3f4f31f9d6c4574,pegasus-mpi-cluster,0.0
d3fb3bd965199451,pegasus-mpi-cluster,0.0
d43233dfca0a2c59,pegasus-mpi-cluster,0.0
d43e31b77443f80a,pegasus-mpi-cluster,0.0
d4418c34d7e85009,pegasus-mpi-cluster,0.0
d4594d41090da37c,pegasus-mpi-cluster,0.0
d47e39aeb7d63320,pegasus-mpi-cluster,0.0
d4ddda1410e164a6,pegasus-mpi-cluster,0.0
d4f6444b8be0b6ec,pegasus-mpi-cluster,0.0
d59dc6c38440c08a,pegasus-mpi-cluster,0.0
d5dc83ac7354940e,pegasus-mpi-cluster,0.0
d5ed1fef4eed90b7,pegasus-mpi-cluster,0.0
d6537a1fc2642259,pegasus-mpi-cluster,0.0
d675d744dc5cf356,pegasus-mpi-cluster,0.0
d68091121d62a9a4,pegasus-mpi-cluster,0.0
d69c587b33c317ff,pegasus-mpi-cluster,0.0
d6a8b11f1f4f8f12,pegasus-mpi-cluster,0.0
d6c524a5e79ab00f,pegasus-mpi-cluster,0.0
d7238a6b61dc1310,pegasus-mpi-cluster,0.0
d726665af5521e1b,pegasus-mpi-cluster,0.0
d72e940a4662d3b9,pegasus-mpi-cluster,0.0
d7427c3dcb5a0494,pegasus-mpi-cluster,0.0
d755167d329683b8,pegasus-mpi-cluster,0.0
d7604020048c2c4e,pegasus-mpi-cluster,0.0
d7bbd6b4b1c83a53,pegasus-mpi-cluster,0.0
d7cfd69f15375bda,pegasus-mpi-cluster,0.0
d7d5096c4b4a7e1d,pegasus-mpi-cluster,0.0
d7fabf0677a623cd,pegasus-mpi-cluster,0.0
d8195e7fc07c106e,pegasus-mpi-cluster,0.0
d82e0f8013e5b6ad,pegasus-mpi-cluster,0.0
d84fcedd558f9252,pegasus-mpi-cluster,0.0
d853e2e4e584cd7b,pegasus-mpi-cluster,0.0
d863f936d309b77c,pegasus-mpi-cluster,0.0
d86d22a6a819da73,pegasus-mpi-cluster,0.0
d8ed9af18c315213,pegasus-mpi-cluster,0.0
d8fafd5afbf3a8c2,pegasus-mpi-cluster,0.0
d904615d23a88e1e,pegasus-mpi-cluster,0.0
d90c5f1f1a7bfee3,pegasus-mpi-cluster,0.0
d93756d29eab610e,pegasus-mpi-cluster,0.0
d938c3508b4783dd,pegasus-mpi-cluster,0.0
d9d335bd0ed34f59,pegasus-mpi-cluster,0.0
d9f43c9bc687931d,pegasus-mpi-cluster,0.0
da467a9dd78135bf,pegasus-mpi-cluster,0.0
da73cd8991738a1c,pegasus-mpi-cluster,0.0
dab53234d9f2b9d6,pegasus-mpi-cluster,0.0
dacd992d972a8040,pegasus-mpi-cluster,0.0
dae6210f44124291,pegasus-mpi-cluster,0.0
db9a7b60bf995b84,pegasus-mpi-cluster,0.0
dbad15f2dae0bf7a,pegasus-mpi-cluster,0.0
dc34f16c906769f7,pegasus-mpi-cluster,0.0
dc371fb13f20dbc9,pegasus-mpi-cluster,0.0
dcae411795551505,pegasus-mpi-cluster,0.0
dccf6a04ab0cb91a,pegasus-mpi-cluster,0.0
dcd8d38bfc997d84,pegasus-mpi-cluster,0.0
dce314e86c09bf13,pegasus-mpi-cluster,0.0
dced354b26ba5479,pegasus-mpi-cluster,0.0
dcee9a766a2aa780,pegasus-mpi-cluster,0.0
dcf7f78955fcef3f,pegasus-mpi-cluster,0.0
dd2176089c34821d,pegasus-mpi-cluster,0.0
dd49ec62de4cbe49,pegasus-mpi-cluster,0.0
dd875d2baab40950,pegasus-mpi-cluster,0.0
ddb478b778627b2a,pegasus-mpi-cluster,0.0
de0081bbfc8468ea,pegasus-mpi-cluster,0.0
de233718cd28e9ea,pegasus-mpi-cluster,0.0
de7762e2dab63bc6,pegasus-mpi-cluster,0.0
de8413ba50cb18a2,pegasus-mpi-cluster,0.0
dea215718205fe56,pegasus-mpi-cluster,0.0
dead765f5705f6b4,pegasus-mpi-cluster,0.0
ded38416b9868376,pegasus-mpi-cluster,0.0
defebcaa486b04ee,pegasus-mpi-cluster,0.0
df00e1ec93d7b11d,pegasus-mpi-cluster,0.0
df03c9b20c1ba6bf,pegasus-mpi-cluster,0.0
df2d6694c4431819,pegasus-mpi-cluster,0.0
df5654451d1f4a18,pegasus-mpi-cluster,0.0
df5f97c788c1dfbc,pegasus-mpi-cluster,0.0
df7b9524163287bb,pegasus-mpi-cluster,0.0
df7f6254405151f1,pegasus-mpi-cluster,0.0
df9bb49505af74eb,pegasus-mpi-cluster,0.0
dfa612b50d1f8c8c,pegasus-mpi-cluster,0.0
dfc039346be6490b,pegasus-mpi-cluster,0.0
dfdcd81ee6e489aa,pegasus-mpi-cluster,0.0
dfe14c2cd69438ed,pegasus-mpi-cluster,0.0
e028fa82a2084b51,pegasus-mpi-cluster,0.0
e02f05118de9172b,pegasus-mpi-cluster,0.0
e0b1fdba0e229293,pegasus-mpi-cluster,0.0
e0d5e0f9497fc176,pegasus-mpi-cluster,0.0
e0f5afe7f95307bb,pegasus-mpi-cluster,0.0
e0f9ca3b1b9ee2d6,pegasus-mpi-cluster,0.0
e10b86b8b351db3b,pegasus-mpi-cluster,0.0
e141571dd571a07a,pegasus-mpi-cluster,0.0
e1474b4a0091d767,pegasus-mpi-cluster,0.0
e166492875197ae2,pegasus-mpi-cluster,0.0
e1c2741f676d468e,pegasus-mpi-cluster,0.0
e1e6057a489e9d47,pegasus-mpi-cluster,0.0
e24868c6c1082dff,pegasus-mpi-cluster,0.0
e2539eb03fc4089c,pegasus-mpi-cluster,0.0
e300e6ea8033d8f3,pegasus-mpi-cluster,0.0
e3198ce19fbe2c79,pegasus-mpi-cluster,0.0
e36023b944773eca,pegasus-mpi-cluster,0.0
e36c76701f60aa21,pegasus-mpi-cluster,0.0
e37444efd1795aac,pegasus-mpi-cluster,0.0
e3df5d5521937f39,pegasus-mpi-cluster,0.0
e409daac2b97c420,pegasus-mpi-cluster,0.0
e42e460035e05be4,pegasus-mpi-cluster,0.0
e4332b3f916c1359,pegasus-mpi-cluster,0.0
e45429bdd97a3545,pegasus-mpi-cluster,0.0
e471a72ab071e1b3,pegasus-mpi-cluster,0.0
e4b3f2a1f95f9254,pegasus-mpi-cluster,0.0
e4f1b03b2d7d9dd0,pegasus-mpi-cluster,0.0
e4f380c41dd9e359,pegasus-mpi-cluster,0.0
e4f3c1c49610bd97,pegasus-mpi-cluster,0.0
e52db08b74d14415,pegasus-mpi-cluster,0.0
e52f11505d5c8a86,pegasus-mpi-cluster,0.0
e53faedc249a4643,pegasus-mpi-cluster,0.0
e541b7793b39a046,pegasus-mpi-cluster,0.0
e56eb7eec7e7649a,pegasus-mpi-cluster,0.0
e59afb7242c32009,pegasus-mpi-cluster,0.0
e5b4a31d98dfd1ed,pegasus-mpi-cluster,0.0
e61bc8f2131ffd4b,pegasus-mpi-cluster,0.0
e675d9c36fd671bf,pegasus-mpi-cluster,0.0
e6a284f58d017619,pegasus-mpi-cluster,0.0
e70a19b1ee5a186b,pegasus-mpi-cluster,0.0
e742a88428a98fd6,pegasus-mpi-cluster,0.0
e766aff5c9968f10,pegasus-mpi-cluster,0.0
e78a9b1615448ce0,pegasus-mpi-cluster,0.0
e7f2e9b044903dee,pegasus-mpi-cluster,0.0
e82971a523caa5b4,pegasus-mpi-cluster,0.0
e86308c24cb163fa,pegasus-mpi-cluster,0.0
e8723dbe26d9b796,pegasus-mpi-cluster,0.0
e8a77837f92eec6e,pegasus-mpi-cluster,0.0
e8cde9566f67e318,pegasus-mpi-cluster,0.0
e91dde0b66897ca5,pegasus-mpi-cluster,0.0
e942ecb8c1eb4c9a,pegasus-mpi-cluster,0.0
e9db46787eabae37,pegasus-mpi-cluster,0.0
ea200ac3794867d6,pegasus-mpi-cluster,0.0
ea4ef5200982832b,pegasus-mpi-cluster,0.0
ea62448a3dbe9ad3,pegasus-mpi-cluster,0.0
ea7313435b519e13,pegasus-mpi-cluster,0.0
ea967498232e4bf7,pegasus-mpi-cluster,0.0
ead0e3d72ca64615,pegasus-mpi-cluster,0.0
ead4733dbd22c6e0,pegasus-mpi-cluster,0.0
eaed096903cfac94,pegasus-mpi-cluster,0.0
eb037ff5871ba5db,pegasus-mpi-cluster,0.0
eb327ea832503648,pegasus-mpi-cluster,0.0
eb5ade2bc3a81ea2,pegasus-mpi-cluster,0.0
eb75443bb8585107,pegasus-mpi-cluster,0.0
eb8f02ff702eb075,pegasus-mpi-cluster,0.0
eba3e3313835b27e,pegasus-mpi-cluster,0.0
ebd2a6d5c232d62b,pegasus-mpi-cluster,0.0
ebdc62c91d50884b,pegasus-mpi-cluster,0.0
ec08dc266e0ff6ab,pegasus-mpi-cluster,0.0
ec259da8f02473ea,pegasus-mpi-cluster,0.0
ec4e1d77d30e9d99,pegasus-mpi-cluster,0.0
ec51c5a5ed1eb6d0,pegasus-mpi-cluster,0.0
ec94a7fd797badca,pegasus-mpi-cluster,0.0
ec9fb71946270225,pegasus-mpi-cluster,0.0
ecddcf70a5fab4b2,pegasus-mpi-cluster,0.0
ed03601db20e9207,pegasus-mpi-cluster,0.0
ed03a916e1af7265,pegasus-mpi-cluster,0.0
ed5eaf860983b869,pegasus-mpi-cluster,0.0
ed62897049c1e528,pegasus-mpi-cluster,0.0
ed66edc5a2aad0c5,pegasus-mpi-cluster,0.0
ed9756494e993dd9,pegasus-mpi-cluster,0.0
eda8a063df36609d,pegasus-mpi-cluster,0.0
edbe9121694f45b7,pegasus-mpi-cluster,0.0
ee1f35da49aa34ec,pegasus-mpi-cluster,0.0
ee26bcfffc628038,pegasus-mpi-cluster,0.0
ee418e5fc9e6fa7b,pegasus-mpi-cluster,0.0
ee4844a723fbe404,pegasus-mpi-cluster,0.0
ee615b0aba79d291,pegasus-mpi-cluster,0.0
ee8e9c481e0b8bc4,pegasus-mpi-cluster,0.0
eea65db9077101a3,pegasus-mpi-cluster,0.0
eebc296217dfb5e5,pegasus-mpi-cluster,0.0
eed217b2503fbd20,pegasus-mpi-cluster,0.0
eee5c95946214170,pegasus-mpi-cluster,0.0
ef300e5fa8dbe8c8,pegasus-mpi-cluster,0.0
ef6fc1e9f1a97061,pegasus-mpi-cluster,0.0
efa2b7d24d396b18,pegasus-mpi-cluster,0.0
f06ffa65e007bba0,pegasus-mpi-cluster,0.0
f089389554d4d166,pegasus-mpi-cluster,0.0
f0c06e0155095df7,pegasus-mpi-cluster,0.0
f0f84356cc7ab0e9,pegasus-mpi-cluster,0.0
f117e7b720739e03,pegasus-mpi-cluster,0.0
f18bbbe61b5cf5a0,pegasus-mpi-cluster,0.0
f19333ea693250da,pegasus-mpi-cluster,0.0
f19eb9cb01c9bd33,pegasus-mpi-cluster,0.0
f1a4669262507f89,pegasus-mpi-cluster,9561.0
f1f56b791d7ac480,pegasus-mpi-cluster,0.0
f24d054dd2f8a7a4,pegasus-mpi-cluster,0.0
f2583758af62ab56,pegasus-mpi-cluster,4963.0
f27f77331ac83e9d,pegasus-mpi-cluster,0.0
f2a98101270c9efb,pegasus-mpi-cluster,0.0
f2bdcb05cb0d0fe9,pegasus-mpi-cluster,0.0
f2d07ac750fdf7c5,pegasus-mpi-cluster,0.0
f2e31c207b565407,pegasus-mpi-cluster,0.0
f302fdb37ace5793,pegasus-mpi-cluster,0.0
f3762ebb1803e448,pegasus-mpi-cluster,0.0
f3e9c94c69883799,pegasus-mpi-cluster,0.0
f3f8900c7372442b,pegasus-mpi-cluster,0.0
f43ef385b0b94968,pegasus-mpi-cluster,0.0
f4800994a7ee44ab,pegasus-mpi-cluster,0.0
f55e1feb654ef7f5,pegasus-mpi-cluster,0.0
f56541640803a9f8,pegasus-mpi-cluster,0.0
f565465490d94004,pegasus-mpi-cluster,0.0
f69f762a1ba467d9,pegasus-mpi-cluster,0.0
f6ae343612ab54e2,pegasus-mpi-cluster,0.0
f6d96a0ac93cbd67,pegasus-mpi-cluster,0.0
f716b2bc06f3f742,pegasus-mpi-cluster,0.0
f7d3683be2e92d39,pegasus-mpi-cluster,0.0
f7e5a4be0b9e4df4,pegasus-mpi-cluster,0.0
f83bc589e9de9d34,pegasus-mpi-cluster,0.0
f83ed65e17375a15,pegasus-mpi-cluster,0.0
f860de9ff0520dbb,pegasus-mpi-cluster,0.0
f86acea2899e3cdb,pegasus-mpi-cluster,0.0
f889ea4d4fc2ffcf,pegasus-mpi-cluster,0.0
f8eee60edfb2e2e6,pegasus-mpi-cluster,0.0
f8f95b70cc459afc,pegasus-mpi-cluster,0.0
f91a8c0af8b9480c,pegasus-mpi-cluster,0.0
f964a5612036faa1,pegasus-mpi-cluster,0.0
f970f4640bded562,pegasus-mpi-cluster,0.0
f9b8c6a47618e312,pegasus-mpi-cluster,0.0
f9e0d1420d1d0999,pegasus-mpi-cluster,0.0
fa06e258365222e2,pegasus-mpi-cluster,0.0
fa40f1f57cd42f33,pegasus-mpi-cluster,0.0
fa794bdd4b48271d,pegasus-mpi-cluster,0.0
fac84a152a16ca09,pegasus-mpi-cluster,0.0
fad6cf79446a3fd9,pegasus-mpi-cluster,0.0
fae4556c128a13f9,pegasus-mpi-cluster,0.0
faf215af7b23e534,pegasus-mpi-cluster,0.0
fb80a06dfe3465a3,pegasus-mpi-cluster,0.0
fbb6e0467501072c,pegasus-mpi-cluster,0.0
fbce5be4db838df6,pegasus-mpi-cluster,0.0
fbd58a496446f475,pegasus-mpi-cluster,0.0
fbe02f349aaf1f6f,pegasus-mpi-cluster,0.0
fbeba1c0e89ecbee,pegasus-mpi-cluster,0.0
fbf4f285095c8e7b,pegasus-mpi-cluster,0.0
fc2203037947749d,pegasus-mpi-cluster,0.0
fc31f641c25dbb67,pegasus-mpi-cluster,0.0
fc37ad839900158c,pegasus-mpi-cluster,0.0
fc50a8fbbefa6517,pegasus-mpi-cluster,0.0
fc92ad4d68535072,pegasus-mpi-cluster,0.0
fcf7b852790a93a1,pegasus-mpi-cluster,0.0
fcf9a22f15623453,pegasus-mpi-cluster,0.0
fd09f30361fd5367,pegasus-mpi-cluster,0.0
fd2906962ab658f1,pegasus-mpi-cluster,0.0
fd773221d93bc204,pegasus-mpi-cluster,0.0
fdc4ad4df57eafa4,pegasus-mpi-cluster,0.0
fdea3d31166c84cf,pegasus-mpi-cluster,0.0
fdf541c2f430abfa,pegasus-mpi-cluster,0.0
fe04a9cffe59044f,pegasus-mpi-cluster,0.0
fe66c5511d2fe143,pegasus-mpi-cluster,0.0
fea5708f8cce815b,pegasus-mpi-cluster,0.0
fef7c09583b3a8a4,pegasus-mpi-cluster,0.0
fefc3b96eb49f929,pegasus-mpi-cluster,0.0
fefe5bc59b1c68c9,pegasus-mpi-cluster,0.0
ff3b8f22010fe5a9,pegasus-mpi-cluster,0.0
ffbb69066be65e69,pegasus-mpi-cluster,0.0
ffcf47b65741889f,pegasus-mpi-cluster,0.0
ffcf87c0ef898c1f,pegasus-mpi-cluster,0.0
ffd1224772000b81,pegasus-mpi-cluster,0.0
fff28d3602900c3e,pegasus-mpi-cluster,0.0
03ac6bec11a15f6d,mImgtbl,0.0
131c58bf484cf439,mImgtbl,0.0
a22b1fad5a7a4def,pegasus-kickstart,0.0
5f42aec1669e0665,pegasus-kickstart,0.0
91ce2b6c8429b86c,mDiff,2880.0
de14e2f72a22f731,mDiff,2880.0
0f1d6c7cdcc95228,pegasus-kickstart,0.0
70079acb6b5364ef,pegasus-kickstart,0.0
8463392bf5c517d0,pegasus-kickstart,0.0
b5ddfeeeedafce18,pegasus-kickstart,0.0
2b515ad5a01ab956,pegasus-kickstart,0.0
