src,dest,weight
mFitplane,327cdf8cf67adadf,15773906.0
mFitplane,d2e8a0080bd0e7d1,15568082.0
mFitplane,089a6c75635321d8,15768002.0
mFitplane,d41e20c8c3d38e7b,15541586.0
mFitplane,31274d7efd671863,15837122.0
mFitplane,3e6dee487f83b0cd,4633922.0
mFitplane,32f904f7966fe890,4582082.0
mFitplane,0a05dfe33482f241,4628162.0
mFitplane,80c4dd06d813be41,4576322.0
mFitplane,bbda131ad3f1e7bf,15836738.0
mFitplane,05725be54b7e1f3b,4622402.0
mFitplane,a16eb7a92dbd7750,15836738.0
mFitplane,d764b43710dd04c7,15782402.0
mFitplane,b2846f4635075ea4,15741162.0
mFitplane,522d259efdda13da,15837122.0
mFitplane,0dd137089beba793,15575042.0
mFitplane,14f37454ac31a356,4633922.0
mFitplane,94ca91122636e2c3,15534722.0
327cdf8cf67adadf,mDiff,15776640.0
d2e8a0080bd0e7d1,mDiff,15569280.0
pegasus-kickstart,0001148b65c463d1,0.0
pegasus-kickstart,000ee992967d0a99,0.0
pegasus-kickstart,0020aef76b2dec2a,0.0
pegasus-kickstart,002631907671fbb3,0.0
pegasus-kickstart,002b5ec0f667049c,0.0
pegasus-kickstart,002fa4c6fe56c462,0.0
pegasus-kickstart,0032c626905fdab9,0.0
pegasus-kickstart,00356e9dbf423c11,0.0
pegasus-kickstart,004823e27dd14524,0.0
pegasus-kickstart,0060dcc8d82b307c,0.0
pegasus-kickstart,0066f2878ae52883,0.0
pegasus-kickstart,0084c1f23584ab30,0.0
pegasus-kickstart,008741f783c5cea8,0.0
pegasus-kickstart,008db0dac92f890f,0.0
pegasus-kickstart,00a8e73d43b37561,0.0
pegasus-kickstart,00a93d6e270a0798,0.0
pegasus-kickstart,00b12a2429b071a9,0.0
pegasus-kickstart,00bdf214a5f588c5,0.0
pegasus-kickstart,00f508c4f1af27bb,0.0
pegasus-kickstart,00fe035373ee2728,0.0
pegasus-kickstart,00ff2317cea66b52,0.0
pegasus-kickstart,0100b6b9006626dc,0.0
pegasus-kickstart,011c4fdd7c683f6f,0.0
pegasus-kickstart,012e08e0fba95d41,0.0
pegasus-kickstart,0159f0e9769e6fc1,0.0
pegasus-kickstart,017bc9f2cad76624,0.0
pegasus-kickstart,0187e91416471bb0,0.0
pegasus-kickstart,018c7d2885d7d2cd,0.0
pegasus-kickstart,01aa1e9e95736e32,0.0
pegasus-kickstart,01ac6180d7eb99b9,0.0
pegasus-kickstart,01ad97c63a65cc94,0.0
pegasus-kickstart,01b31885a1661f98,0.0
pegasus-kickstart,01b4d3f454263034,0.0
pegasus-kickstart,01c1d50d6aae621f,0.0
pegasus-kickstart,01faf13d6cebb579,0.0
pegasus-kickstart,01fd047f378c7dd4,0.0
pegasus-kickstart,01fd7331a4d4d86c,0.0
pegasus-kickstart,020030f586ba5f38,0.0
pegasus-kickstart,02025b00662847d6,0.0
pegasus-kickstart,0211aa5360a22dfa,0.0
pegasus-kickstart,022b482b3445cfbc,0.0
pegasus-kickstart,023806e92ddb28f7,0.0
pegasus-kickstart,0268359964234df1,0.0
pegasus-kickstart,026abd056d37b2fa,0.0
pegasus-kickstart,0289b02f4a66e588,0.0
pegasus-kickstart,029061230d028726,0.0
pegasus-kickstart,029e9f4cc4d03433,0.0
pegasus-kickstart,02a70c6400bb7f15,0.0
pegasus-kickstart,02b00b228ed384f9,0.0
pegasus-kickstart,02b832bda588d0b2,0.0
pegasus-kickstart,02b9320b0fc5135f,0.0
pegasus-kickstart,02bf629ce3eeb06e,0.0
pegasus-kickstart,02c70cb9219bc7d0,0.0
pegasus-kickstart,02d02b9de20d0638,0.0
pegasus-kickstart,02d3ebe57abd0459,0.0
pegasus-kickstart,02d81911b64ed623,0.0
pegasus-kickstart,02da69605a5b2e68,0.0
pegasus-kickstart,02e10765ffe122d4,0.0
pegasus-kickstart,02f9e8f12e9a6695,0.0
pegasus-kickstart,0301cdc5a9092e9f,0.0
pegasus-kickstart,0334015590162ca6,0.0
pegasus-kickstart,033f5afccf4cd0f4,0.0
pegasus-kickstart,0342c74378174ec0,0.0
pegasus-kickstart,03bf4a1ff058005a,0.0
pegasus-kickstart,03cbb184bfec8a88,0.0
pegasus-kickstart,03e12865f8dd9c38,0.0
pegasus-kickstart,03e3ea2ff3c7dbae,0.0
pegasus-kickstart,03f52e2da1e16227,0.0
pegasus-kickstart,043784d0fe016127,0.0
pegasus-kickstart,044100370e64d517,0.0
pegasus-kickstart,04426543741853b5,0.0
pegasus-kickstart,047237a690581ccc,0.0
pegasus-kickstart,047486784c5d9d1c,0.0
pegasus-kickstart,048fff3bf2526936,0.0
pegasus-kickstart,0499c6a8b31bb167,0.0
pegasus-kickstart,049f92cf1253b91e,0.0
pegasus-kickstart,04d0955e0b33ac05,0.0
pegasus-kickstart,04f786de9f81a588,0.0
pegasus-kickstart,05165fed526f9b0f,0.0
pegasus-kickstart,05181eb6bd8d8088,0.0
pegasus-kickstart,0528b16d00c858a8,0.0
pegasus-kickstart,0547007148ea1db6,0.0
pegasus-kickstart,054e54b4ea695410,0.0
pegasus-kickstart,055071e0af760dd4,0.0
pegasus-kickstart,055ce77701a16257,0.0
pegasus-kickstart,0570d1d4583da3ab,0.0
pegasus-kickstart,0593d3d0355cff7d,0.0
pegasus-kickstart,05b1d585829af6e5,0.0
pegasus-kickstart,05d79f0cebbe93df,0.0
pegasus-kickstart,05da870fa86cdd46,0.0
pegasus-kickstart,05daa45c551768a9,0.0
pegasus-kickstart,05e657b0ff5ccd72,0.0
pegasus-kickstart,05f1ea4bd83afb7d,0.0
pegasus-kickstart,05f6dbcf30971024,0.0
pegasus-kickstart,0602ed16bbd7921a,0.0
pegasus-kickstart,061383fdcd910995,0.0
pegasus-kickstart,06164d7b618de754,0.0
pegasus-kickstart,0624a633f6934f0d,0.0
pegasus-kickstart,062b4182929631af,0.0
pegasus-kickstart,0655b978c8d8f6e5,0.0
pegasus-kickstart,065b79f570660a38,0.0
pegasus-kickstart,066d601c3168d9c6,0.0
pegasus-kickstart,067cfc2b007e11f3,0.0
pegasus-kickstart,067dc714598f5d73,0.0
pegasus-kickstart,067e9fae3f3f4cab,0.0
pegasus-kickstart,0683475604c8bbbb,0.0
pegasus-kickstart,06a9d8b8d8290471,0.0
pegasus-kickstart,06b659beb9a6f0eb,0.0
pegasus-kickstart,06b954930aaa4b2b,0.0
pegasus-kickstart,06d6e5a5e368e629,0.0
pegasus-kickstart,070923116ce4e9ee,0.0
pegasus-kickstart,0719b1d31160d6a5,0.0
pegasus-kickstart,072b9c74cf13873d,0.0
pegasus-kickstart,07310bd1acec1c8e,0.0
pegasus-kickstart,074730d9fae2d83c,0.0
pegasus-kickstart,074d0682e135af0c,0.0
pegasus-kickstart,074ecd3dea23139a,0.0
pegasus-kickstart,0755407138a4c787,0.0
pegasus-kickstart,07a275ac7e2d6486,0.0
pegasus-kickstart,07c7eaed6d8fca59,0.0
pegasus-kickstart,07c7f51ae5df0b58,0.0
pegasus-kickstart,083bceb9ebf1deb8,0.0
pegasus-kickstart,0842ece9a4ca8425,0.0
pegasus-kickstart,085016f461682bd6,0.0
pegasus-kickstart,08845403932d0330,0.0
pegasus-kickstart,0884d8ce9c68de52,0.0
pegasus-kickstart,08a7ebe1d840cefd,0.0
pegasus-kickstart,08ba3b6adeda13f5,0.0
pegasus-kickstart,08bd5e7c0abeaa20,0.0
pegasus-kickstart,08bf392b058c60bc,0.0
pegasus-kickstart,08c1cd3278df88f0,0.0
pegasus-kickstart,08cff386117da63e,0.0
pegasus-kickstart,08d73b5704d63634,0.0
pegasus-kickstart,08f1f464154eb083,0.0
pegasus-kickstart,08f3df8099dcdea4,0.0
pegasus-kickstart,0902c7f678404ed8,0.0
pegasus-kickstart,090495580309d771,0.0
pegasus-kickstart,0916d3237ad37abd,0.0
pegasus-kickstart,0930252efaf9443c,0.0
pegasus-kickstart,09306a48589fab41,0.0
pegasus-kickstart,093470259cdfab44,0.0
pegasus-kickstart,093c2d7c1d65f288,0.0
pegasus-kickstart,0952ee7ee35d13be,0.0
pegasus-kickstart,09530e45bbaf089c,0.0
pegasus-kickstart,0959995a52324a7e,0.0
pegasus-kickstart,096b62a642d9d062,0.0
pegasus-kickstart,098c856ffbc4aa0c,0.0
pegasus-kickstart,098f6b89ab76113f,0.0
pegasus-kickstart,09c88f436be1d3a8,0.0
pegasus-kickstart,09d356fbfaa5484e,0.0
pegasus-kickstart,09e53d85a5c3246a,0.0
pegasus-kickstart,09e6e99d781d0daf,0.0
pegasus-kickstart,09ea6fa95031210a,0.0
pegasus-kickstart,0a1d20f83f01ce8d,0.0
pegasus-kickstart,0a1eb972516c0bd2,0.0
pegasus-kickstart,0a51c8e030137d58,0.0
pegasus-kickstart,0a722d53602479b8,0.0
pegasus-kickstart,0a9e463cf204d7b6,0.0
pegasus-kickstart,0ae0e4c1d0a4f20c,0.0
pegasus-kickstart,0af27cf4475c38dc,0.0
pegasus-kickstart,0afc5a67696f80d4,0.0
pegasus-kickstart,0b018aca20d730e8,0.0
pegasus-kickstart,0b115488825833b8,0.0
pegasus-kickstart,0b1592470f5de152,0.0
pegasus-kickstart,0b1fdc82f534e165,0.0
pegasus-kickstart,0b2740bb9b529a07,0.0
pegasus-kickstart,0b32fa9dab0bbe1f,0.0
pegasus-kickstart,0b454c1d0565a5c6,0.0
pegasus-kickstart,0b5597d4e45777b1,0.0
pegasus-kickstart,0b626c2292518ce6,0.0
pegasus-kickstart,0b6400a40cef2c8e,0.0
pegasus-kickstart,0b80fcd8f9ca8e36,0.0
pegasus-kickstart,0b99b64a59357654,0.0
pegasus-kickstart,0ba1ac41350158ec,0.0
pegasus-kickstart,0bafed4c5b35fa04,0.0
pegasus-kickstart,0bb309b7e18853e8,0.0
pegasus-kickstart,0bb8c6582c5701ce,0.0
pegasus-kickstart,0bbd9d5e5325e228,0.0
pegasus-kickstart,0bdee693a38b4ce4,0.0
pegasus-kickstart,0be0049502005302,0.0
pegasus-kickstart,0be251ea89d9fdeb,0.0
pegasus-kickstart,0be2c7ca8aceb4eb,0.0
pegasus-kickstart,0be35a40cd4906c5,0.0
pegasus-kickstart,0be7df147adf3308,0.0
pegasus-kickstart,0c1c99511849fdbf,0.0
pegasus-kickstart,0c3e67d45225c6ed,0.0
pegasus-kickstart,0c4d7e8267af147b,0.0
pegasus-kickstart,0c6e1b8a907d5bf8,0.0
pegasus-kickstart,0c73c6fa6326a945,0.0
pegasus-kickstart,0c762b004f05e3fe,0.0
pegasus-kickstart,0c89658c1126066a,0.0
pegasus-kickstart,0cad5e4dca530309,0.0
pegasus-kickstart,0cb204fa5b76c810,0.0
pegasus-kickstart,0cb71e728316c078,0.0
pegasus-kickstart,0cd55882ec0ea231,0.0
pegasus-kickstart,0ce10b85f953f525,0.0
pegasus-kickstart,0d10a628d4a7947c,0.0
pegasus-kickstart,0d13cef59bde9ab7,0.0
pegasus-kickstart,0d28569ce6a1e69b,0.0
pegasus-kickstart,0d3bd221c95b3e1c,0.0
pegasus-kickstart,0d4f6de292d6a799,0.0
pegasus-kickstart,0d59c573652f1438,0.0
pegasus-kickstart,0d5ced281839c229,0.0
pegasus-kickstart,0d7053021e449995,0.0
pegasus-kickstart,0d8616cf3660499b,0.0
pegasus-kickstart,0dad66f3d363d84f,0.0
pegasus-kickstart,0db07a348d6b3280,0.0
pegasus-kickstart,0db8029bc047b131,0.0
pegasus-kickstart,0ddbf9a27b5828ad,0.0
pegasus-kickstart,0de5dc6ebbbc855c,0.0
pegasus-kickstart,0df340067184953b,0.0
pegasus-kickstart,0e1eeaa25af93007,0.0
pegasus-kickstart,0e28f4363c78be49,0.0
pegasus-kickstart,0e2d2d30cc4a7869,0.0
pegasus-kickstart,0e4c9831dcee348e,0.0
pegasus-kickstart,0ea54dd9c173bfbd,0.0
pegasus-kickstart,0ec67b1cb03feefe,0.0
pegasus-kickstart,0efdd5d84c236383,0.0
pegasus-kickstart,0f02455ff76ed0a8,0.0
pegasus-kickstart,0f0dc8b61e1c7f9e,0.0
pegasus-kickstart,0f39222ba80ae343,0.0
pegasus-kickstart,0f46ab4fb3f19449,0.0
pegasus-kickstart,0f4cca5af3ebda01,0.0
pegasus-kickstart,0f659cb85de0fb99,0.0
pegasus-kickstart,0f669d6bd6dbd065,0.0
pegasus-kickstart,0f737559242790bd,0.0
pegasus-kickstart,0f8ed530bfc69589,0.0
pegasus-kickstart,0f9143356263f273,0.0
pegasus-kickstart,0fa356f3f5cad7cd,0.0
pegasus-kickstart,0fa43c1a7a2ae94c,0.0
pegasus-kickstart,0fd2538c64bd0f27,0.0
pegasus-kickstart,0fed4eba4001a2c2,0.0
pegasus-kickstart,0fee8286c0b40002,0.0
pegasus-kickstart,0ff468f5b2369c58,0.0
pegasus-kickstart,0ff6d053653b20ad,0.0
pegasus-kickstart,10048aa875e4f6ba,0.0
pegasus-kickstart,102eed8a01d6595a,0.0
pegasus-kickstart,1033e4603d93fb02,0.0
pegasus-kickstart,10347a9c56fa2def,0.0
pegasus-kickstart,105026b92076c40f,0.0
pegasus-kickstart,105effceb628a29c,0.0
pegasus-kickstart,10623e64af681ed3,0.0
pegasus-kickstart,1097a3bba6960c13,0.0
pegasus-kickstart,10a3780ed2ca1ed1,0.0
pegasus-kickstart,10a3e67fcb79baf0,0.0
pegasus-kickstart,10b3b76acbb879b5,0.0
pegasus-kickstart,10c63cbced32fbae,0.0
pegasus-kickstart,10c92dd072147896,0.0
pegasus-kickstart,10e564efa911c766,0.0
pegasus-kickstart,10ef5d4486b31561,0.0
pegasus-kickstart,10f9564d7d11d5b0,0.0
pegasus-kickstart,11254c9a5d6508ca,0.0
pegasus-kickstart,1148f760bcba2e1e,0.0
pegasus-kickstart,11773d37e89c4431,0.0
pegasus-kickstart,118a7a629e6d5841,0.0
pegasus-kickstart,118dc82eb460a61e,0.0
pegasus-kickstart,118df7dca52b2bb9,0.0
pegasus-kickstart,119d29a94ae537a5,0.0
pegasus-kickstart,11b069710691d952,0.0
pegasus-kickstart,11c97c96d0f5cedb,0.0
pegasus-kickstart,11d4a51c5d9b2164,0.0
pegasus-kickstart,11f9d5d4bdf0b3cc,0.0
pegasus-kickstart,12007046178fa32d,0.0
pegasus-kickstart,121cfbc730e5dd73,0.0
pegasus-kickstart,1220ff2d02e5af14,0.0
pegasus-kickstart,1226b5c9879c2155,0.0
pegasus-kickstart,123aa815949801c5,0.0
pegasus-kickstart,12697f23daaa9144,0.0
pegasus-kickstart,1273677eb92c350a,0.0
pegasus-kickstart,127bf1cb254ede77,0.0
pegasus-kickstart,12961583d57c2020,0.0
pegasus-kickstart,12a844a0723523db,0.0
pegasus-kickstart,12ac16982f3a2ad5,0.0
pegasus-kickstart,12bd3c609d5bd8bc,0.0
pegasus-kickstart,12c1248ee1604782,0.0
pegasus-kickstart,12ffa2a9d6572f34,0.0
pegasus-kickstart,130c3901db44605b,0.0
pegasus-kickstart,13103004e22f947f,0.0
pegasus-kickstart,1320c3ed32973279,0.0
pegasus-kickstart,132bd4ce17b7ca43,0.0
pegasus-kickstart,132c601b3f250ca5,0.0
pegasus-kickstart,132e6899fa159c75,0.0
pegasus-kickstart,136518d56ac6c64c,0.0
pegasus-kickstart,13758370cab0439f,0.0
pegasus-kickstart,138c70702ec25d1a,0.0
pegasus-kickstart,139928f9d040945e,0.0
pegasus-kickstart,13a0d5fdd3ff31a1,0.0
pegasus-kickstart,13a34e81dec9a155,0.0
pegasus-kickstart,13ba2e5c6f101437,0.0
pegasus-kickstart,13c5cd740b2268b4,0.0
pegasus-kickstart,13c69f82638ffb3f,0.0
pegasus-kickstart,13dc685157ff20c0,0.0
pegasus-kickstart,1411cf36918f31e6,0.0
pegasus-kickstart,1428c6493f509813,0.0
pegasus-kickstart,142feb39e13e63b2,0.0
pegasus-kickstart,1433f79e89ff77ba,0.0
pegasus-kickstart,1446e1af7fc5c3db,0.0
pegasus-kickstart,1462fe889b3fec61,0.0
pegasus-kickstart,14702d45832b572e,0.0
pegasus-kickstart,14834e4e382484a1,0.0
pegasus-kickstart,149219ab3a147b6d,0.0
pegasus-kickstart,149fc5cdf87deee9,0.0
pegasus-kickstart,149fc813c0cb3653,0.0
pegasus-kickstart,14b69768b11e1683,0.0
pegasus-kickstart,14dc5cf77f627a35,0.0
pegasus-kickstart,14e0e4e457673a38,0.0
pegasus-kickstart,14e5ffb546d519d2,0.0
pegasus-kickstart,14fabd8bd65c13a5,0.0
pegasus-kickstart,15009b38ffaf880d,0.0
pegasus-kickstart,1506031c4e8425f6,0.0
pegasus-kickstart,152dd46b9a8ce1ff,0.0
pegasus-kickstart,153e0bc1648ed3de,0.0
pegasus-kickstart,1544a15fd7eeb689,0.0
pegasus-kickstart,154d1d91605233e7,0.0
pegasus-kickstart,156471c2f999926e,0.0
pegasus-kickstart,156e564e543e5c27,0.0
pegasus-kickstart,15792983c03a283e,0.0
pegasus-kickstart,15a429ce03020417,0.0
pegasus-kickstart,15c1d1dc49255495,0.0
pegasus-kickstart,15fbb60f87af2ff0,0.0
pegasus-kickstart,16056f908541641c,0.0
pegasus-kickstart,161af08f9518d022,0.0
pegasus-kickstart,1627ae1a4c920ec0,0.0
pegasus-kickstart,1631ef8ed34483f6,0.0
pegasus-kickstart,16459add1644100b,0.0
pegasus-kickstart,1645c158b6d25105,0.0
pegasus-kickstart,1659cc80a3137f18,0.0
pegasus-kickstart,165e6bc1c4a6f9a9,0.0
pegasus-kickstart,169e8caa41c4a028,0.0
pegasus-kickstart,16b6be3037c543c3,0.0
pegasus-kickstart,16bb6493dedab5bc,0.0
pegasus-kickstart,16d76f50e589ac02,0.0
pegasus-kickstart,16dc5fc31f2c63ba,0.0
pegasus-kickstart,16dce17b518f8596,0.0
pegasus-kickstart,1730f5fb972a437c,0.0
pegasus-kickstart,175a2757d0049647,0.0
pegasus-kickstart,175fd33a18946d94,0.0
pegasus-kickstart,176f5081f1a7354c,0.0
pegasus-kickstart,1778085e5b2bcde9,0.0
pegasus-kickstart,177f5281c52ccee8,0.0
pegasus-kickstart,17cd18ce4a60728b,0.0
pegasus-kickstart,17d26d6831b3176c,0.0
pegasus-kickstart,17e3f2fb46b4ba5d,0.0
pegasus-kickstart,17ed3c109376d3a2,0.0
pegasus-kickstart,17f831043bb46a6b,0.0
pegasus-kickstart,1864b278039e71d7,0.0
pegasus-kickstart,18822336b775dadc,0.0
pegasus-kickstart,189be6180340902e,0.0
pegasus-kickstart,18adf513c7e3f7c8,0.0
pegasus-kickstart,18d08061c5201c65,0.0
pegasus-kickstart,18d2371cd5a1ed3f,0.0
pegasus-kickstart,18d868404513e208,0.0
pegasus-kickstart,18db5728f81046e8,0.0
pegasus-kickstart,190bdc2b72f7fe72,0.0
pegasus-kickstart,19109dc6ccc445c8,0.0
pegasus-kickstart,1915909ea310202b,0.0
pegasus-kickstart,1915af2123c97904,0.0
pegasus-kickstart,191d22339fed988d,0.0
pegasus-kickstart,194feafb859894ed,0.0
pegasus-kickstart,19501283e910e944,0.0
pegasus-kickstart,19511616625609a4,0.0
pegasus-kickstart,195be617518dc59d,0.0
pegasus-kickstart,195f0213ba2eab33,0.0
pegasus-kickstart,1964f8c753e9a788,0.0
pegasus-kickstart,1985701ffe47fae9,0.0
pegasus-kickstart,199002a844c3bc5f,0.0
pegasus-kickstart,19a0465a7a90f939,0.0
pegasus-kickstart,19abde86f049252f,0.0
pegasus-kickstart,19b01fa24c3032ce,0.0
pegasus-kickstart,19d442a2633f616f,0.0
pegasus-kickstart,19d511a0f1f7cd47,0.0
pegasus-kickstart,19ecdc0abcba8138,0.0
pegasus-kickstart,1a2a58e68a336396,0.0
pegasus-kickstart,1a5cd000e9091cad,0.0
pegasus-kickstart,1a6e92d92b296733,0.0
pegasus-kickstart,1a8d3d8a2c9ea4e6,0.0
pegasus-kickstart,1a90050505628ca2,0.0
pegasus-kickstart,1ab2caca33b46825,0.0
pegasus-kickstart,1ace811e3ad9f579,0.0
pegasus-kickstart,1ad0c1c8bc8f57b1,0.0
pegasus-kickstart,1b0a117532ebcd4b,0.0
pegasus-kickstart,1b0f21f9cae34456,0.0
pegasus-kickstart,1b14dea69bbff2a9,0.0
pegasus-kickstart,1b49b3176e4601cd,0.0
pegasus-kickstart,1b5852493f40f7f1,0.0
pegasus-kickstart,1b6c75f538cdd86a,0.0
pegasus-kickstart,1b720748fb960a49,0.0
pegasus-kickstart,1b7b939c10135617,0.0
pegasus-kickstart,1b7fa2319da2b4a6,0.0
pegasus-kickstart,1b8435a6fabc2aed,0.0
pegasus-kickstart,1b9d71addfd80f78,0.0
pegasus-kickstart,1ba8f54dd588a5cc,0.0
pegasus-kickstart,1bae8477714b1ab2,0.0
pegasus-kickstart,1bb2ecf93917441a,0.0
pegasus-kickstart,1bca7956af33c0e6,0.0
pegasus-kickstart,1be255c6ee3ecd83,0.0
pegasus-kickstart,1be80558f257f314,0.0
pegasus-kickstart,1beb5f2217f9fcc3,0.0
pegasus-kickstart,1c1bdfe34abad492,0.0
pegasus-kickstart,1c256e644c8a5666,0.0
pegasus-kickstart,1c3191cb9e3b4c30,0.0
pegasus-kickstart,1c41ad0193ddce17,0.0
pegasus-kickstart,1c5da78d5d978f0d,0.0
pegasus-kickstart,1c960d199514857c,0.0
pegasus-kickstart,1c96a70e25a0f560,0.0
pegasus-kickstart,1c9a10b0376f5956,0.0
pegasus-kickstart,1c9e0e4eef883f17,0.0
pegasus-kickstart,1c9e63b8807ad7ea,0.0
pegasus-kickstart,1c9f4aded69bd54e,0.0
pegasus-kickstart,1ca51d44c6291f96,0.0
pegasus-kickstart,1cada2020fe281d0,0.0
pegasus-kickstart,1cccb9d086c2a8b9,0.0
pegasus-kickstart,1ce315d1e5e2ebf8,0.0
pegasus-kickstart,1cf4923a80e6f24d,0.0
pegasus-kickstart,1cfafa761164ae3c,0.0
pegasus-kickstart,1d465ae405e1754e,0.0
pegasus-kickstart,1d5a80f05ef8bc53,0.0
pegasus-kickstart,1d6e2c370edfc997,0.0
pegasus-kickstart,1d7e428163119d3c,0.0
pegasus-kickstart,1db0e3f162a033c0,0.0
pegasus-kickstart,1dbd0f5dee27a42d,0.0
pegasus-kickstart,1ded3542b957dd27,0.0
pegasus-kickstart,1dfcfce2ecf1101c,0.0
pegasus-kickstart,1e189fb0783a30db,0.0
pegasus-kickstart,1e3c8988ca2b9ba8,0.0
pegasus-kickstart,1e6175afc9588948,0.0
pegasus-kickstart,1e6e83fdb80f1b31,0.0
pegasus-kickstart,1e75a33058a9107f,0.0
pegasus-kickstart,1e89f4ac761ef960,0.0
pegasus-kickstart,1eaf10c556af6b5b,0.0
pegasus-kickstart,1eb5888dc03e8b8b,0.0
pegasus-kickstart,1eb871a0bcee0c2e,0.0
pegasus-kickstart,1ef461fb33aaaeb1,0.0
pegasus-kickstart,1efacf34022885fb,0.0
pegasus-kickstart,1f1acebbb0d467a9,0.0
pegasus-kickstart,1f490a22eade646d,0.0
pegasus-kickstart,1f5c57b9729bf941,0.0
pegasus-kickstart,1f68cb7e791ae910,0.0
pegasus-kickstart,1f8dd84e3204326d,0.0
pegasus-kickstart,1f9484b7a248b719,0.0
pegasus-kickstart,1fa307362c6e0d63,0.0
pegasus-kickstart,1fd989de75d5dfde,0.0
pegasus-kickstart,1fe6126d405745e4,0.0
pegasus-kickstart,1ffafdee50ad44e5,0.0
pegasus-kickstart,2029c04db44e80be,0.0
pegasus-kickstart,204c120a3757bb3c,0.0
pegasus-kickstart,2054113ae26fdf70,0.0
pegasus-kickstart,2061ad69ce1cfc80,0.0
pegasus-kickstart,2065ce0301c434ef,0.0
pegasus-kickstart,206fde1f2d2b9570,0.0
pegasus-kickstart,20928f196af7a2f9,0.0
pegasus-kickstart,2097385db8cb49b7,0.0
pegasus-kickstart,209eea1de7537ca4,0.0
pegasus-kickstart,20a083546e3a177e,0.0
pegasus-kickstart,20d1170a21126955,0.0
pegasus-kickstart,20daa39e8a676c0d,0.0
pegasus-kickstart,20dbde6eae494230,0.0
pegasus-kickstart,2103d66c4c757e58,0.0
pegasus-kickstart,2119a6ab1912ac64,0.0
pegasus-kickstart,2127da503e383f59,0.0
pegasus-kickstart,2133e3f50663b9be,0.0
pegasus-kickstart,2177fcea7c7c3cf7,0.0
pegasus-kickstart,21d73fab5e1e9b58,0.0
pegasus-kickstart,21e04ba8df753c91,0.0
pegasus-kickstart,220096d7c768b746,0.0
pegasus-kickstart,220dadfd86c3f795,0.0
pegasus-kickstart,220f320465cc0958,0.0
pegasus-kickstart,221a20ae9bf3f6e5,0.0
pegasus-kickstart,222385111d9a5548,0.0
pegasus-kickstart,22292233d0e909e6,0.0
pegasus-kickstart,223ac5800687ee08,0.0
pegasus-kickstart,22633a3ee083c4e2,0.0
pegasus-kickstart,2295996b43978a57,0.0
pegasus-kickstart,22ad7ab85ad0984d,0.0
pegasus-kickstart,22b1488d0b8767ed,0.0
pegasus-kickstart,22b60c819be088ee,0.0
pegasus-kickstart,22bfb30e61e7ec31,0.0
pegasus-kickstart,22db06c8c2f93dad,0.0
pegasus-kickstart,22e6888e8a41aeed,0.0
pegasus-kickstart,22e95ee9c1979c15,0.0
pegasus-kickstart,22e9d7997c0b8cee,0.0
pegasus-kickstart,23299c77b4cf9fc7,0.0
pegasus-kickstart,232d7123f1eecb76,0.0
pegasus-kickstart,233cdb654c2d0098,0.0
pegasus-kickstart,2346ebd630c52baa,0.0
pegasus-kickstart,2357b24897b1af02,0.0
pegasus-kickstart,235bd7c4729cde00,0.0
pegasus-kickstart,237cd5e3aa2eba9e,0.0
pegasus-kickstart,238f7f16190db8f2,0.0
pegasus-kickstart,239a4a00e944a9fb,0.0
pegasus-kickstart,23ae6bd66ca56ec8,0.0
pegasus-kickstart,23bd3d67512afacd,0.0
pegasus-kickstart,23bd8650fef16a7d,0.0
pegasus-kickstart,23c243a5fa26b2c9,0.0
pegasus-kickstart,23e9dc14fe24a528,0.0
pegasus-kickstart,23f5807c0fe5df00,0.0
pegasus-kickstart,24049815586fc53f,0.0
pegasus-kickstart,24053a08bfe016cc,0.0
pegasus-kickstart,240e04c71883af25,0.0
pegasus-kickstart,24204de0a0bbb474,0.0
pegasus-kickstart,242998295ae43173,0.0
pegasus-kickstart,2457b913c322930b,0.0
pegasus-kickstart,245fd42e8d884c9c,0.0
pegasus-kickstart,247f06131da8470e,0.0
pegasus-kickstart,24889b6cb425db87,0.0
pegasus-kickstart,248a141862241279,0.0
pegasus-kickstart,24abf8d784584e38,0.0
pegasus-kickstart,24c18eccf6ffd780,0.0
pegasus-kickstart,24c6226be11a4420,0.0
pegasus-kickstart,24de2a8a342adc15,0.0
pegasus-kickstart,24e65d407761aea8,0.0
pegasus-kickstart,24e8c97409b1f840,0.0
pegasus-kickstart,24fe71c49c62ad7f,0.0
pegasus-kickstart,250223bd692b8dac,0.0
pegasus-kickstart,250b74830fbe69b4,0.0
pegasus-kickstart,252106889bc5f427,0.0
pegasus-kickstart,2526ecbc14fa1000,0.0
pegasus-kickstart,252a5a937a01ff5e,0.0
pegasus-kickstart,253e22c9b980352f,0.0
pegasus-kickstart,254de3360f5247a7,0.0
pegasus-kickstart,256dac9a2c07e9ac,0.0
pegasus-kickstart,25a8d03c336068d5,0.0
pegasus-kickstart,25ccb3125c811591,0.0
pegasus-kickstart,25ce01c28831a540,0.0
pegasus-kickstart,25e446498ab11767,0.0
pegasus-kickstart,25f616f8429f30e2,0.0
pegasus-kickstart,25f97c064e718e26,0.0
pegasus-kickstart,260c37d9623cf2c3,0.0
pegasus-kickstart,2614a4e5af014b2c,0.0
pegasus-kickstart,264fe0666ffe36c2,0.0
pegasus-kickstart,2652990ecf384ff7,0.0
pegasus-kickstart,265e65940b604288,0.0
pegasus-kickstart,267158b545d6c9bc,0.0
pegasus-kickstart,267c5f8d879f2b64,0.0
pegasus-kickstart,267f16bea9c3f1d8,0.0
pegasus-kickstart,2684794b7e13a102,0.0
pegasus-kickstart,26929006088fb7a4,0.0
pegasus-kickstart,26c94cbb8977df50,0.0
pegasus-kickstart,26cfa6cb662a7e8d,0.0
pegasus-kickstart,26ddab0900379add,0.0
pegasus-kickstart,26e69a9d20b04458,0.0
pegasus-kickstart,26ecc461de0f2f74,0.0
pegasus-kickstart,26fd818ad6efd18b,0.0
pegasus-kickstart,2707feb02ac52d68,0.0
pegasus-kickstart,271ae0224254664d,0.0
pegasus-kickstart,2727253f51dee86a,0.0
pegasus-kickstart,27391363c0429fc4,0.0
pegasus-kickstart,275acab4fd0c5241,0.0
pegasus-kickstart,276bad81512f4bcc,0.0
pegasus-kickstart,2777742c042e130b,0.0
pegasus-kickstart,278f0fdecef740a1,0.0
pegasus-kickstart,27915a709b20c38c,0.0
pegasus-kickstart,2797749223bb9288,0.0
pegasus-kickstart,279ea4013f2bb4bb,0.0
pegasus-kickstart,27bc43909f1687ee,0.0
pegasus-kickstart,27e3071c6bf07069,0.0
pegasus-kickstart,27f597b7e6595e90,0.0
pegasus-kickstart,27fd25b50efbd9a3,0.0
pegasus-kickstart,28083dddcfb2767f,0.0
pegasus-kickstart,2825ba8d4096ac35,0.0
pegasus-kickstart,2828fe6977c10554,0.0
pegasus-kickstart,287e3e71561cb84b,0.0
pegasus-kickstart,289de82fe564ac55,0.0
pegasus-kickstart,28a8db6254b852f8,0.0
pegasus-kickstart,28af25d6b6e2b0b3,0.0
pegasus-kickstart,28b439725479c331,0.0
pegasus-kickstart,28b4910f6c71c316,0.0
pegasus-kickstart,28d70d3bd8b8daea,0.0
pegasus-kickstart,28eb3a07c55eadf9,0.0
pegasus-kickstart,28f70228d90da6a3,0.0
pegasus-kickstart,28f793bb097a01c7,0.0
pegasus-kickstart,291f8c8f9c4c194a,0.0
pegasus-kickstart,292fbe971a2b561e,0.0
pegasus-kickstart,294dc55ce0ae5ac9,0.0
pegasus-kickstart,295b317bd117f761,0.0
pegasus-kickstart,29617c578a62a10d,0.0
pegasus-kickstart,2966572be8861d62,0.0
pegasus-kickstart,29699ee0eecd397e,0.0
pegasus-kickstart,297266bf6c55e421,0.0
pegasus-kickstart,2978e933697ae8d5,0.0
pegasus-kickstart,297951d7272ad820,0.0
pegasus-kickstart,298e46e1edbbfb7b,0.0
pegasus-kickstart,29a01322c26bd4c6,0.0
pegasus-kickstart,29a1c5e6c60ff354,0.0
pegasus-kickstart,29a61d862272563a,0.0
pegasus-kickstart,29dfe0633ac86e5b,0.0
pegasus-kickstart,29edc7c8e898e2ba,0.0
pegasus-kickstart,29f92d4eef4a3054,0.0
pegasus-kickstart,2a0333c944b1f78d,0.0
pegasus-kickstart,2a239387ba1d72f8,0.0
pegasus-kickstart,2a2a24dcc10e5e07,0.0
pegasus-kickstart,2a32d6aebf2dcc8d,0.0
pegasus-kickstart,2a3aa087526d0488,0.0
pegasus-kickstart,2a634237a916f8a0,0.0
pegasus-kickstart,2a74c81d3a2c6f1b,0.0
pegasus-kickstart,2ab14aab6d654ea1,0.0
pegasus-kickstart,2ac68d3565232076,0.0
pegasus-kickstart,2ad7ce9eab0dde40,0.0
pegasus-kickstart,2ad97352f7a5c5b6,0.0
pegasus-kickstart,2afdcc8e9d637373,0.0
pegasus-kickstart,2b30ec099994fcbb,0.0
pegasus-kickstart,2b3d2ed7d966d80a,0.0
pegasus-kickstart,2b3fe0309a43be1c,0.0
pegasus-kickstart,2b4c414cb0e20f6e,0.0
pegasus-kickstart,2b645fa7d012d514,0.0
pegasus-kickstart,2ba5fe655fb1b65b,0.0
pegasus-kickstart,2bc0fb27be29f9bb,0.0
pegasus-kickstart,2bc5216c8bdeba90,0.0
pegasus-kickstart,2bc9e89e899cfb04,0.0
pegasus-kickstart,2bd4f9bc4fdfc899,0.0
pegasus-kickstart,2bfb5f93817e7fe8,0.0
pegasus-kickstart,2c0584ff44c8fc01,0.0
pegasus-kickstart,2c23f045b420e122,0.0
pegasus-kickstart,2c3f67be594666c9,0.0
pegasus-kickstart,2c71c01a54754f3a,0.0
pegasus-kickstart,2c7c0effe93806b8,0.0
pegasus-kickstart,2ca7100e4f041376,0.0
pegasus-kickstart,2caedca90a5e9fc7,0.0
pegasus-kickstart,2cc31f8995294b7e,0.0
pegasus-kickstart,2cc4b3b3857a5f9c,0.0
pegasus-kickstart,2cec371f97a4756b,0.0
pegasus-kickstart,2ceeb824e9efc302,0.0
pegasus-kickstart,2cf0174c213bfcf4,0.0
pegasus-kickstart,2cf378dd74ab89f6,0.0
pegasus-kickstart,2d27b830c19734ee,0.0
pegasus-kickstart,2d2903bb90604064,0.0
pegasus-kickstart,2d2cc89f6a3ff413,0.0
pegasus-kickstart,2d2e41a396a5e9e8,0.0
pegasus-kickstart,2d316d44dddccf60,0.0
pegasus-kickstart,2d3bec2550a33aaa,0.0
pegasus-kickstart,2d91d91aadd85789,0.0
pegasus-kickstart,2d92fec17b356e8b,0.0
pegasus-kickstart,2dac508878862b7e,0.0
pegasus-kickstart,2e0358a754d48f62,0.0
pegasus-kickstart,2e256c077b97e4e7,0.0
pegasus-kickstart,2e35f4715d775dec,0.0
pegasus-kickstart,2e4068ac6b394950,0.0
pegasus-kickstart,2e47aba5f7231f22,0.0
pegasus-kickstart,2e4e6cb967fc70c0,0.0
pegasus-kickstart,2e59b9038d6608a3,0.0
pegasus-kickstart,2e887db5dd68dce7,0.0
pegasus-kickstart,2ea3687b5b735d8e,0.0
pegasus-kickstart,2ead4f05f8e88559,0.0
pegasus-kickstart,2eb16b5227f06824,0.0
pegasus-kickstart,2efe8abb6e01650d,0.0
pegasus-kickstart,2f05b6ab95dfe9ec,0.0
pegasus-kickstart,2f06a33b4b75133f,0.0
pegasus-kickstart,2f095a9876d01b92,0.0
pegasus-kickstart,2f0f397d90b9f2af,0.0
pegasus-kickstart,2f2eff5de28808b2,0.0
pegasus-kickstart,2f34fea4fb412526,0.0
pegasus-kickstart,2f616499013850b7,0.0
pegasus-kickstart,2f8af67eb6db66e7,0.0
pegasus-kickstart,2f92e87280d3753c,0.0
pegasus-kickstart,2feaabb667cf4d0c,0.0
pegasus-kickstart,2ffa2e9a193bcadd,0.0
pegasus-kickstart,3009ee6858dc7f3a,0.0
pegasus-kickstart,300c3bdf73a11cec,0.0
pegasus-kickstart,3014744c27ac723a,0.0
pegasus-kickstart,3015f4cc0d0e9fd3,0.0
pegasus-kickstart,301c186b33e7a544,0.0
pegasus-kickstart,303e817565d947fe,0.0
pegasus-kickstart,304d48406c139108,0.0
pegasus-kickstart,30562cb84624b12b,0.0
pegasus-kickstart,306afa5d3965825f,0.0
pegasus-kickstart,30709145b5c645bf,0.0
pegasus-kickstart,3078d15abdf4481e,0.0
pegasus-kickstart,30b767e4632661e6,0.0
pegasus-kickstart,30bd406b990a37c4,0.0
pegasus-kickstart,30cebc609affdedd,0.0
pegasus-kickstart,30d0123680551624,0.0
pegasus-kickstart,30d10590bbb8feb0,0.0
pegasus-kickstart,31181fe86e8cacbc,0.0
pegasus-kickstart,312f303e57ba399c,0.0
pegasus-kickstart,314906dc2f3052cd,0.0
pegasus-kickstart,315556d7c89989c9,0.0
pegasus-kickstart,31559c2a2cf77afb,0.0
pegasus-kickstart,316d022bcdf91bca,0.0
pegasus-kickstart,316d4951f09c15e1,0.0
pegasus-kickstart,318b0eaaa695a386,0.0
pegasus-kickstart,318eef4142300af1,0.0
pegasus-kickstart,3197ca17ab140a3d,0.0
pegasus-kickstart,31982048b89530f4,0.0
pegasus-kickstart,3198b34c08464a92,0.0
pegasus-kickstart,31c874f860ce579d,0.0
pegasus-kickstart,31ca04cc5366a558,0.0
pegasus-kickstart,31cae3ab3a92d22d,0.0
pegasus-kickstart,31de5b4fa6e3f807,0.0
pegasus-kickstart,31df757773dffeb0,0.0
pegasus-kickstart,31e13212aac0da1c,0.0
pegasus-kickstart,31ed6909483f14e0,0.0
pegasus-kickstart,31f50c2ee4effc65,0.0
pegasus-kickstart,321b7a1f3ef8d10b,0.0
pegasus-kickstart,3224c79ca6911677,0.0
pegasus-kickstart,32257f10ef7998a9,0.0
pegasus-kickstart,3249309b96729cc3,0.0
pegasus-kickstart,3260e546c44e4264,0.0
pegasus-kickstart,3260ff27790431b2,0.0
pegasus-kickstart,326fda1970506ed5,0.0
pegasus-kickstart,3276501175dc8278,0.0
pegasus-kickstart,32959c60c35e801b,0.0
pegasus-kickstart,32a210813a7279db,0.0
pegasus-kickstart,32b5b8a0c46ff2de,0.0
pegasus-kickstart,32da01fd2a605306,0.0
pegasus-kickstart,32f1687a639df564,0.0
pegasus-kickstart,32f43033bc07092a,0.0
pegasus-kickstart,32fae9702ae49565,0.0
pegasus-kickstart,33552378f029de03,0.0
pegasus-kickstart,3373409f60670b48,0.0
pegasus-kickstart,3377f43a549fa067,0.0
pegasus-kickstart,3378308acc2f00cf,0.0
pegasus-kickstart,33ac2d95f673a6c7,0.0
pegasus-kickstart,33e24f093232d189,0.0
pegasus-kickstart,33e6fc221368a751,0.0
pegasus-kickstart,33ef05d6a809bef7,0.0
pegasus-kickstart,33f8739ee243f9b8,0.0
pegasus-kickstart,340301f8d1a6b305,0.0
pegasus-kickstart,3404ea43b8a2e12c,0.0
pegasus-kickstart,34071bf3c747febe,0.0
pegasus-kickstart,340f071db03567fc,0.0
pegasus-kickstart,3413f3df5716b03d,0.0
pegasus-kickstart,3417460cef6c8708,0.0
pegasus-kickstart,341eb0e8f912f887,0.0
pegasus-kickstart,343cb3fa0921a10e,0.0
pegasus-kickstart,344db317aece5378,0.0
pegasus-kickstart,3459a695c4e038f6,0.0
pegasus-kickstart,3464e16d5f44f270,0.0
pegasus-kickstart,346faa7e486128e4,0.0
pegasus-kickstart,34a537fc1b61fbc8,0.0
pegasus-kickstart,34b466b544cc4632,0.0
pegasus-kickstart,34b5e44d6e68f6b7,0.0
pegasus-kickstart,34d23674650abca8,0.0
pegasus-kickstart,34d34cf97e4206c9,0.0
pegasus-kickstart,34e5a43241fb1cf9,0.0
pegasus-kickstart,34eb6e79903fdf88,0.0
pegasus-kickstart,34fa843992f0a055,0.0
pegasus-kickstart,350dccf70b37567a,0.0
pegasus-kickstart,3511f4175ef61191,0.0
pegasus-kickstart,35203b190fae1e23,0.0
pegasus-kickstart,35258b081d391ddf,0.0
pegasus-kickstart,355105daa782a0fe,0.0
pegasus-kickstart,35538ae7fc100026,0.0
pegasus-kickstart,3556c9394923a9d5,0.0
pegasus-kickstart,355972a2686021b0,0.0
pegasus-kickstart,355faac3ea63e84f,0.0
pegasus-kickstart,35a8a59ff70f0b10,0.0
pegasus-kickstart,35beb19111e8c2d5,0.0
pegasus-kickstart,36084e200dd6f7bb,0.0
pegasus-kickstart,3622adcf8c065609,0.0
pegasus-kickstart,363de41421b3322a,0.0
pegasus-kickstart,3651ba1181e86268,0.0
pegasus-kickstart,369e882f28f0738b,0.0
pegasus-kickstart,36e09cdd0fbfd42f,0.0
pegasus-kickstart,36f3efc66bc32e9b,0.0
pegasus-kickstart,3700b93025045525,0.0
pegasus-kickstart,370f7bcdf32f85e3,0.0
pegasus-kickstart,3712049398552575,0.0
pegasus-kickstart,371ffb8c2601edf2,0.0
pegasus-kickstart,372bd07dd4594b4f,0.0
pegasus-kickstart,37361b212e3748e8,0.0
pegasus-kickstart,3754bc77cd67bd29,0.0
pegasus-kickstart,3760cfa4a5a15443,0.0
pegasus-kickstart,37939d03da587d7a,0.0
pegasus-kickstart,3797113790eb0002,0.0
pegasus-kickstart,3797bd938fe82a57,0.0
pegasus-kickstart,37983b754abd5c1d,0.0
pegasus-kickstart,37a32923ff38a90f,0.0
pegasus-kickstart,37a66b0bca8a63ee,0.0
pegasus-kickstart,37cd61dc2aa92b6f,0.0
pegasus-kickstart,37dce6cc7c316a0a,0.0
pegasus-kickstart,3834de87a2c75dd6,0.0
pegasus-kickstart,3840fc1f1e7d2a38,0.0
pegasus-kickstart,3848783b040b1327,0.0
pegasus-kickstart,385bc27c2d667954,0.0
pegasus-kickstart,386537f2cd98bbde,0.0
pegasus-kickstart,386eb190ffbd938e,0.0
pegasus-kickstart,3877506fefaf11a4,0.0
pegasus-kickstart,3878c5e8bc67f1fd,0.0
pegasus-kickstart,38a02354aa4f10b4,0.0
pegasus-kickstart,38a9ee2bdcba5d26,0.0
pegasus-kickstart,38be8f01f68fecea,0.0
pegasus-kickstart,38e2f27a8878bc6c,0.0
pegasus-kickstart,38eba6292ff9aaa1,0.0
pegasus-kickstart,38ec709421cb3aaa,0.0
pegasus-kickstart,38f0d4565b2d3eab,0.0
pegasus-kickstart,38f153dd05198176,0.0
pegasus-kickstart,38f472615f6c3146,0.0
pegasus-kickstart,3911ad86e5c6702b,0.0
pegasus-kickstart,39262c3f397ee0b8,0.0
pegasus-kickstart,393585e8ee62e3ab,0.0
pegasus-kickstart,3944c649d0238f04,0.0
pegasus-kickstart,395246e88213d593,0.0
pegasus-kickstart,3983bb666ef91188,0.0
pegasus-kickstart,3988c3bc7cb0554b,0.0
pegasus-kickstart,39b2c8383c4bbf95,0.0
pegasus-kickstart,39cc89e46e122bdb,0.0
pegasus-kickstart,39d28b6fb1a68bef,0.0
pegasus-kickstart,39d89de76e34bb1f,0.0
pegasus-kickstart,39e78ee5087fdb94,0.0
pegasus-kickstart,3a09784a100b6a27,0.0
pegasus-kickstart,3a564cbb4f01f3d0,0.0
pegasus-kickstart,3a6c473f341f4f5c,0.0
pegasus-kickstart,3a86493e28783b09,0.0
pegasus-kickstart,3a96b7066eecee6a,0.0
pegasus-kickstart,3aa8d9a445de668c,0.0
pegasus-kickstart,3aacabfbc740daff,0.0
pegasus-kickstart,3ad0cd2bea88c162,0.0
pegasus-kickstart,3ad53915d7c77ded,0.0
pegasus-kickstart,3b04205de87d2ef5,0.0
pegasus-kickstart,3b35a28778b7a2a4,0.0
pegasus-kickstart,3b3961c3d046a8d4,0.0
pegasus-kickstart,3b4c4c54f8689761,0.0
pegasus-kickstart,3b573f5aa021d3f5,0.0
pegasus-kickstart,3b6d946bfd05a43a,0.0
pegasus-kickstart,3b6f91c84e4cb134,0.0
pegasus-kickstart,3b73bb609157a130,0.0
pegasus-kickstart,3b7f61dfec6b8f9f,0.0
pegasus-kickstart,3b8afba5c697afdc,0.0
pegasus-kickstart,3b8bc836f4f6ca71,0.0
pegasus-kickstart,3b93bbf43f078003,0.0
pegasus-kickstart,3bc5eaee24ca62a3,0.0
pegasus-kickstart,3bd366f369b76e76,0.0
pegasus-kickstart,3bee32d32186fc65,0.0
pegasus-kickstart,3bf085130c88a7e8,0.0
pegasus-kickstart,3bf3ad8074ce0ad0,0.0
pegasus-kickstart,3bf4ecfe6f590fec,0.0
pegasus-kickstart,3c048f4b4f46906f,0.0
pegasus-kickstart,3c30df003a8c243e,0.0
pegasus-kickstart,3c333c06f0bea837,0.0
pegasus-kickstart,3c3f9d719028a895,0.0
pegasus-kickstart,3c49b3ef722cf2fe,0.0
pegasus-kickstart,3c4a0acb3f182a94,0.0
pegasus-kickstart,3c8e1f0a003e09d0,0.0
pegasus-kickstart,3ca6089347608315,0.0
pegasus-kickstart,3ca76f6f11026096,0.0
pegasus-kickstart,3cb3badb99db712c,0.0
pegasus-kickstart,3cbb52ba06fb4625,0.0
pegasus-kickstart,3cc9ace869196369,0.0
pegasus-kickstart,3ccb70e0c9ea9bf0,0.0
pegasus-kickstart,3cd668965744beb2,0.0
pegasus-kickstart,3cdd77d5f4a06fce,0.0
pegasus-kickstart,3ce6a472b1c52e5d,0.0
pegasus-kickstart,3cfc18889d14ed0e,0.0
pegasus-kickstart,3d1f28c69bfbff28,0.0
pegasus-kickstart,3d2b986e9bce7a8b,0.0
pegasus-kickstart,3d47dde40d6910c0,0.0
pegasus-kickstart,3d5dcca7e7ff8cd9,0.0
pegasus-kickstart,3d6435a4ba04fdca,0.0
pegasus-kickstart,3d7e7108c60bcccf,0.0
pegasus-kickstart,3d8fb67df80c9ce7,0.0
pegasus-kickstart,3d984f8c0babd0b7,0.0
pegasus-kickstart,3d990079ea073279,0.0
pegasus-kickstart,3da4c984874fe2b9,0.0
pegasus-kickstart,3dba800cd1a92429,0.0
pegasus-kickstart,3dbde5b55b505f97,0.0
pegasus-kickstart,3dbe5c603591c039,0.0
pegasus-kickstart,3dd68ceb4dd0fb1c,0.0
pegasus-kickstart,3df9be031649af70,0.0
pegasus-kickstart,3e011989fcd90544,0.0
pegasus-kickstart,3e02017999064dc2,0.0
pegasus-kickstart,3e12b8ffcf265fd1,0.0
pegasus-kickstart,3e220470c67bc557,0.0
pegasus-kickstart,3e23f0d1ecec4622,0.0
pegasus-kickstart,3e2bfdf6ba450b57,0.0
pegasus-kickstart,3e4038838ee77ec0,0.0
pegasus-kickstart,3e872b6518af50cb,0.0
pegasus-kickstart,3eea5a02ebfd9415,0.0
pegasus-kickstart,3f03ca3965a4be05,0.0
pegasus-kickstart,3f07733b939633e1,0.0
pegasus-kickstart,3f149ed4c737d88c,0.0
pegasus-kickstart,3f3198f3341c0b84,0.0
pegasus-kickstart,3f491ad09558043a,0.0
pegasus-kickstart,3f85832cb73ad0ba,0.0
pegasus-kickstart,3f8837ddd2dd4f03,0.0
pegasus-kickstart,3fa2b5a8dab94333,0.0
pegasus-kickstart,3fa7963a1d340715,0.0
pegasus-kickstart,3fabee293b3aa7c3,0.0
pegasus-kickstart,3fc3acb540ade011,0.0
pegasus-kickstart,3fd60bafa15df926,0.0
pegasus-kickstart,3fefcd72529736a4,0.0
pegasus-kickstart,401e7fdcdd2f8c39,0.0
pegasus-kickstart,4027c758656cac94,0.0
pegasus-kickstart,402bba35ca072022,0.0
pegasus-kickstart,403882bf10fb20e2,0.0
pegasus-kickstart,4045cb48cab811e4,0.0
pegasus-kickstart,4059d780a5c1a126,0.0
pegasus-kickstart,4083d07201293cd3,0.0
pegasus-kickstart,40a73cf725112cc9,0.0
pegasus-kickstart,40b3e05020fa1b14,0.0
pegasus-kickstart,40cc662d1a3c7b8e,0.0
pegasus-kickstart,40ef2539eeea1dd0,0.0
pegasus-kickstart,40f0dff6d2ac068f,0.0
pegasus-kickstart,4112177016197044,0.0
pegasus-kickstart,412ab3f69104ec07,0.0
pegasus-kickstart,412c05ed7deae09f,0.0
pegasus-kickstart,412e3aa960529f68,0.0
pegasus-kickstart,412fce16d13b8ee2,0.0
pegasus-kickstart,4136bd6fc0756a5d,0.0
pegasus-kickstart,413781d6540ff6d1,0.0
pegasus-kickstart,4143b3dbb4d9b7a4,0.0
pegasus-kickstart,4144d19eb646857c,0.0
pegasus-kickstart,4153dbd738eaaa87,0.0
pegasus-kickstart,415a0ba5cd50021f,0.0
pegasus-kickstart,415d0c497aeb7f3a,0.0
pegasus-kickstart,416ac39b67c29c99,0.0
pegasus-kickstart,41b0ba4f3c658462,0.0
pegasus-kickstart,41babe92edbce66b,0.0
pegasus-kickstart,41d38cfffa589359,0.0
pegasus-kickstart,41d3eb3a313de148,0.0
pegasus-kickstart,41f19e7a9d61d585,0.0
pegasus-kickstart,4207a12a7e044f09,0.0
pegasus-kickstart,42160116d8a2f24a,0.0
pegasus-kickstart,4219c7691a21887e,0.0
pegasus-kickstart,423da25ae5c3fc2e,0.0
pegasus-kickstart,426087b06fd8097b,0.0
pegasus-kickstart,4265e6e8a9a3c712,0.0
pegasus-kickstart,427351c395ffb93f,0.0
pegasus-kickstart,4299e7d259a3a0e2,0.0
pegasus-kickstart,42a4a103208a4884,0.0
pegasus-kickstart,42a7e7049194adc4,0.0
pegasus-kickstart,42abd782f3ef9a9f,0.0
pegasus-kickstart,42ade569fb225201,0.0
pegasus-kickstart,42ba6624d998fefa,0.0
pegasus-kickstart,42c974af9f7c5acc,0.0
pegasus-kickstart,42de98ed61ad0cd1,0.0
pegasus-kickstart,42fc78c12decb7db,0.0
pegasus-kickstart,430e78f12c668033,0.0
pegasus-kickstart,4322dea52fc89ab1,0.0
pegasus-kickstart,4331fb680972f3e1,0.0
pegasus-kickstart,434be422d06438c5,0.0
pegasus-kickstart,434e802f38ff4933,0.0
pegasus-kickstart,435a9221ece4219b,0.0
pegasus-kickstart,436ba08a97d3b911,0.0
pegasus-kickstart,436f03bbc8f55825,0.0
pegasus-kickstart,43889d28b7fa79c0,0.0
pegasus-kickstart,439548f83335463e,0.0
pegasus-kickstart,43a32bff6e3121be,0.0
pegasus-kickstart,43c8bdff53034551,0.0
pegasus-kickstart,43c9384bbdc82b1c,0.0
pegasus-kickstart,43d9477a3219e718,0.0
pegasus-kickstart,43d9b0931880d367,0.0
pegasus-kickstart,44312596daee0378,0.0
pegasus-kickstart,4434e738c3feb95c,0.0
pegasus-kickstart,443a883612639e4d,0.0
pegasus-kickstart,444fb1aa9a2acab5,0.0
pegasus-kickstart,44552a08df1e8bf5,0.0
pegasus-kickstart,446e30970eabf4b6,0.0
pegasus-kickstart,44763b3d724ec87f,0.0
pegasus-kickstart,4479ca3eb5e9e04d,0.0
pegasus-kickstart,44946d56bc366ccf,0.0
pegasus-kickstart,4496303d25b26fd5,0.0
pegasus-kickstart,449f043b2c0fbc63,0.0
pegasus-kickstart,44a079801277f3f1,0.0
pegasus-kickstart,44a347cb73828a9a,0.0
pegasus-kickstart,44afb43bf53a77a6,0.0
pegasus-kickstart,44d74292052059e6,0.0
pegasus-kickstart,44e71b6a70a385dc,0.0
pegasus-kickstart,44ffb442e78058d9,0.0
pegasus-kickstart,450b3524f274412a,0.0
pegasus-kickstart,451b9427bda29dee,0.0
pegasus-kickstart,451f84c4c30ff477,0.0
pegasus-kickstart,4541f0a959aa7763,0.0
pegasus-kickstart,45571b419bddba02,0.0
pegasus-kickstart,455e00197267f0b9,0.0
pegasus-kickstart,455e57ab1c41a5c3,0.0
pegasus-kickstart,4560a6872e8ef815,0.0
pegasus-kickstart,4573862f5e5f3c65,0.0
pegasus-kickstart,458344345a15bb9e,0.0
pegasus-kickstart,45a4e40d259a45d2,0.0
pegasus-kickstart,45af9fba79c1d487,0.0
pegasus-kickstart,45b137de7540f05c,0.0
pegasus-kickstart,4608bbad8810a1a8,0.0
pegasus-kickstart,4616c4f19af5fe91,0.0
pegasus-kickstart,462c92aca5db0c8f,0.0
pegasus-kickstart,462f107c020882ba,0.0
pegasus-kickstart,4635cbcb9405a9e9,0.0
pegasus-kickstart,463b56b5ad2a7c50,0.0
pegasus-kickstart,4643a925eeb6db8f,0.0
pegasus-kickstart,46442ae45f93390b,0.0
pegasus-kickstart,4645f014bb560518,0.0
pegasus-kickstart,4653fd02f5e981b3,0.0
pegasus-kickstart,465f2e5edb00e171,0.0
pegasus-kickstart,466c559ce3899e3a,0.0
pegasus-kickstart,4680d8f148f52c56,0.0
pegasus-kickstart,469044d987d47892,0.0
pegasus-kickstart,469549a4ac2f7b37,0.0
pegasus-kickstart,46d62429f3dcec6f,0.0
pegasus-kickstart,46d80f4cc96d0a3e,0.0
pegasus-kickstart,46e4a48ebac965d8,0.0
pegasus-kickstart,46ecbc13a8c02acc,0.0
pegasus-kickstart,4707d8730b172626,0.0
pegasus-kickstart,47382a31c85279e0,0.0
pegasus-kickstart,476f7c45e1cbbe3d,0.0
pegasus-kickstart,477a40731780915c,0.0
pegasus-kickstart,478d83fe45fac1ac,0.0
pegasus-kickstart,47d7c39a5b796604,0.0
pegasus-kickstart,47f1694500887ac2,0.0
pegasus-kickstart,4801aa84b931a26b,0.0
pegasus-kickstart,4802ed83108ba544,0.0
pegasus-kickstart,48381f7ccd7504be,0.0
pegasus-kickstart,48433744d7bdd0c4,0.0
pegasus-kickstart,485478e0a0825fb0,0.0
pegasus-kickstart,48580f03626f0361,0.0
pegasus-kickstart,4873f4d5afb0fff8,0.0
pegasus-kickstart,48782b33e5bbc87a,0.0
pegasus-kickstart,48a4aace57f5d7b7,0.0
pegasus-kickstart,48a9a045707b14bf,0.0
pegasus-kickstart,48aa649eae2f477e,0.0
pegasus-kickstart,48e17beb4f80fe1b,0.0
pegasus-kickstart,48e4ab3585408bf3,0.0
pegasus-kickstart,48f54a034496adfd,0.0
pegasus-kickstart,491cc416bfdde252,0.0
pegasus-kickstart,491f7dd957760f49,0.0
pegasus-kickstart,49230eec962613d7,0.0
pegasus-kickstart,4944d0bba39260d5,0.0
pegasus-kickstart,49b8d735c6fad059,0.0
pegasus-kickstart,49d10855e2946d2b,0.0
pegasus-kickstart,49db5c47151cf1c7,0.0
pegasus-kickstart,49df71ecfce04987,0.0
pegasus-kickstart,49e21d6a2ead8369,0.0
pegasus-kickstart,49ebb1c363db2856,0.0
pegasus-kickstart,4a0f8ad7b331af17,0.0
pegasus-kickstart,4a530b2c38197e27,0.0
pegasus-kickstart,4a62127d0a843398,0.0
pegasus-kickstart,4a6f660863a2ef09,0.0
pegasus-kickstart,4a7a9033b562e9d1,0.0
pegasus-kickstart,4a7d138490664659,0.0
pegasus-kickstart,4a80cb0552c26910,0.0
pegasus-kickstart,4a8cbc0defb1cf92,0.0
pegasus-kickstart,4a95c6100c22d6d8,0.0
pegasus-kickstart,4a98c0c020c228ff,0.0
pegasus-kickstart,4adafe917486c6d0,0.0
pegasus-kickstart,4aec21b86ae28ca0,0.0
pegasus-kickstart,4af82f8fc01e0ca4,0.0
pegasus-kickstart,4b0f10bf18ef17cc,0.0
pegasus-kickstart,4b1faf44eddf7cc8,0.0
pegasus-kickstart,4b766d62fb92a16a,0.0
pegasus-kickstart,4b79359db5a18eb8,0.0
pegasus-kickstart,4b9f3d4a781c8bdd,0.0
pegasus-kickstart,4baad3e91063145b,0.0
pegasus-kickstart,4bb5b94779d597c3,0.0
pegasus-kickstart,4bcf91ccbdd8ab6b,0.0
pegasus-kickstart,4bd3b8494cd624b2,0.0
pegasus-kickstart,4bd4c83598fc1f00,0.0
pegasus-kickstart,4bd6b9c595575081,0.0
pegasus-kickstart,4bd7c46b73201032,0.0
pegasus-kickstart,4be3cd8d199aa3c1,0.0
pegasus-kickstart,4be4d58b52b3fb68,0.0
pegasus-kickstart,4c17627e34f93149,0.0
pegasus-kickstart,4c1d2aecdd7df7c2,0.0
pegasus-kickstart,4c2741acc02d47a2,0.0
pegasus-kickstart,4c42a181b1ba7e32,0.0
pegasus-kickstart,4c5550c828af227b,0.0
pegasus-kickstart,4c559056cb8210ef,0.0
pegasus-kickstart,4c6002455ddd7759,0.0
pegasus-kickstart,4c7e594c9d594b2e,0.0
pegasus-kickstart,4c886f8b45b04b26,0.0
pegasus-kickstart,4ca5cab935537481,0.0
pegasus-kickstart,4cafd682301e6c66,0.0
pegasus-kickstart,4cde94691ed064a2,0.0
pegasus-kickstart,4cf4c7f86df5335a,0.0
pegasus-kickstart,4cf78aeda1b46efd,0.0
pegasus-kickstart,4d068833a8c2b6b3,0.0
pegasus-kickstart,4d0ad669a9abbc6b,0.0
pegasus-kickstart,4d1774b97f52d784,0.0
pegasus-kickstart,4d1e5078ead25aee,0.0
pegasus-kickstart,4d1e5e8b6ac252bd,0.0
pegasus-kickstart,4d25f873867636ee,0.0
pegasus-kickstart,4d537d049afe6ffc,0.0
pegasus-kickstart,4d7fbc3fdfa2a18d,0.0
pegasus-kickstart,4d80e48d1e9ad98f,0.0
pegasus-kickstart,4d83ba64b45e4eec,0.0
pegasus-kickstart,4d8ad92a29071f87,0.0
pegasus-kickstart,4d8daf258d336a40,0.0
pegasus-kickstart,4d9939e5810a05c6,0.0
pegasus-kickstart,4dac3cbd1ac32850,0.0
pegasus-kickstart,4dd11bfacade5fae,0.0
pegasus-kickstart,4dd1458e6901a5ff,0.0
pegasus-kickstart,4dee8ea718d42e40,0.0
pegasus-kickstart,4df9dc2b8802dba5,0.0
pegasus-kickstart,4e10ffd5618fa32c,0.0
pegasus-kickstart,4e2c3a8ef78192dc,0.0
pegasus-kickstart,4e53bd6804174586,0.0
pegasus-kickstart,4e5b8e247eeddb9b,0.0
pegasus-kickstart,4e696ab07e05a014,0.0
pegasus-kickstart,4e8c9e70e5dbba52,0.0
pegasus-kickstart,4ea05e8660e27863,0.0
pegasus-kickstart,4ec2e0a19c3b95e7,0.0
pegasus-kickstart,4ee43e8349f163a4,0.0
pegasus-kickstart,4ee624ee1b413b5b,0.0
pegasus-kickstart,4ef1d3c4f0200390,0.0
pegasus-kickstart,4efa76a317a9052b,0.0
pegasus-kickstart,4f0bb9deb533053e,0.0
pegasus-kickstart,4f180d3fd911b66f,0.0
pegasus-kickstart,4f19179ce737aa8d,0.0
pegasus-kickstart,4f3ab0d414d016b4,0.0
pegasus-kickstart,4f538eea3a657234,0.0
pegasus-kickstart,4f53e9f98829d6fb,0.0
pegasus-kickstart,4f66ece952c5def0,0.0
pegasus-kickstart,4f97afa10d2cca15,0.0
pegasus-kickstart,4fbcb979b0f78176,0.0
pegasus-kickstart,4ff0d1b4f03b2ce2,0.0
pegasus-kickstart,4ff50b78251d9c04,0.0
pegasus-kickstart,50178f03b24564f3,0.0
pegasus-kickstart,5029be2f052ef905,0.0
pegasus-kickstart,50370e63411a87ea,0.0
pegasus-kickstart,50640f933aa8dc88,0.0
pegasus-kickstart,5071dc4eb6b93a82,0.0
pegasus-kickstart,5073f93449e81f23,0.0
pegasus-kickstart,508e655e0fc1dce9,0.0
pegasus-kickstart,50c548477eca1a93,0.0
pegasus-kickstart,50d2debc1be82ed9,0.0
pegasus-kickstart,50fa09c4c6116641,0.0
pegasus-kickstart,50fe9105039e54b7,0.0
pegasus-kickstart,5102f19e71329726,0.0
pegasus-kickstart,510352049fba76c4,0.0
pegasus-kickstart,51092b616f42e3d4,0.0
pegasus-kickstart,511dbcdde3344105,0.0
pegasus-kickstart,5127c728bf9dd2dd,0.0
pegasus-kickstart,513820b802dfef3b,0.0
pegasus-kickstart,5157261f7937d31c,0.0
pegasus-kickstart,515865e439e297c5,0.0
pegasus-kickstart,51b720005559d18f,0.0
pegasus-kickstart,51d3b0c81776f7ed,0.0
pegasus-kickstart,51d900deb61d2af8,0.0
pegasus-kickstart,51df489796ec3a03,0.0
pegasus-kickstart,521284d9698e0d16,0.0
pegasus-kickstart,5218b826476ad8bd,0.0
pegasus-kickstart,521f33fd0c3feb65,0.0
pegasus-kickstart,526f22e766cc84ec,0.0
pegasus-kickstart,52767f754e3dd3a2,0.0
pegasus-kickstart,5276a6b11cf665b4,0.0
pegasus-kickstart,527dc15169b6aead,0.0
pegasus-kickstart,527e1d9136104f5d,0.0
pegasus-kickstart,52a4b7cd5ce1a69e,0.0
pegasus-kickstart,530f39513dcc883b,0.0
pegasus-kickstart,532ce26744b60c87,0.0
pegasus-kickstart,53670b618bc59b06,0.0
pegasus-kickstart,53b1ce42b52c0f88,0.0
pegasus-kickstart,53b9eb90c3e05864,0.0
pegasus-kickstart,53bbb5f63ff8e977,0.0
pegasus-kickstart,53d40d6ef5f69996,0.0
pegasus-kickstart,53db27da529cad68,0.0
pegasus-kickstart,53f8eb1de4c13a49,0.0
pegasus-kickstart,5408fa863ef79310,0.0
pegasus-kickstart,541517201671e5bf,0.0
pegasus-kickstart,544e26c0b5ec7843,0.0
pegasus-kickstart,545fc4cb7dda7b3c,0.0
pegasus-kickstart,547cb75b91b6bae8,0.0
pegasus-kickstart,5487ebd74512b58d,0.0
pegasus-kickstart,5488cdaafe38a141,0.0
pegasus-kickstart,548cac537f3db870,0.0
pegasus-kickstart,5491a48b7269d6c8,0.0
pegasus-kickstart,549836316f67a63a,0.0
pegasus-kickstart,54b919abba571a8c,0.0
pegasus-kickstart,54c7314809c65f59,0.0
pegasus-kickstart,54c8011c3bb5dcd4,0.0
pegasus-kickstart,54d0f258c7212eb0,0.0
pegasus-kickstart,54e158834e70845c,0.0
pegasus-kickstart,54efa42f5f0a08f8,0.0
pegasus-kickstart,54f8b775a99e53b3,0.0
pegasus-kickstart,55018b63e2fb9948,0.0
pegasus-kickstart,55021c2924b494e7,0.0
pegasus-kickstart,551ab773c72361ee,0.0
pegasus-kickstart,5539cb5c282c1340,0.0
pegasus-kickstart,553e99c9c48314bb,0.0
pegasus-kickstart,5569d555d6aee10c,0.0
pegasus-kickstart,55819240da520a94,0.0
pegasus-kickstart,559511062bc08c06,0.0
pegasus-kickstart,55afeced8a54a4aa,0.0
pegasus-kickstart,55bbe86e215e719d,0.0
pegasus-kickstart,55c49d824bbdf425,0.0
pegasus-kickstart,55fad0dcf6d53a4c,0.0
pegasus-kickstart,55fd9b5a55e13921,0.0
pegasus-kickstart,560c6748036903fc,0.0
pegasus-kickstart,5639f0dd33476973,0.0
pegasus-kickstart,56485ab543ef4e55,0.0
pegasus-kickstart,5691ed8024da1524,0.0
pegasus-kickstart,56ab5d066462fc14,0.0
pegasus-kickstart,572524778e78b1ce,0.0
pegasus-kickstart,5794999efece5d6f,0.0
pegasus-kickstart,57fc6a123f0728f2,0.0
pegasus-kickstart,5809178fb1fb895c,0.0
pegasus-kickstart,580c535990005500,0.0
pegasus-kickstart,581c6a04c2d0daf8,0.0
pegasus-kickstart,582c32526e361e4f,0.0
pegasus-kickstart,5833d2c78848b5b8,0.0
pegasus-kickstart,5842c064b55df5f0,0.0
pegasus-kickstart,584da7ad78258cb6,0.0
pegasus-kickstart,5850c1e1634d5d97,0.0
pegasus-kickstart,5894ce658a6b582c,0.0
pegasus-kickstart,58a6e517910ac00a,0.0
pegasus-kickstart,58b51e66e4bf3dc8,0.0
pegasus-kickstart,58dd045e383dca2e,0.0
pegasus-kickstart,58f473dc9c1c59b6,0.0
pegasus-kickstart,5903ff0b0af260ee,0.0
pegasus-kickstart,59127516488d9676,0.0
pegasus-kickstart,5926a7b570ffded6,0.0
pegasus-kickstart,592fa42cd94d3626,0.0
pegasus-kickstart,594168687680e419,0.0
pegasus-kickstart,5946a2abe40967a4,0.0
pegasus-kickstart,594723463c18915b,0.0
pegasus-kickstart,5951870cdeff9f17,0.0
pegasus-kickstart,596cf5e3ca5080c7,0.0
pegasus-kickstart,599d39dd1f7c39f3,0.0
pegasus-kickstart,59a4577d2dcf686e,0.0
pegasus-kickstart,59abee68e7b424ae,0.0
pegasus-kickstart,59bbe4b503635dc5,0.0
pegasus-kickstart,59c01a7f880c8f3a,0.0
pegasus-kickstart,59cc74d7962d502e,0.0
pegasus-kickstart,59ccc613b6d5d199,0.0
pegasus-kickstart,59da6577cd5c3fd4,0.0
pegasus-kickstart,59ea94c4239c50c8,0.0
pegasus-kickstart,59ed84f6cd28962e,0.0
pegasus-kickstart,59f6b98c8d8a22c1,0.0
pegasus-kickstart,59fbbf6e986cb7e0,0.0
pegasus-kickstart,5a21940c36e54794,0.0
pegasus-kickstart,5a7a67d3a61b9f28,0.0
pegasus-kickstart,5a89af89f6662c39,0.0
pegasus-kickstart,5a8d3613c209af61,0.0
pegasus-kickstart,5ab3717ec6fd5ce6,0.0
pegasus-kickstart,5abc5719cbbd40be,0.0
pegasus-kickstart,5ad9d758921e46e5,0.0
pegasus-kickstart,5ae58f5e6cddd9ba,0.0
pegasus-kickstart,5af61bbe9f172f43,0.0
pegasus-kickstart,5b0364e851300cfc,0.0
pegasus-kickstart,5b22cd2f7d1ca3fd,0.0
pegasus-kickstart,5b2ebb4d83f39f3e,0.0
pegasus-kickstart,5b2ed97e09b4bb1b,0.0
pegasus-kickstart,5b34c87c9934752c,0.0
pegasus-kickstart,5b618a68b146f6e3,0.0
pegasus-kickstart,5b6d2f5f17d1c140,0.0
pegasus-kickstart,5b8aca7884d6df0a,0.0
pegasus-kickstart,5b9871071245fe9c,0.0
pegasus-kickstart,5bab551eca211b9a,0.0
pegasus-kickstart,5bdd5ff199bcdf3b,0.0
pegasus-kickstart,5be2b9ee27c1c4ff,0.0
pegasus-kickstart,5be4d2840abafc60,0.0
pegasus-kickstart,5c04d6839a45699f,0.0
pegasus-kickstart,5c2463aa34a2fe17,0.0
pegasus-kickstart,5c258d4cfa99d5c3,0.0
pegasus-kickstart,5c31d532970c02d2,0.0
pegasus-kickstart,5c38244dafb72450,0.0
pegasus-kickstart,5c496bc9be4276f4,0.0
pegasus-kickstart,5c5d2d8e79e25edf,0.0
pegasus-kickstart,5c6147c8b9ada24b,0.0
pegasus-kickstart,5c662079b5646aa3,0.0
pegasus-kickstart,5c6e26b071411173,0.0
pegasus-kickstart,5c853867614eeea4,0.0
pegasus-kickstart,5c87b7741f9fa1c9,0.0
pegasus-kickstart,5c898efb7f1673ae,0.0
pegasus-kickstart,5ca075af11bcf7fd,0.0
pegasus-kickstart,5cb42e57bac0bc9b,0.0
pegasus-kickstart,5cc9a37d22cad7da,0.0
pegasus-kickstart,5cebb821fb35b13f,0.0
pegasus-kickstart,5d00635b1a9d76a8,0.0
pegasus-kickstart,5d02260a3a442a36,0.0
pegasus-kickstart,5d20f7d2ba85c46e,0.0
pegasus-kickstart,5d3180c3e88c0b45,0.0
pegasus-kickstart,5d52687f4ef5c81c,0.0
pegasus-kickstart,5d54597793af57b7,0.0
pegasus-kickstart,5d573e1c5c6bdbb6,0.0
pegasus-kickstart,5d92e29f6d9ba80b,0.0
pegasus-kickstart,5d99e405d9662cc4,0.0
pegasus-kickstart,5dd91e805104d8e0,0.0
pegasus-kickstart,5de60d4ded3c20b7,0.0
pegasus-kickstart,5de9f2ba993e55e8,0.0
pegasus-kickstart,5dee2fe6301434ad,0.0
pegasus-kickstart,5df6bec15b24ed44,0.0
pegasus-kickstart,5dfddef48e98162a,0.0
pegasus-kickstart,5e1683bc77cd13dd,0.0
pegasus-kickstart,5e48ed490f0ff171,0.0
pegasus-kickstart,5e525ec4308d92d3,0.0
pegasus-kickstart,5e59d573fb12fd64,0.0
pegasus-kickstart,5e6a0ebf9ea8aaab,0.0
pegasus-kickstart,5e700120ba66abd5,0.0
pegasus-kickstart,5e708804fa13dfb7,0.0
pegasus-kickstart,5e79526b04a22cfd,0.0
pegasus-kickstart,5eacab1b7d370a29,0.0
pegasus-kickstart,5ed458371824074d,0.0
pegasus-kickstart,5ed8341b998f67fa,0.0
pegasus-kickstart,5edbdf9cd2f34671,0.0
pegasus-kickstart,5eea710ba8180ec5,0.0
pegasus-kickstart,5f0707dcfbcd9849,0.0
pegasus-kickstart,5f33003efccc0a36,0.0
pegasus-kickstart,5f3be4dff053609e,0.0
pegasus-kickstart,5f56527c6eb0380d,0.0
pegasus-kickstart,5f5672f030d752e2,0.0
pegasus-kickstart,5f69df07bc4c1363,0.0
pegasus-kickstart,5f8165565a69aaac,0.0
pegasus-kickstart,5f93955270ebaf40,0.0
pegasus-kickstart,5fa24c5ce19a8731,0.0
pegasus-kickstart,5fb44e7ea740fe3c,0.0
pegasus-kickstart,5fc2567364411ce4,0.0
pegasus-kickstart,5fd3d8b695a0211e,0.0
pegasus-kickstart,5fda96c4f8063567,0.0
pegasus-kickstart,5fe2fa97dca62ba1,0.0
pegasus-kickstart,600e2731bc816014,0.0
pegasus-kickstart,6017f8b63dbd1f38,0.0
pegasus-kickstart,601823e4f0cc268f,0.0
pegasus-kickstart,6020de35b1793111,0.0
pegasus-kickstart,60286bdf9258910e,0.0
pegasus-kickstart,6041b43c708f515f,0.0
pegasus-kickstart,60468c1a0690aa43,0.0
pegasus-kickstart,604f2a5265fc8962,0.0
pegasus-kickstart,6063c0065d3c79b8,0.0
pegasus-kickstart,60846a878cfb514d,0.0
pegasus-kickstart,60979ab6b503e2af,0.0
pegasus-kickstart,609f26b4c0a3b4a8,0.0
pegasus-kickstart,609f6b34201efa64,0.0
pegasus-kickstart,60a5e417cd2529e8,0.0
pegasus-kickstart,60b0fb5add633ac8,0.0
pegasus-kickstart,60d6ddc3ecb3aa24,0.0
pegasus-kickstart,60d89d16308d8a9e,0.0
pegasus-kickstart,60e0a4c09dcec9bd,0.0
pegasus-kickstart,60e3dc0c5f8ddfcb,0.0
pegasus-kickstart,60fe24c3825b54d8,0.0
pegasus-kickstart,6112b3ab014c7297,0.0
pegasus-kickstart,6132d72106715c71,0.0
pegasus-kickstart,6142d0500439bda0,0.0
pegasus-kickstart,6157ae959988f3e7,0.0
pegasus-kickstart,6178a5a2b4495ca2,0.0
pegasus-kickstart,617f6d72363d54b2,0.0
pegasus-kickstart,6182870e1d5ef48e,0.0
pegasus-kickstart,618cb500da479bce,0.0
pegasus-kickstart,618ddc031dcfedc8,0.0
pegasus-kickstart,61bbd116d61e2373,0.0
pegasus-kickstart,61bc2fc4c82a3354,0.0
pegasus-kickstart,61c36bab4a038ca6,0.0
pegasus-kickstart,61d839007d7a03e5,0.0
pegasus-kickstart,61faadd8643b940b,0.0
pegasus-kickstart,61fd1f7c9b36a278,0.0
pegasus-kickstart,620abad31b2a0367,0.0
pegasus-kickstart,62137dc1c7645db3,0.0
pegasus-kickstart,6213a8e3a64123c9,0.0
pegasus-kickstart,62176e019b473590,0.0
pegasus-kickstart,62346b6e69727003,0.0
pegasus-kickstart,6235ec192af9bcf1,0.0
pegasus-kickstart,623b2e1b6759e01c,0.0
pegasus-kickstart,623b5503229ee206,0.0
pegasus-kickstart,624324ab1f30424a,0.0
pegasus-kickstart,6246cdb2f19030e9,0.0
pegasus-kickstart,625030a7e9bbac9f,0.0
pegasus-kickstart,62538a558c1d81d3,0.0
pegasus-kickstart,62646bb86118ce0d,0.0
pegasus-kickstart,6272273e50bdf400,0.0
pegasus-kickstart,628bc910a567b4b9,0.0
pegasus-kickstart,6292bb0cffcf0fe5,0.0
pegasus-kickstart,62965173084b650d,0.0
pegasus-kickstart,62a0c38fb6dc9db1,0.0
pegasus-kickstart,62d47d19d7097920,0.0
pegasus-kickstart,62dba93b96d6ab81,0.0
pegasus-kickstart,62e2b80f5aec855d,0.0
pegasus-kickstart,62f5e3a7114b2854,0.0
pegasus-kickstart,630e4aff81365542,0.0
pegasus-kickstart,632597b2f05806b4,0.0
pegasus-kickstart,633d68e1a6bad596,0.0
pegasus-kickstart,6343d7e74db51589,0.0
pegasus-kickstart,63660e948a7f95c5,0.0
pegasus-kickstart,637235cef525e01a,0.0
pegasus-kickstart,6375ba68444d4560,0.0
pegasus-kickstart,63884199a9632228,0.0
pegasus-kickstart,63891ee4d8aabaa8,0.0
pegasus-kickstart,63cb349dd4328a86,0.0
pegasus-kickstart,63e9c3b026ca1ff4,0.0
pegasus-kickstart,6412832265c1cbcc,0.0
pegasus-kickstart,6413e67dd30393a2,0.0
pegasus-kickstart,6448140bf63a0a7f,0.0
pegasus-kickstart,6457af337f83a04e,0.0
pegasus-kickstart,6457b18c0ce1b412,0.0
pegasus-kickstart,64913e4af9e79cb4,0.0
pegasus-kickstart,64a8fb62a1895107,0.0
pegasus-kickstart,64ad3626f5f1e5e6,0.0
pegasus-kickstart,64af22655889a507,0.0
pegasus-kickstart,64b7e5f535c6f287,0.0
pegasus-kickstart,64c1ac7a6eed31f0,0.0
pegasus-kickstart,64c7ba4f83042ad9,0.0
pegasus-kickstart,64d862168c9437a0,0.0
pegasus-kickstart,64de886ea8a78d57,0.0
pegasus-kickstart,64f23a1631a7507f,0.0
pegasus-kickstart,64fbdaf75aca9810,0.0
pegasus-kickstart,650d262b575e3ee6,0.0
pegasus-kickstart,6516cfc2d0eab715,0.0
pegasus-kickstart,652c2f473582d333,0.0
pegasus-kickstart,655a05a9ee8ae7ab,0.0
pegasus-kickstart,655f57b352d34623,0.0
pegasus-kickstart,6572924728e7e8d1,0.0
pegasus-kickstart,65746974a945956b,0.0
pegasus-kickstart,658f4379421c7269,0.0
pegasus-kickstart,6590545ed8ee861d,0.0
pegasus-kickstart,6591b669102efee7,0.0
pegasus-kickstart,659b259765fe4942,0.0
pegasus-kickstart,65b5810cd460965e,0.0
pegasus-kickstart,65bf7582f6db1d71,0.0
pegasus-kickstart,65c45e5a83e59f92,0.0
pegasus-kickstart,65e4cc83034420d0,0.0
pegasus-kickstart,6613247891a751d2,0.0
pegasus-kickstart,6664f55d9ceee855,0.0
pegasus-kickstart,6668e11b5d2e062d,0.0
pegasus-kickstart,6682f00da54a8875,0.0
pegasus-kickstart,668c1261da0ef10e,0.0
pegasus-kickstart,6694182c3c33a23d,0.0
pegasus-kickstart,66a4a52d5edaf58f,0.0
pegasus-kickstart,66a75b7aaaa1a94b,0.0
pegasus-kickstart,66ada37273619cae,0.0
pegasus-kickstart,66ada44eee674fe7,0.0
pegasus-kickstart,66b86595c2fcfd01,0.0
pegasus-kickstart,66d890ab448686fb,0.0
pegasus-kickstart,66d896a986031a09,0.0
pegasus-kickstart,66e5c91b1bd02d98,0.0
pegasus-kickstart,66facd9fddebef7f,0.0
pegasus-kickstart,66fe75988fc040c1,0.0
pegasus-kickstart,66fffbf6b778d2a8,0.0
pegasus-kickstart,6708193112e4e330,0.0
pegasus-kickstart,671d96be9f705433,0.0
pegasus-kickstart,6720aeaa9ea78e15,0.0
pegasus-kickstart,672d677b3d69d737,0.0
pegasus-kickstart,6734854a08fb174d,0.0
pegasus-kickstart,6738af14135aee23,0.0
pegasus-kickstart,67470fb162109f8c,0.0
pegasus-kickstart,678308d1762a4865,0.0
pegasus-kickstart,6784a5e323459deb,0.0
pegasus-kickstart,67ae8b7a0effba10,0.0
pegasus-kickstart,67b49bfc53fb9374,0.0
pegasus-kickstart,67c705633a6840c5,0.0
pegasus-kickstart,67e197e7e9ff38dc,0.0
pegasus-kickstart,67f1774a51f13cc1,0.0
pegasus-kickstart,68066a623f58d549,0.0
pegasus-kickstart,6812cf561ea735a1,0.0
pegasus-kickstart,682aeb14355adf1a,0.0
pegasus-kickstart,6834832eee8ac8b4,0.0
pegasus-kickstart,68375e65bf16e811,0.0
pegasus-kickstart,68424a56fa04e2c5,0.0
pegasus-kickstart,688b37b3311be373,0.0
pegasus-kickstart,689ceb1888006b35,0.0
pegasus-kickstart,68aba1cf5006a6cf,0.0
pegasus-kickstart,69099c1d5772285c,0.0
pegasus-kickstart,691530a43a0c4235,0.0
pegasus-kickstart,696410b733ba7e59,0.0
pegasus-kickstart,6965297f2b00d8ac,0.0
pegasus-kickstart,698580b923e5ed67,0.0
pegasus-kickstart,6985ebeb3dfe25ea,0.0
pegasus-kickstart,69eb74f6ad237239,0.0
pegasus-kickstart,69ed004df65ce50a,0.0
pegasus-kickstart,69efcb9c24a6fc3c,0.0
pegasus-kickstart,69f5bb8764e69ad8,0.0
pegasus-kickstart,69f5bbe1e10b7235,0.0
pegasus-kickstart,6a02f79de99c3030,0.0
pegasus-kickstart,6a092b72cda7a82a,0.0
pegasus-kickstart,6a0ea8cac67d0b2a,0.0
pegasus-kickstart,6a1b0a5c5e693741,0.0
pegasus-kickstart,6a25814a57c733e8,0.0
pegasus-kickstart,6a29fd1ddde4ac16,0.0
pegasus-kickstart,6a4d050ad060ed38,0.0
pegasus-kickstart,6a7767931d6394a3,0.0
pegasus-kickstart,6a7998df5f0d23d4,0.0
pegasus-kickstart,6a8622fa24d44f65,0.0
pegasus-kickstart,6a8bd6c3bdd6a33b,0.0
pegasus-kickstart,6ab6110cdd64be84,0.0
pegasus-kickstart,6ab8de1b7f9d63b0,0.0
pegasus-kickstart,6ab9d6707e8d8efd,0.0
pegasus-kickstart,6ac5569ec5c78b07,0.0
pegasus-kickstart,6ad8336247f77f68,0.0
pegasus-kickstart,6af5901e4cce9ade,0.0
pegasus-kickstart,6b06ea64db9035c2,0.0
pegasus-kickstart,6b0f772482ac6fb9,0.0
pegasus-kickstart,6b4f59086ff5f670,0.0
pegasus-kickstart,6b5bdfade009056a,0.0
pegasus-kickstart,6b6c4cb92276a868,0.0
pegasus-kickstart,6b6e4a210eaefbea,0.0
pegasus-kickstart,6b7756c14ed4ed9b,0.0
pegasus-kickstart,6b7a3aa3978e6349,0.0
pegasus-kickstart,6b7fb8c6d1a86c44,0.0
pegasus-kickstart,6bd0c80cc2078c2f,0.0
pegasus-kickstart,6bd95cecc6b123e5,0.0
pegasus-kickstart,6bea57f9b8c0e469,0.0
pegasus-kickstart,6c0b9c07d21d000f,0.0
pegasus-kickstart,6c1eb4f72d141cb7,0.0
pegasus-kickstart,6c1eb84abbb3a5b5,0.0
pegasus-kickstart,6c2e3e569cd1d45b,0.0
pegasus-kickstart,6c3958df6cd71620,0.0
pegasus-kickstart,6c656fbb96260298,0.0
pegasus-kickstart,6c6dfe0207d45bf2,0.0
pegasus-kickstart,6c6e48eb5af9aa7b,0.0
pegasus-kickstart,6c7a9ca8696986fd,0.0
pegasus-kickstart,6ca2bb811f399c1a,0.0
pegasus-kickstart,6cb6dbc674aff44f,0.0
pegasus-kickstart,6ccbd5d28b611189,0.0
pegasus-kickstart,6cd0e1f9f9548166,0.0
pegasus-kickstart,6cdaf3a29b16134a,0.0
pegasus-kickstart,6cdef286e42dc1d0,0.0
pegasus-kickstart,6ce212d5dd14421d,0.0
pegasus-kickstart,6ce770b559f7f0f1,0.0
pegasus-kickstart,6ced83f2564013a2,0.0
pegasus-kickstart,6ceead34cf64923e,0.0
pegasus-kickstart,6cf35fa7aa92cae0,0.0
pegasus-kickstart,6d0193a3696839e6,0.0
pegasus-kickstart,6d16cad0a2ddbf2e,0.0
pegasus-kickstart,6d2828df16345d30,0.0
pegasus-kickstart,6d2dfe166b5e54bc,0.0
pegasus-kickstart,6d3fe277bbc1c720,0.0
pegasus-kickstart,6d6ea38308a01e8c,0.0
pegasus-kickstart,6d7bde4aff4e29ce,0.0
pegasus-kickstart,6d93b7e2de0aea69,0.0
pegasus-kickstart,6d9761ffbbf91654,0.0
pegasus-kickstart,6da0e985a5f4f848,0.0
pegasus-kickstart,6da1ff65b3788ebb,0.0
pegasus-kickstart,6da37d2c7191168c,0.0
pegasus-kickstart,6daab9b03a4219f1,0.0
pegasus-kickstart,6dc94a1dea722e00,0.0
pegasus-kickstart,6dcfe9b501b24a63,0.0
pegasus-kickstart,6dda0cc4a6961704,0.0
pegasus-kickstart,6de6ad5914a59088,0.0
pegasus-kickstart,6dfa5bd8857d270f,0.0
pegasus-kickstart,6dfd62c1722ce45f,0.0
pegasus-kickstart,6e03d6fb4d244cd4,0.0
pegasus-kickstart,6e0fb662fa17bd7f,0.0
pegasus-kickstart,6e1dbfafd08f97ec,0.0
pegasus-kickstart,6e2524f9c1f26ed6,0.0
pegasus-kickstart,6e2f2fe91c5291cc,0.0
pegasus-kickstart,6e52ae1083e50d4f,0.0
pegasus-kickstart,6e56067541c2fc3d,0.0
pegasus-kickstart,6e5a3d824cd8bc22,0.0
pegasus-kickstart,6e6f3662a5dbe8cd,0.0
pegasus-kickstart,6e7f22acc92edc6d,0.0
pegasus-kickstart,6ea1d6bf6014598d,0.0
pegasus-kickstart,6ea215209a413bd0,0.0
pegasus-kickstart,6ea5d724359c0cb4,0.0
pegasus-kickstart,6eb12044b370b869,0.0
pegasus-kickstart,6ed1452f26ad9e0c,0.0
pegasus-kickstart,6ef0e741cd965847,0.0
pegasus-kickstart,6f0e6682446be50f,0.0
pegasus-kickstart,6f0ebbf5852dbf0b,0.0
pegasus-kickstart,6f6c018477373c8b,0.0
pegasus-kickstart,6f75562c3834efbf,0.0
pegasus-kickstart,6f76044b1b311a21,0.0
pegasus-kickstart,6f81e2eb22d71835,0.0
pegasus-kickstart,6f8b2093d53eeb0c,0.0
pegasus-kickstart,6fb1d0a924a30665,0.0
pegasus-kickstart,6fb1f5e55f3313aa,0.0
pegasus-kickstart,6fd0598e23f277b1,0.0
pegasus-kickstart,6fee8ef28f00947e,0.0
pegasus-kickstart,6fee90dfa7ae9784,0.0
pegasus-kickstart,6ff1a6725c207ed2,0.0
pegasus-kickstart,70045c4478613302,0.0
pegasus-kickstart,702356ff679318a7,0.0
pegasus-kickstart,7027817c295889ec,0.0
pegasus-kickstart,703ee8acc34127e0,0.0
pegasus-kickstart,7063deaa8f028f49,0.0
pegasus-kickstart,706af1397ebaeed8,0.0
pegasus-kickstart,7072f17888c5ff54,0.0
pegasus-kickstart,70a71986e3227f96,0.0
pegasus-kickstart,70bfd2eda6ce8af6,0.0
pegasus-kickstart,70cf0f0c4dc8ee1a,0.0
pegasus-kickstart,70db786ece40a244,0.0
pegasus-kickstart,70e4a9da0174fc9a,0.0
pegasus-kickstart,70e87dacf9008d9c,0.0
pegasus-kickstart,7111a8d59146b0c8,0.0
pegasus-kickstart,71358a2ac9ac01fd,0.0
pegasus-kickstart,713705278f73bea9,0.0
pegasus-kickstart,71548d1dd5fd596a,0.0
pegasus-kickstart,7165fed5bcee4519,0.0
pegasus-kickstart,7168341c9bf07a60,0.0
pegasus-kickstart,719a0576000a919c,0.0
pegasus-kickstart,71b58262bd75e432,0.0
pegasus-kickstart,71bf5147dcc4dcc3,0.0
pegasus-kickstart,71bf7739ec750110,0.0
pegasus-kickstart,71dc9c3a77765597,0.0
pegasus-kickstart,71df0d6a314f75cf,0.0
pegasus-kickstart,71e204045d11a3ef,0.0
pegasus-kickstart,71f1e47c38acd940,0.0
pegasus-kickstart,722ad25d6b958fd4,0.0
pegasus-kickstart,723f755818a108f9,0.0
pegasus-kickstart,723fbe460c1543c8,0.0
pegasus-kickstart,724533789ddac545,0.0
pegasus-kickstart,7250fc4e84bac877,0.0
pegasus-kickstart,72745883b492be1d,0.0
pegasus-kickstart,7280b81d8f94f0bd,0.0
pegasus-kickstart,72a93a5404e26f5d,0.0
pegasus-kickstart,72aa5dc913a374d3,0.0
pegasus-kickstart,72de8e833c0ee3f9,0.0
pegasus-kickstart,72def62f116b9916,0.0
pegasus-kickstart,72e92f3b63ae2ef3,0.0
pegasus-kickstart,72f6c63150a4c1e9,0.0
pegasus-kickstart,72fde322e63d1f8a,0.0
pegasus-kickstart,731fd20577f796b5,0.0
pegasus-kickstart,732ae4bfd2906101,0.0
pegasus-kickstart,732c481c0f279fc2,0.0
pegasus-kickstart,7345feacc9f35833,0.0
pegasus-kickstart,734ef87a73d91b57,0.0
pegasus-kickstart,7358876f6b53c3a2,0.0
pegasus-kickstart,7362f4f01daec2ef,0.0
pegasus-kickstart,736ba52c897182bb,0.0
pegasus-kickstart,737b763e3cafd7d0,0.0
pegasus-kickstart,737b979a4cc5224d,0.0
pegasus-kickstart,73a455731e537bbe,0.0
pegasus-kickstart,73be4de3d5fc4586,0.0
pegasus-kickstart,73c966b521909645,0.0
pegasus-kickstart,73cc001e478b53fa,0.0
pegasus-kickstart,73d1acd702e068b9,0.0
pegasus-kickstart,7401490b391f1e18,0.0
pegasus-kickstart,7401efc298999df5,0.0
pegasus-kickstart,741477f04f404d2b,0.0
pegasus-kickstart,741d1f153acae9dc,0.0
pegasus-kickstart,741e4c90f267773e,0.0
pegasus-kickstart,743509ba2e6c8632,0.0
pegasus-kickstart,746646f247b5eb5f,0.0
pegasus-kickstart,749ccbe5e8bae753,0.0
pegasus-kickstart,749e7e55cefd8c39,0.0
pegasus-kickstart,74ce72c7f8527839,0.0
pegasus-kickstart,74d70d51954c1c42,0.0
pegasus-kickstart,74e31d58a2178601,0.0
pegasus-kickstart,75061983e153ee8b,0.0
pegasus-kickstart,75126f652a361c95,0.0
pegasus-kickstart,752303ee47cdd1a4,0.0
pegasus-kickstart,75343a23beef59eb,0.0
pegasus-kickstart,7537091d91657bd7,0.0
pegasus-kickstart,753a9e997edcf927,0.0
pegasus-kickstart,7544f45385d6e297,0.0
pegasus-kickstart,75735fa182106f4f,0.0
pegasus-kickstart,7596ab7a7ae0b48d,0.0
pegasus-kickstart,75a0f0004e32ac0c,0.0
pegasus-kickstart,75b9a4f26a1db6a5,0.0
pegasus-kickstart,75effad1ffb47b60,0.0
pegasus-kickstart,75f6956dc671c684,0.0
pegasus-kickstart,75faaa2fe2e87d96,0.0
pegasus-kickstart,760027b15ae78fb3,0.0
pegasus-kickstart,760099e4dc1c7fbb,0.0
pegasus-kickstart,7620402dc5328917,0.0
pegasus-kickstart,7621db462fccae98,0.0
pegasus-kickstart,76491eaffb67c5dd,0.0
pegasus-kickstart,7657428385d4bf2b,0.0
pegasus-kickstart,7658a95a56def5f7,0.0
pegasus-kickstart,765f941fd67a0070,0.0
pegasus-kickstart,7661e3649915f956,0.0
pegasus-kickstart,766a374a128786ff,0.0
pegasus-kickstart,7681034bbf1bc911,0.0
pegasus-kickstart,768b6a441ca5b650,0.0
pegasus-kickstart,76bcb01286c5d2d5,0.0
pegasus-kickstart,76cad78898a1b845,0.0
pegasus-kickstart,76cc8c5d699f3e09,0.0
pegasus-kickstart,76fd2687e3ec314b,0.0
pegasus-kickstart,76fd9e9baeac6a2a,0.0
pegasus-kickstart,770bd43d7203df9c,0.0
pegasus-kickstart,7725168c895a71c9,0.0
pegasus-kickstart,7742cb5c263469f9,0.0
pegasus-kickstart,7753c7c0cc9acae2,0.0
pegasus-kickstart,775ce1ac9ef2a93c,0.0
pegasus-kickstart,777f4a29d8f361af,0.0
pegasus-kickstart,777fc7e486a7dfa6,0.0
pegasus-kickstart,77962f1107392bc1,0.0
pegasus-kickstart,779961160a848046,0.0
pegasus-kickstart,77a1fb3e7d0ca09b,0.0
pegasus-kickstart,77b189107739f563,0.0
pegasus-kickstart,77bfb229fa87de4b,0.0
pegasus-kickstart,7809aac75c3f4225,0.0
pegasus-kickstart,781e6ce1844c392f,0.0
pegasus-kickstart,782ab08ae0c56784,0.0
pegasus-kickstart,7845e6ef6568d8d4,0.0
pegasus-kickstart,7846682cf63298b6,0.0
pegasus-kickstart,785777a540974056,0.0
pegasus-kickstart,785d95be7e4c5608,0.0
pegasus-kickstart,78632c6c9c5fd865,0.0
pegasus-kickstart,786bd915841a106f,0.0
pegasus-kickstart,7873cc4e2e5ed349,0.0
pegasus-kickstart,78bad4573240bfb3,0.0
pegasus-kickstart,78be502366c4d2f3,0.0
pegasus-kickstart,78f25586d6912dbc,0.0
pegasus-kickstart,78f6f0107300648b,0.0
pegasus-kickstart,78f7b035f5dcc83e,0.0
pegasus-kickstart,78fcc24c6aa70c93,0.0
pegasus-kickstart,7938a833d0f8f372,0.0
pegasus-kickstart,794d51e700625297,0.0
pegasus-kickstart,797c7ec22c0fd573,0.0
pegasus-kickstart,79817b9623af338f,0.0
pegasus-kickstart,7985b752112ba4ff,0.0
pegasus-kickstart,799fcdd5f02472ac,0.0
pegasus-kickstart,79a914cb57063496,0.0
pegasus-kickstart,79d0a4ddf59eb04b,0.0
pegasus-kickstart,79d4d895d42333f8,0.0
pegasus-kickstart,79dab3c7ae07724b,0.0
pegasus-kickstart,79e1265013f6572e,0.0
pegasus-kickstart,79e8d34f4c78d652,0.0
pegasus-kickstart,79f748f86867df69,0.0
pegasus-kickstart,7a081cd5c8fb487b,0.0
pegasus-kickstart,7a28b90f0904f064,0.0
pegasus-kickstart,7a28dca02ed0040f,0.0
pegasus-kickstart,7a32f9451633fc8a,0.0
pegasus-kickstart,7a911f92e8bc7371,0.0
pegasus-kickstart,7abc395faeced08a,0.0
pegasus-kickstart,7abc501049ae714c,0.0
pegasus-kickstart,7af3e70b9c7d3913,0.0
pegasus-kickstart,7af4a07c10510ebe,0.0
pegasus-kickstart,7b1146084bfa3eea,0.0
pegasus-kickstart,7b3657743a688e00,0.0
pegasus-kickstart,7b57ae4595acbede,0.0
pegasus-kickstart,7b583ec6ea5f3be9,0.0
pegasus-kickstart,7b858a22731f9ed9,0.0
pegasus-kickstart,7b866cddbd70d40d,0.0
pegasus-kickstart,7b89c570718520cd,0.0
pegasus-kickstart,7bb3eb792d381d50,0.0
pegasus-kickstart,7bbf3ab289fd865a,0.0
pegasus-kickstart,7bc90414da89dfed,0.0
pegasus-kickstart,7beb4dbcc9bc4374,0.0
pegasus-kickstart,7bf7c2880d054c24,0.0
pegasus-kickstart,7c0ed6b012a78d41,0.0
pegasus-kickstart,7c230b3d9074c4b3,0.0
pegasus-kickstart,7c36e24b00410648,0.0
pegasus-kickstart,7c46809af2cdaad0,0.0
pegasus-kickstart,7c470c2cf04853e7,0.0
pegasus-kickstart,7c57f44ed186553d,0.0
pegasus-kickstart,7c5db9f2d062915c,0.0
pegasus-kickstart,7c6e992cc82a4cf0,0.0
pegasus-kickstart,7c717ff0a6d969f5,0.0
pegasus-kickstart,7c8c75fdfc09d882,0.0
pegasus-kickstart,7c8fdc29126d5637,0.0
pegasus-kickstart,7cac664d6fbfd7da,0.0
pegasus-kickstart,7cad0cdfe2a21966,0.0
pegasus-kickstart,7ce2162a8ac3d364,0.0
pegasus-kickstart,7ce3487edb809ec5,0.0
pegasus-kickstart,7d00362744a986cf,0.0
pegasus-kickstart,7d0625e3a6f02d1c,0.0
pegasus-kickstart,7d112d0dddd1000f,0.0
pegasus-kickstart,7d76a2d632ef93f4,0.0
pegasus-kickstart,7d8bd440d11b7b9c,0.0
pegasus-kickstart,7d8ea25694fff77d,0.0
pegasus-kickstart,7da699906ab4b7ce,0.0
pegasus-kickstart,7db2f97b706fe946,0.0
pegasus-kickstart,7dbe4c1d33a01549,0.0
pegasus-kickstart,7dd5bd61ef5a4b86,0.0
pegasus-kickstart,7de34864a463f074,0.0
pegasus-kickstart,7e1b9de312182b39,0.0
pegasus-kickstart,7e33a77f6338cb99,0.0
pegasus-kickstart,7e49f7c281371c52,0.0
pegasus-kickstart,7e4e9433bd5ebbc6,0.0
pegasus-kickstart,7e5852210d28f403,0.0
pegasus-kickstart,7e61fd5ad3cb7505,0.0
pegasus-kickstart,7e69e20e0f024061,0.0
pegasus-kickstart,7e8ab12392f18b6f,0.0
pegasus-kickstart,7eb6c21d10437e6f,0.0
pegasus-kickstart,7ecf8f1ba5b8c67f,0.0
pegasus-kickstart,7edfebfbaa1e57d1,0.0
pegasus-kickstart,7ef694b6a733da99,0.0
pegasus-kickstart,7efb4b964c73e152,0.0
pegasus-kickstart,7f1c649b50335821,0.0
pegasus-kickstart,7f322beee7950147,0.0
pegasus-kickstart,7f3357a8e9ab3e88,0.0
pegasus-kickstart,7f3902077a59a2a5,0.0
pegasus-kickstart,7f3f47c591422202,0.0
pegasus-kickstart,7f5742610df9651c,0.0
pegasus-kickstart,7f5b6eaa77e189f7,0.0
pegasus-kickstart,7f5d6fc164a9c813,0.0
pegasus-kickstart,7f68dfd861b37cf3,0.0
pegasus-kickstart,7f7a65e95fea8639,0.0
pegasus-kickstart,7f87a72a89991086,0.0
pegasus-kickstart,7f8de745f199d8bd,0.0
pegasus-kickstart,7f9a8261eb857248,0.0
pegasus-kickstart,7fa9132f6f5e96ce,0.0
pegasus-kickstart,7fae72e2f4b4d46e,0.0
pegasus-kickstart,7fb4b9f8268646ac,0.0
pegasus-kickstart,7fbf98bec049c7d7,0.0
pegasus-kickstart,7ffa1600d83094c8,0.0
pegasus-kickstart,7ffea3cf31abfd6c,0.0
pegasus-kickstart,800a6cb02adfc011,0.0
pegasus-kickstart,802cfd61fa147493,0.0
pegasus-kickstart,8077f6eb0bb3e9b9,0.0
pegasus-kickstart,807a78a31a6e1b40,0.0
pegasus-kickstart,80a0d1b72b150308,0.0
pegasus-kickstart,80a79d1139357f08,0.0
pegasus-kickstart,80b5edfe05b539d4,0.0
pegasus-kickstart,80bf96582ee6ac9a,0.0
pegasus-kickstart,80ce926907a3d3e4,0.0
pegasus-kickstart,80d34a747d5a63d5,0.0
pegasus-kickstart,80d531c098a399dc,0.0
pegasus-kickstart,80dd075ff3e06028,0.0
pegasus-kickstart,80eb04710deda09a,0.0
pegasus-kickstart,80f46e4122490b28,0.0
pegasus-kickstart,817b837d89ff7273,0.0
pegasus-kickstart,819497b10e2b871e,0.0
pegasus-kickstart,8198b0467da38221,0.0
pegasus-kickstart,81998436df844311,0.0
pegasus-kickstart,819a05c47931fb74,0.0
pegasus-kickstart,81c0430facf946e5,0.0
pegasus-kickstart,81c1f7f06c6cb8ed,0.0
pegasus-kickstart,81d36323af371bf1,0.0
pegasus-kickstart,81f86fc4bde52760,0.0
pegasus-kickstart,822e3315f9a052f1,0.0
pegasus-kickstart,8250080f1f99351c,0.0
pegasus-kickstart,82526d998340a22f,0.0
pegasus-kickstart,825e1b7c4de9c652,0.0
pegasus-kickstart,8287394fedf60b00,0.0
pegasus-kickstart,82ae5fb3d77aef38,0.0
pegasus-kickstart,82c0a83dfe39e668,0.0
pegasus-kickstart,82d01c0452cd97be,0.0
pegasus-kickstart,82e2801f84726298,0.0
pegasus-kickstart,82eadcc172b077d5,0.0
pegasus-kickstart,82ebbf318a4fdb75,0.0
pegasus-kickstart,82ef1311d648e4e5,0.0
pegasus-kickstart,830952589679b78b,0.0
pegasus-kickstart,8327676c097bd4c3,0.0
pegasus-kickstart,8333d51e11368fbe,0.0
pegasus-kickstart,833602017b0c06e4,0.0
pegasus-kickstart,835580f7d9a89669,0.0
pegasus-kickstart,835800376868b3ef,0.0
pegasus-kickstart,83650c8ef6921c3c,0.0
pegasus-kickstart,83696014c8e16a2f,0.0
pegasus-kickstart,837a608a1e001503,0.0
pegasus-kickstart,8384b23b365d1c71,0.0
pegasus-kickstart,838fc99b9f4887f2,0.0
pegasus-kickstart,8399e3e759e6e144,0.0
pegasus-kickstart,83a054c89648206d,0.0
pegasus-kickstart,83aea4987dbc82c8,0.0
pegasus-kickstart,83bf9a08fba38bc5,0.0
pegasus-kickstart,83cf43b06b9bcd70,0.0
pegasus-kickstart,83d1d8c661191e43,0.0
pegasus-kickstart,83e71a9d265bd45d,0.0
pegasus-kickstart,841d40e845a7b15e,0.0
pegasus-kickstart,8447c728989efeaa,0.0
pegasus-kickstart,844e8ea621132f94,0.0
pegasus-kickstart,846e7dbf74476b39,0.0
pegasus-kickstart,84705b5d280ea292,0.0
pegasus-kickstart,849342d921f1cfdd,0.0
pegasus-kickstart,84a0cd0834a84fa4,0.0
pegasus-kickstart,84ad5bd780c637f0,0.0
pegasus-kickstart,84bde43f0ac22a68,0.0
pegasus-kickstart,84dfe83da7974c3b,0.0
pegasus-kickstart,84eac4fe23eec7af,0.0
pegasus-kickstart,85051f253fda4a37,0.0
pegasus-kickstart,85112ed846f114fa,0.0
pegasus-kickstart,851d6a2c1d655581,0.0
pegasus-kickstart,8520365a5c4a0232,0.0
pegasus-kickstart,85209d249ccab203,0.0
pegasus-kickstart,8522403f508887a8,0.0
pegasus-kickstart,853ef2631e3ae422,0.0
pegasus-kickstart,855edcaec4c48118,0.0
pegasus-kickstart,856421f28a2652c1,0.0
pegasus-kickstart,85828a66b842b472,0.0
pegasus-kickstart,85e16d9a292a13fa,0.0
pegasus-kickstart,85e88674d0afb3c8,0.0
pegasus-kickstart,85f0334a36778452,0.0
pegasus-kickstart,86118340dcf7d0a2,0.0
pegasus-kickstart,86264ff35567c028,0.0
pegasus-kickstart,864bb1d3a32b20b0,0.0
pegasus-kickstart,8654044483aa1e57,0.0
pegasus-kickstart,8677d2a917e62f15,0.0
pegasus-kickstart,868c0d528efc2476,0.0
pegasus-kickstart,8692bddc28d011d9,0.0
pegasus-kickstart,86aecbc0d0d1db82,0.0
pegasus-kickstart,86d2723247979f54,0.0
pegasus-kickstart,86d49b4ad73ccd8d,0.0
pegasus-kickstart,86f19dab67fe6623,0.0
pegasus-kickstart,8713aca516a424ed,0.0
pegasus-kickstart,873e5e161c30cd35,0.0
pegasus-kickstart,8751510d973ffee1,0.0
pegasus-kickstart,875b96582174a2d3,0.0
pegasus-kickstart,876528e73a3cbfe6,0.0
pegasus-kickstart,877437aaa416d000,0.0
pegasus-kickstart,8776cebeaa96da97,0.0
pegasus-kickstart,8790408db5bada22,0.0
pegasus-kickstart,87c599280f2015fd,0.0
pegasus-kickstart,87cfc367cd9759ff,0.0
pegasus-kickstart,87d01fce1ad2b884,0.0
pegasus-kickstart,87f7e9e96bdef6e4,0.0
pegasus-kickstart,88002548f671990c,0.0
pegasus-kickstart,8808ee4346ebaa37,0.0
pegasus-kickstart,880d83b2f7eb9257,0.0
pegasus-kickstart,882e9e63ce740175,0.0
pegasus-kickstart,882fa5244f4216cc,0.0
pegasus-kickstart,88320d65f08541e6,0.0
pegasus-kickstart,883450d214c0ce17,0.0
pegasus-kickstart,8839309c4c1bbc4e,0.0
pegasus-kickstart,88507198c4831aaf,0.0
pegasus-kickstart,8851edd996903474,0.0
pegasus-kickstart,8859bfcc1e82c879,0.0
pegasus-kickstart,8881f9d43542f80e,0.0
pegasus-kickstart,88940a2b7e7616ad,0.0
pegasus-kickstart,88a495df598f43d5,0.0
pegasus-kickstart,88b7f2a7b03450f9,0.0
pegasus-kickstart,88c4d6c6a72cf9ef,0.0
pegasus-kickstart,88ceb2068a3e2d3e,0.0
pegasus-kickstart,88d8da504c8c0d4e,0.0
pegasus-kickstart,88e77fb5622e466d,0.0
pegasus-kickstart,88f79b5c358ad37f,0.0
pegasus-kickstart,8920fd02af6cb80c,0.0
pegasus-kickstart,89315ff3c5979d17,0.0
pegasus-kickstart,893331938d1aad07,0.0
pegasus-kickstart,895180d24061b780,0.0
pegasus-kickstart,8951ecb815e6cc41,0.0
pegasus-kickstart,897570af7d41cc56,0.0
pegasus-kickstart,897a4a10ab6af6b3,0.0
pegasus-kickstart,89b71efd8f385309,0.0
pegasus-kickstart,89d477f3f7d2d883,0.0
pegasus-kickstart,8a3aaff6c4913274,0.0
pegasus-kickstart,8a3dea134ce65f4d,0.0
pegasus-kickstart,8a3e16c33db6aa75,0.0
pegasus-kickstart,8a4f8f34b6cc2db0,0.0
pegasus-kickstart,8a5d42729d9ed366,0.0
pegasus-kickstart,8a7bbe3f7821c35f,0.0
pegasus-kickstart,8a7be6929bbdfdc8,0.0
pegasus-kickstart,8a7dd70b1d77e0b5,0.0
pegasus-kickstart,8a855c9a303f6602,0.0
pegasus-kickstart,8aa21c8c849f3aff,0.0
pegasus-kickstart,8aaf4af2cad508d3,0.0
pegasus-kickstart,8b30f68f8cb6ba5b,0.0
pegasus-kickstart,8b3c62105a6a8961,0.0
pegasus-kickstart,8b3d615d11e2a43f,0.0
pegasus-kickstart,8b6790cfc7a16a26,0.0
pegasus-kickstart,8b67ee7fd7c976a3,0.0
pegasus-kickstart,8b68097d72a103f0,0.0
pegasus-kickstart,8b6ae4153b68d5bb,0.0
pegasus-kickstart,8ba365cfac793594,0.0
pegasus-kickstart,8ba84d389e96c94e,0.0
pegasus-kickstart,8bbf666041378cf8,0.0
pegasus-kickstart,8be213e39bce8570,0.0
pegasus-kickstart,8bed2ed9bf1d5193,0.0
pegasus-kickstart,8bf55bf02698cfec,0.0
pegasus-kickstart,8c06504a6eb49b0c,0.0
pegasus-kickstart,8c08398d2e0710a8,0.0
pegasus-kickstart,8c38e41dd42f4785,0.0
pegasus-kickstart,8c3f1abf69fb83b9,0.0
pegasus-kickstart,8c48fc1763077f5e,0.0
pegasus-kickstart,8c4e0dd287856148,0.0
pegasus-kickstart,8c55b3c83958d1b4,0.0
pegasus-kickstart,8c6b7bd81853d26b,0.0
pegasus-kickstart,8c916d69387280ee,0.0
pegasus-kickstart,8cc9bde29e08c6e7,0.0
pegasus-kickstart,8ced3e9ec3f24033,0.0
pegasus-kickstart,8d07282a43c25331,0.0
pegasus-kickstart,8d0e3b086ed6d21d,0.0
pegasus-kickstart,8d218bf39287f687,0.0
pegasus-kickstart,8d37565aa6b5e090,0.0
pegasus-kickstart,8d489c60cd1d3ffe,0.0
pegasus-kickstart,8d4e1f4491ec3d9c,0.0
pegasus-kickstart,8d6299a5af50b158,0.0
pegasus-kickstart,8da60d53654ef13e,0.0
pegasus-kickstart,8dab162170313aa9,0.0
pegasus-kickstart,8db802477c568502,0.0
pegasus-kickstart,8dd035a23f20f196,0.0
pegasus-kickstart,8dd218c945d319a5,0.0
pegasus-kickstart,8dee191ef411d9c5,0.0
pegasus-kickstart,8df19eae31b57a59,0.0
pegasus-kickstart,8e1799a9b3e03180,0.0
pegasus-kickstart,8e281072d30e8ca7,0.0
pegasus-kickstart,8e3113e4ff54caf8,0.0
pegasus-kickstart,8e312c07b1b83819,0.0
pegasus-kickstart,8e7053c58d1b709d,0.0
pegasus-kickstart,8e79ef3487484ede,0.0
pegasus-kickstart,8e7a8d4c2448692a,0.0
pegasus-kickstart,8e7bc27185fbc445,0.0
pegasus-kickstart,8e7f5ae7478bb49b,0.0
pegasus-kickstart,8ea224152780354d,0.0
pegasus-kickstart,8ebcfb0784ab1717,0.0
pegasus-kickstart,8ed34733a749e670,0.0
pegasus-kickstart,8eea6230dd79cebf,0.0
pegasus-kickstart,8ef18fdb7a78c0b5,0.0
pegasus-kickstart,8f16159e90b4a275,0.0
pegasus-kickstart,8f228f73fcc3307d,0.0
pegasus-kickstart,8f2d2039111bb110,0.0
pegasus-kickstart,8f302e91e4172734,0.0
pegasus-kickstart,8f485dd98ce681d0,0.0
pegasus-kickstart,8f4896d53a09cc56,0.0
pegasus-kickstart,8f495b98ff1f802b,0.0
pegasus-kickstart,8f60f62c2adfe73c,0.0
pegasus-kickstart,8f6774e7d5390f48,0.0
pegasus-kickstart,8f6964322809a5b6,0.0
pegasus-kickstart,8faec8e1b490aec9,0.0
pegasus-kickstart,8fceffa9a2250cb0,0.0
pegasus-kickstart,8fd20af90baf9b54,0.0
pegasus-kickstart,8ff0d53e70b6bd0d,0.0
pegasus-kickstart,9002e6519a86d69a,0.0
pegasus-kickstart,900b49b036feed33,0.0
pegasus-kickstart,902df20c3f57190b,0.0
pegasus-kickstart,903a084c4155dc4c,0.0
pegasus-kickstart,908ef95c1cf59185,0.0
pegasus-kickstart,909f379e8e075815,0.0
pegasus-kickstart,90a47d021cc66e81,0.0
pegasus-kickstart,9124f081ae01ed76,0.0
pegasus-kickstart,913da594d3d4bdf6,0.0
pegasus-kickstart,913db9efa81c682d,0.0
pegasus-kickstart,915a8552243e9929,0.0
pegasus-kickstart,9167bf1037469f53,0.0
pegasus-kickstart,919131a303da29e5,0.0
pegasus-kickstart,91b0beecb39f0d06,0.0
pegasus-kickstart,91c663161bbd208c,0.0
pegasus-kickstart,91cfbb7ee293961d,0.0
pegasus-kickstart,91d7408f6d36c425,0.0
pegasus-kickstart,91dbc5aaa04a7b27,0.0
pegasus-kickstart,91e49cc0fb3f4aca,0.0
pegasus-kickstart,91ebd58274d04bdd,0.0
pegasus-kickstart,91f0e65bded4c1d2,0.0
pegasus-kickstart,91f938a8a4ea0bfc,0.0
pegasus-kickstart,9215b2f104baede5,0.0
pegasus-kickstart,92172f797f278f0b,0.0
pegasus-kickstart,921c7a2ce10dda55,0.0
pegasus-kickstart,9235e7c98d544233,0.0
pegasus-kickstart,923d6f4d8eaa7d38,0.0
pegasus-kickstart,924e01bc385bab2d,0.0
pegasus-kickstart,926d97f4dd26977a,0.0
pegasus-kickstart,928e466ab6cdb667,0.0
pegasus-kickstart,92a8787217d00bbf,0.0
pegasus-kickstart,92b01935284f80ae,0.0
pegasus-kickstart,92be64b8d295045b,0.0
pegasus-kickstart,92cb4ee2d503a419,0.0
pegasus-kickstart,92cf170065b61b47,0.0
pegasus-kickstart,92e71c881eaa2c14,0.0
pegasus-kickstart,92fe3d41e25e0447,0.0
pegasus-kickstart,93058bf42e58d6aa,0.0
pegasus-kickstart,930d37595736bbcf,0.0
pegasus-kickstart,931276be60893b4d,0.0
pegasus-kickstart,9347907e59a3c1a5,0.0
pegasus-kickstart,93664c330f89db06,0.0
pegasus-kickstart,9386d34196b2a6cf,0.0
pegasus-kickstart,93a30abf828970b7,0.0
pegasus-kickstart,93d25d87c8c8a66b,0.0
pegasus-kickstart,93d3662def412462,0.0
pegasus-kickstart,93e22732f77d6698,0.0
pegasus-kickstart,93f7c39bb102d812,0.0
pegasus-kickstart,941b5c8f55bb8895,0.0
pegasus-kickstart,942180176b4a18cf,0.0
pegasus-kickstart,942e3ee2d66ac56c,0.0
pegasus-kickstart,94342e2616979eb7,0.0
pegasus-kickstart,94368f46142b41ae,0.0
pegasus-kickstart,943deab6b577ebac,0.0
pegasus-kickstart,943fa4244f08a56e,0.0
pegasus-kickstart,94a5920bc539e38f,0.0
pegasus-kickstart,94a8980001ceac94,0.0
pegasus-kickstart,94baf6a12a66d6e8,0.0
pegasus-kickstart,94d0e9026d88b8ed,0.0
pegasus-kickstart,952178a686e1e008,0.0
pegasus-kickstart,9521d59cae609fe7,0.0
pegasus-kickstart,9536638549429f32,0.0
pegasus-kickstart,953b8d0bfef65e3c,0.0
pegasus-kickstart,95433b85fbc35c85,0.0
pegasus-kickstart,9544d3f2f67b6f10,0.0
pegasus-kickstart,954c570fc4e6e119,0.0
pegasus-kickstart,957614fa347adcca,0.0
pegasus-kickstart,9594f2767fdf1cf8,0.0
pegasus-kickstart,95aadb3bc5a6eeea,0.0
pegasus-kickstart,95bee1c23d26f372,0.0
pegasus-kickstart,95bfe5e8cd7d6773,0.0
pegasus-kickstart,95f1de8bd47b0685,0.0
pegasus-kickstart,9613f30069ef85f3,0.0
pegasus-kickstart,961c6cf54ee2e31d,0.0
pegasus-kickstart,961f4575dd6bf10b,0.0
pegasus-kickstart,9636a6b52ec41f38,0.0
pegasus-kickstart,9639ffbd69eb9723,0.0
pegasus-kickstart,963d2d4db9137355,0.0
pegasus-kickstart,963f0821d3aeccd1,0.0
pegasus-kickstart,96435288ff34af61,0.0
pegasus-kickstart,96517df5a9a230da,0.0
pegasus-kickstart,966d08405fafcb8a,0.0
pegasus-kickstart,9672110688a392c1,0.0
pegasus-kickstart,968cafb570c5a5e6,0.0
pegasus-kickstart,96a7a012f30b80e3,0.0
pegasus-kickstart,96bd3401405eca31,0.0
pegasus-kickstart,96dc325ca621e9d7,0.0
pegasus-kickstart,96ec64d38c5c6a36,0.0
pegasus-kickstart,97024978fcc15bc3,0.0
pegasus-kickstart,9718a99e45e76dbf,0.0
pegasus-kickstart,973235bc588f868f,0.0
pegasus-kickstart,97387ddee61d1cb5,0.0
pegasus-kickstart,9740f1ad7256669a,0.0
pegasus-kickstart,9750435ece30f97a,0.0
pegasus-kickstart,975cc0808ae59e91,0.0
pegasus-kickstart,97713de896ea778f,0.0
pegasus-kickstart,97826cc8e6dbd10c,0.0
pegasus-kickstart,9794e407c2a4aac3,0.0
pegasus-kickstart,97a4828f45604b33,0.0
pegasus-kickstart,97b716172383aa1a,0.0
pegasus-kickstart,97c3e5ec37dbe173,0.0
pegasus-kickstart,97c5ef416bf025b9,0.0
pegasus-kickstart,97cd441c7f4d69b6,0.0
pegasus-kickstart,97d3d17121588c20,0.0
pegasus-kickstart,97d591430e2ef7b9,0.0
pegasus-kickstart,97ef28719aac08cc,0.0
pegasus-kickstart,984b32e7c770570d,0.0
pegasus-kickstart,986d44ea96d18285,0.0
pegasus-kickstart,98918511be0eced9,0.0
pegasus-kickstart,9894a6f7ce68fe4c,0.0
pegasus-kickstart,9896441d910380a2,0.0
pegasus-kickstart,98a20942eb4c5acd,0.0
pegasus-kickstart,98a6c2f47e84bb48,0.0
pegasus-kickstart,98bdd9cd0f94c995,0.0
pegasus-kickstart,98c79ae6bba33a40,0.0
pegasus-kickstart,98d614294803c6cb,0.0
pegasus-kickstart,98d9b65270d0beed,0.0
pegasus-kickstart,98e02f1bf98b851b,0.0
pegasus-kickstart,98e1b8d3ace021f9,0.0
pegasus-kickstart,98ed0c4647452b31,0.0
pegasus-kickstart,98ef55f055ceacc0,0.0
pegasus-kickstart,98fffb0581e0c423,0.0
pegasus-kickstart,990d9fffa4b0ade2,0.0
pegasus-kickstart,990e059aa46eef28,0.0
pegasus-kickstart,991a7b76b92074c8,0.0
pegasus-kickstart,9933ab446e276b42,0.0
pegasus-kickstart,9941ddf7c736acbd,0.0
pegasus-kickstart,9943140218ff5654,0.0
pegasus-kickstart,99485aa91d818ca4,0.0
pegasus-kickstart,994a880214dddde3,0.0
pegasus-kickstart,99894e6720299e55,0.0
pegasus-kickstart,998c2ba95b274ccc,0.0
pegasus-kickstart,99989ee3b7292274,0.0
pegasus-kickstart,9998f69da25dd82f,0.0
pegasus-kickstart,99a1542f1c198512,0.0
pegasus-kickstart,99a838d1d3547e4a,0.0
pegasus-kickstart,99bb8a969f5f28cf,0.0
pegasus-kickstart,99e2fb595e290f47,0.0
pegasus-kickstart,99f2bc70aad39deb,0.0
pegasus-kickstart,99f81b13ed196c2f,0.0
pegasus-kickstart,9a03170c5d0e3864,0.0
pegasus-kickstart,9a0580ff99c427a0,0.0
pegasus-kickstart,9a0a778e89a69fd6,0.0
pegasus-kickstart,9a101780d8ef9207,0.0
pegasus-kickstart,9a3afd408073e795,0.0
pegasus-kickstart,9a41380ca18c2a58,0.0
pegasus-kickstart,9a6cb19ffb81901e,0.0
pegasus-kickstart,9a73517ba641a0ae,0.0
pegasus-kickstart,9a7ebb15dd9777b9,0.0
pegasus-kickstart,9a86546143530289,0.0
pegasus-kickstart,9aa680b7db5b9ae9,0.0
pegasus-kickstart,9aade5ee08c76221,0.0
pegasus-kickstart,9ab1cbcc4ab04258,0.0
pegasus-kickstart,9ab222db173f1332,0.0
pegasus-kickstart,9ab286483967ffd6,0.0
pegasus-kickstart,9abcf095f30fade5,0.0
pegasus-kickstart,9ac2b17963286545,0.0
pegasus-kickstart,9ac452abfbf1449d,0.0
pegasus-kickstart,9ae38c2cdafb4b16,0.0
pegasus-kickstart,9afa2a6f2e607cd0,0.0
pegasus-kickstart,9afb45d4ba6b6c35,0.0
pegasus-kickstart,9b0e1b310e66b378,0.0
pegasus-kickstart,9b1562b02a232e5d,0.0
pegasus-kickstart,9b2b6f6e55330a9d,0.0
pegasus-kickstart,9b526dcb88097d22,0.0
pegasus-kickstart,9b5eef857ca26fbf,0.0
pegasus-kickstart,9b61cbe361fb750d,0.0
pegasus-kickstart,9b744cb2ba2d17cc,0.0
pegasus-kickstart,9b7850c9f328ec63,0.0
pegasus-kickstart,9b8024f8a95590a6,0.0
pegasus-kickstart,9b8b2ebc3bed345c,0.0
pegasus-kickstart,9b945fdcd4f2ce4a,0.0
pegasus-kickstart,9b962744f2c12a66,0.0
pegasus-kickstart,9b9d65ebe0d40034,0.0
pegasus-kickstart,9bb29174c026f789,0.0
pegasus-kickstart,9bd9cff53507a31f,0.0
pegasus-kickstart,9beee650202f3676,0.0
pegasus-kickstart,9c01907e01fce8d1,0.0
pegasus-kickstart,9c18e3209e298ebc,0.0
pegasus-kickstart,9c4eea77301982d5,0.0
pegasus-kickstart,9c5374891ee10372,0.0
pegasus-kickstart,9c70976959e9f11a,0.0
pegasus-kickstart,9c7d5b5b585b9df6,0.0
pegasus-kickstart,9c81c15c637cff0e,0.0
pegasus-kickstart,9c9db0c98b523cfe,0.0
pegasus-kickstart,9cbd8b10c66d7518,0.0
pegasus-kickstart,9cc5014194906728,0.0
pegasus-kickstart,9cde3d5e1b155f26,0.0
pegasus-kickstart,9ce6b578ea914275,0.0
pegasus-kickstart,9cf2d76427ac4ca8,0.0
pegasus-kickstart,9cf80b754b14031a,0.0
pegasus-kickstart,9cff3e5973023a4e,0.0
pegasus-kickstart,9d24c5450d300d18,0.0
pegasus-kickstart,9d5423b929b4fddc,0.0
pegasus-kickstart,9d6c9e7bb7452999,0.0
pegasus-kickstart,9d74245ccecf3fd8,0.0
pegasus-kickstart,9d82840ff8ce613d,0.0
pegasus-kickstart,9d84eb52207fe66e,0.0
pegasus-kickstart,9d9a8a92d65272c9,0.0
pegasus-kickstart,9d9f1f2b82878d53,0.0
pegasus-kickstart,9dc256a7737512f6,0.0
pegasus-kickstart,9dcee0a5b3d915ca,0.0
pegasus-kickstart,9df44068cd141a2c,0.0
pegasus-kickstart,9e01ff664e60808f,0.0
pegasus-kickstart,9e053bb2f0794197,0.0
pegasus-kickstart,9e081eecf1223e45,0.0
pegasus-kickstart,9e0ef8767143d1be,0.0
pegasus-kickstart,9e23df6a7227e5f4,0.0
pegasus-kickstart,9e305fbb9fdfc342,0.0
pegasus-kickstart,9e5aaa08830bfb49,0.0
pegasus-kickstart,9e68b1fb3e0c292d,0.0
pegasus-kickstart,9e908718632507e9,0.0
pegasus-kickstart,9ec274a6701e65b6,0.0
pegasus-kickstart,9eeddb05ef719ebb,0.0
pegasus-kickstart,9ef3a7bc77b511fd,0.0
pegasus-kickstart,9eff11ada6c144ec,0.0
pegasus-kickstart,9f0d50dc2308af2f,0.0
pegasus-kickstart,9f11387dd2eb3e18,0.0
pegasus-kickstart,9f1f8f06841cadc5,0.0
pegasus-kickstart,9f2aa094ca4fb393,0.0
pegasus-kickstart,9f3bda7e3455d6a8,0.0
pegasus-kickstart,9f3d9ad1c4290c16,0.0
pegasus-kickstart,9f4245f1a85897d7,0.0
pegasus-kickstart,9f542b672e7be384,0.0
pegasus-kickstart,9f58a8d49d61fc5b,0.0
pegasus-kickstart,9f61cf74e4095354,0.0
pegasus-kickstart,9f695efc27312605,0.0
pegasus-kickstart,9f709a37dd49d641,0.0
pegasus-kickstart,9f87f13f1ada1621,0.0
pegasus-kickstart,9f99de2150f2d9d3,0.0
pegasus-kickstart,a013f3a8228a22e3,0.0
pegasus-kickstart,a017658437ab0611,0.0
pegasus-kickstart,a018bae5befd8a82,0.0
pegasus-kickstart,a027f1e35750d0c4,0.0
pegasus-kickstart,a029892ffe83db48,0.0
pegasus-kickstart,a029d31941a8dc10,0.0
pegasus-kickstart,a02e452f50e15446,0.0
pegasus-kickstart,a04bfd75dc12364a,0.0
pegasus-kickstart,a0768ff51b0d8574,0.0
pegasus-kickstart,a08a9e96db6bd3d1,0.0
pegasus-kickstart,a0c2ebccd390d79a,0.0
pegasus-kickstart,a0f14a54b27169c4,0.0
pegasus-kickstart,a12a857f38c4b98b,0.0
pegasus-kickstart,a16f91f2867f3f9c,0.0
pegasus-kickstart,a180fae4113cd8f6,0.0
pegasus-kickstart,a1829404b308b684,0.0
pegasus-kickstart,a188924f2cbfd917,0.0
pegasus-kickstart,a1cde1e1151675b6,0.0
pegasus-kickstart,a1d75e4ad6b39cb6,0.0
pegasus-kickstart,a1da4f9f7e2aca37,0.0
pegasus-kickstart,a1f0536df0342f4f,0.0
pegasus-kickstart,a1f143efa2866694,0.0
pegasus-kickstart,a1f1a4b940173deb,0.0
pegasus-kickstart,a203750353d81aff,0.0
pegasus-kickstart,a225d08d2d62d006,0.0
pegasus-kickstart,a232aecc143fcfc2,0.0
pegasus-kickstart,a2337780ad6d5a32,0.0
pegasus-kickstart,a265c8b1217cbace,0.0
pegasus-kickstart,a268fe26a008c9d7,0.0
pegasus-kickstart,a271372cb0a79138,0.0
pegasus-kickstart,a284d9f31989a183,0.0
pegasus-kickstart,a29c20f148f573aa,0.0
pegasus-kickstart,a2ab78b78d5e670d,0.0
pegasus-kickstart,a2ae8d3d3b87f550,0.0
pegasus-kickstart,a2c1eb3ef72f22f0,0.0
pegasus-kickstart,a2d2eb34ce456bf1,0.0
pegasus-kickstart,a2d897e64fab925d,0.0
pegasus-kickstart,a2e638d8683440fe,0.0
pegasus-kickstart,a2f868c7cf3770d6,0.0
pegasus-kickstart,a2fd4d214bf7b4ab,0.0
pegasus-kickstart,a2fde64d5b91f5d4,0.0
pegasus-kickstart,a311f0c1f613a766,0.0
pegasus-kickstart,a32c7b56c33088c6,0.0
pegasus-kickstart,a342bcb17bdc54af,0.0
pegasus-kickstart,a344a6d01cbf7686,0.0
pegasus-kickstart,a365dd6737c06a5f,0.0
pegasus-kickstart,a3797aa2636632a3,0.0
pegasus-kickstart,a3940ca6b366736b,0.0
pegasus-kickstart,a3a844460848b3af,0.0
pegasus-kickstart,a3b94fcef32b3e8c,0.0
pegasus-kickstart,a3bd8bf1246fa145,0.0
pegasus-kickstart,a3ca0daaa1b8061d,0.0
pegasus-kickstart,a3ce3262126e9ee6,0.0
pegasus-kickstart,a404a73efe8a8152,0.0
pegasus-kickstart,a405f2bca2ef7491,0.0
pegasus-kickstart,a4079ed2c15cdb61,0.0
pegasus-kickstart,a4206a54ebe9a743,0.0
pegasus-kickstart,a421ac347f84a35d,0.0
pegasus-kickstart,a423efd603094b8c,0.0
pegasus-kickstart,a42e679a134cc022,0.0
pegasus-kickstart,a4391b199e6dc40f,0.0
pegasus-kickstart,a43fe8755b208b18,0.0
pegasus-kickstart,a44d9675a8f16507,0.0
pegasus-kickstart,a451fe146c137f6a,0.0
pegasus-kickstart,a47b16a7e497e647,0.0
pegasus-kickstart,a49c4e0ea5e277bc,0.0
pegasus-kickstart,a4b007e698361707,0.0
pegasus-kickstart,a4b060849c8948e6,0.0
pegasus-kickstart,a4b319787988a3e6,0.0
pegasus-kickstart,a4e6f45cfead7577,0.0
pegasus-kickstart,a4e9b46cac3f5027,0.0
pegasus-kickstart,a50f6b2c69bf9eae,0.0
pegasus-kickstart,a524c855664ad7c5,0.0
pegasus-kickstart,a52dead7f5751937,0.0
pegasus-kickstart,a5393a9b2546adfb,0.0
pegasus-kickstart,a53cdfe179a97a03,0.0
pegasus-kickstart,a558ca6f720f0cb2,0.0
pegasus-kickstart,a57620aba6b40343,0.0
pegasus-kickstart,a576eeeafe440d74,0.0
pegasus-kickstart,a578742eab2946b0,0.0
pegasus-kickstart,a5906c7623ec12a2,0.0
pegasus-kickstart,a5d295f5c9ed2062,0.0
pegasus-kickstart,a5dc68dfb20bf5c6,0.0
pegasus-kickstart,a5e2431d6dd07df0,0.0
pegasus-kickstart,a5eff1df080676d1,0.0
pegasus-kickstart,a628a712391abfa7,0.0
pegasus-kickstart,a639b5fe479d8bba,0.0
pegasus-kickstart,a64e9e822dd61896,0.0
pegasus-kickstart,a662acee02c65633,0.0
pegasus-kickstart,a68e36ab7cc5cf85,0.0
pegasus-kickstart,a69d5e129cc38e1a,0.0
pegasus-kickstart,a69dab239059ad22,0.0
pegasus-kickstart,a6a7d4d6327421aa,0.0
pegasus-kickstart,a6b21952776a4315,0.0
pegasus-kickstart,a6cfca3cfa13b52f,0.0
pegasus-kickstart,a6f4da5387261506,0.0
pegasus-kickstart,a6ff5ae55e2ca4d5,0.0
pegasus-kickstart,a716507039566dd9,0.0
pegasus-kickstart,a753c9551f274318,0.0
pegasus-kickstart,a7594ac23cf72dbf,0.0
pegasus-kickstart,a7653a6dd214334e,0.0
pegasus-kickstart,a793659b068064d2,0.0
pegasus-kickstart,a7a5f2f744a63e59,0.0
pegasus-kickstart,a7acba2fbde3e692,0.0
pegasus-kickstart,a7b779651fcec696,0.0
pegasus-kickstart,a7ca5fe4d8bdd5a4,0.0
pegasus-kickstart,a7d603e1bc04c843,0.0
pegasus-kickstart,a7ddc8f1d64d791c,0.0
pegasus-kickstart,a7de46ff4005c438,0.0
pegasus-kickstart,a80a9e219f83969f,0.0
pegasus-kickstart,a80ea160baa9376d,0.0
pegasus-kickstart,a815c5abc066c2e0,0.0
pegasus-kickstart,a828b3f08487ba8a,0.0
pegasus-kickstart,a84dbd233f18c400,0.0
pegasus-kickstart,a8629041deaf4b3a,0.0
pegasus-kickstart,a876a20ba3cc6e04,0.0
pegasus-kickstart,a87a020c30fd936f,0.0
pegasus-kickstart,a88d878ab31e9de3,0.0
pegasus-kickstart,a8a88f6ad70fc376,0.0
pegasus-kickstart,a8db659c7e7faf92,0.0
pegasus-kickstart,a8dd8dc96fdb1445,0.0
pegasus-kickstart,a8f66f8684bf269f,0.0
pegasus-kickstart,a8fbb5e3c5400c9b,0.0
pegasus-kickstart,a8feeef49f6dec22,0.0
pegasus-kickstart,a90619f131a9c8be,0.0
pegasus-kickstart,a90d0f25bd096239,0.0
pegasus-kickstart,a90ddbeb09d50e1a,0.0
pegasus-kickstart,a91e205c3a2e8a2b,0.0
pegasus-kickstart,a91f08490b8dfd99,0.0
pegasus-kickstart,a93a20974a3fcd4c,0.0
pegasus-kickstart,a9464aa381cf7fd7,0.0
pegasus-kickstart,a9469023563d8a4c,0.0
pegasus-kickstart,a95d048b782853de,0.0
pegasus-kickstart,a9627f7c6d091287,0.0
pegasus-kickstart,a976e56a60eca8c3,0.0
pegasus-kickstart,a97e1e558c30d7fa,0.0
pegasus-kickstart,a9ab2f21682329ed,0.0
pegasus-kickstart,a9b5c2c930b5a262,0.0
pegasus-kickstart,a9bd40d6f8f14ef1,0.0
pegasus-kickstart,a9c893018a46ce65,0.0
pegasus-kickstart,a9ca75285e3461e1,0.0
pegasus-kickstart,a9ef879b278ce02b,0.0
pegasus-kickstart,aa0f4e5c6a8e8303,0.0
pegasus-kickstart,aa14c03ed13662b5,0.0
pegasus-kickstart,aa2d501b1743e647,0.0
pegasus-kickstart,aa389e3d38827549,0.0
pegasus-kickstart,aa4776a0589d5739,0.0
pegasus-kickstart,aa507774da34c40c,0.0
pegasus-kickstart,aa9f4e051d7a68c6,0.0
pegasus-kickstart,aabdddea2250ead1,0.0
pegasus-kickstart,aac0de8f1f0d0113,0.0
pegasus-kickstart,aac3e14d50693f8c,0.0
pegasus-kickstart,aac5cae6e90fa3c6,0.0
pegasus-kickstart,aacd00565e6ae235,0.0
pegasus-kickstart,aae31b482497eb81,0.0
pegasus-kickstart,aaee65b461cf345c,0.0
pegasus-kickstart,aaeec5da5d52ba69,0.0
pegasus-kickstart,ab1060395571d1f0,0.0
pegasus-kickstart,ab1a31c0559a68e1,0.0
pegasus-kickstart,ab279ec5211c464d,0.0
pegasus-kickstart,ab33f332fdaba6e4,0.0
pegasus-kickstart,ab40954bfd1fd092,0.0
pegasus-kickstart,ab6832b2864ef509,0.0
pegasus-kickstart,ab6a505670306d27,0.0
pegasus-kickstart,ab76c98b77d944e6,0.0
pegasus-kickstart,ab7ed5ba28142904,0.0
pegasus-kickstart,ab92399ea5ee626b,0.0
pegasus-kickstart,aba2301ca3b83a00,0.0
pegasus-kickstart,abb626f68d3212e9,0.0
pegasus-kickstart,ac0a51934c495c69,0.0
pegasus-kickstart,ac418cab62c75057,0.0
pegasus-kickstart,ac457d3d1717a44f,0.0
pegasus-kickstart,ac491c77c2cbd573,0.0
pegasus-kickstart,ac496e8f3cf1c0d1,0.0
pegasus-kickstart,ac66842899aa5019,0.0
pegasus-kickstart,ac6d239cec308893,0.0
pegasus-kickstart,ac8ff201beb94062,0.0
pegasus-kickstart,ac9710e76c918b04,0.0
pegasus-kickstart,aca0001ac5e9107e,0.0
pegasus-kickstart,aca2075483500b8f,0.0
pegasus-kickstart,aca2b62cea80b118,0.0
pegasus-kickstart,acb5690d5c9fba04,0.0
pegasus-kickstart,acc02756057f76a0,0.0
pegasus-kickstart,acd27c579ba08682,0.0
pegasus-kickstart,ad1eb716e4ae06aa,0.0
pegasus-kickstart,ad36f825a84869ca,0.0
pegasus-kickstart,ad91030c86c48fd4,0.0
pegasus-kickstart,ad9a578ad42c9c08,0.0
pegasus-kickstart,adce25efc0cfff07,0.0
pegasus-kickstart,adea79f62c13cda6,0.0
pegasus-kickstart,ae0a16763031d358,0.0
pegasus-kickstart,ae0c6be28d0a9ef8,0.0
pegasus-kickstart,ae0cd21d932ccb69,0.0
pegasus-kickstart,ae1462d82e50d74f,0.0
pegasus-kickstart,ae2e0e9150041a80,0.0
pegasus-kickstart,ae5e8729501553ce,0.0
pegasus-kickstart,ae61ecdd025d581a,0.0
pegasus-kickstart,ae8b26164e63e72d,0.0
pegasus-kickstart,ae8e80fc503c53d6,0.0
pegasus-kickstart,ae99a71f55b4ca6e,0.0
pegasus-kickstart,aea54f821ce0ee06,0.0
pegasus-kickstart,aeb09f39fc0a9d8c,0.0
pegasus-kickstart,aeb54a4ad4782ff0,0.0
pegasus-kickstart,aed6d3993267ebe4,0.0
pegasus-kickstart,aedcde6bf7f6ca57,0.0
pegasus-kickstart,aeec18868244186e,0.0
pegasus-kickstart,af01a874ed65f561,0.0
pegasus-kickstart,af21bae4f25f31cb,0.0
pegasus-kickstart,af3190b1ac845f51,0.0
pegasus-kickstart,af469c9c39d9fcd7,0.0
pegasus-kickstart,af4b8289d5f45bc7,0.0
pegasus-kickstart,af54c1da25d13035,0.0
pegasus-kickstart,af5ca6d84adb4592,0.0
pegasus-kickstart,af6c5fce442bdc0b,0.0
pegasus-kickstart,af819760ddce84c9,0.0
pegasus-kickstart,af90c800a3568c5c,0.0
pegasus-kickstart,af9c00c90853e46c,0.0
pegasus-kickstart,afb1eda5149f6c74,0.0
pegasus-kickstart,afd22381258fcb8e,0.0
pegasus-kickstart,afd8cc714704355a,0.0
pegasus-kickstart,afdacb26e5ed782a,0.0
pegasus-kickstart,afde587d963e9797,0.0
pegasus-kickstart,afe2e63a5705c42f,0.0
pegasus-kickstart,afefe98069e4fe43,0.0
pegasus-kickstart,aff8442e004bafa8,0.0
pegasus-kickstart,b00acb4038bc3184,0.0
pegasus-kickstart,b011f71ad65d72b3,0.0
pegasus-kickstart,b014fc4be437e46a,0.0
pegasus-kickstart,b01ffef77fb5cbc4,0.0
pegasus-kickstart,b02e7b88599449e4,0.0
pegasus-kickstart,b0349c03583b9707,0.0
pegasus-kickstart,b037e3648e19c455,0.0
pegasus-kickstart,b0616cfca48c6808,0.0
pegasus-kickstart,b06822def458c86a,0.0
pegasus-kickstart,b089816e76da9594,0.0
pegasus-kickstart,b08ede45fd1e14b0,0.0
pegasus-kickstart,b0985fe44320ad9d,0.0
pegasus-kickstart,b0cc5c38097e093d,0.0
pegasus-kickstart,b0e1b99d0886a6bb,0.0
pegasus-kickstart,b10bb7cec41e8a07,0.0
pegasus-kickstart,b10eae06f01ba51e,0.0
pegasus-kickstart,b115707dce58b887,0.0
pegasus-kickstart,b13b3656b0274d08,0.0
pegasus-kickstart,b14378a638b4c414,0.0
pegasus-kickstart,b148033aab83a09c,0.0
pegasus-kickstart,b16772ea4add1bb9,0.0
pegasus-kickstart,b173d74c67ff820d,0.0
pegasus-kickstart,b179d701eb005c4c,0.0
pegasus-kickstart,b19170492ad2ab15,0.0
pegasus-kickstart,b19bbede1f1adf1f,0.0
pegasus-kickstart,b1a75b162c696550,0.0
pegasus-kickstart,b1b54e4f97ffdd0a,0.0
pegasus-kickstart,b1be368521af9040,0.0
pegasus-kickstart,b1befbecd0198c57,0.0
pegasus-kickstart,b1d6ada6b911dbee,0.0
pegasus-kickstart,b1efe571c659d1c9,0.0
pegasus-kickstart,b1f181fc5635963d,0.0
pegasus-kickstart,b20b52f2e447dacb,0.0
pegasus-kickstart,b21d16a1a2c8d539,0.0
pegasus-kickstart,b22883de7d642abf,0.0
pegasus-kickstart,b22fb5e6b02ddc6b,0.0
pegasus-kickstart,b242aef72f2d2335,0.0
pegasus-kickstart,b248502c9b71bc1a,0.0
pegasus-kickstart,b25f29ff3b3d2b6b,0.0
pegasus-kickstart,b297ff657a307be6,0.0
pegasus-kickstart,b29cc0af41478fa1,0.0
pegasus-kickstart,b2ac0e8f3e5d8e12,0.0
pegasus-kickstart,b2ffbfb6799d9ab1,0.0
pegasus-kickstart,b32753f0fbe869f7,0.0
pegasus-kickstart,b349e68d617afc9f,0.0
pegasus-kickstart,b361cd07da58a24d,0.0
pegasus-kickstart,b37abc940037e44a,0.0
pegasus-kickstart,b38cc44aecb2eacb,0.0
pegasus-kickstart,b3b370c4e287a290,0.0
pegasus-kickstart,b3d0aca5cd6ba60f,0.0
pegasus-kickstart,b3ddfeded64a2e70,0.0
pegasus-kickstart,b3e1bf9bdaf958d5,0.0
pegasus-kickstart,b3e8161bd9402425,0.0
pegasus-kickstart,b3f5881fb38d78f0,0.0
pegasus-kickstart,b3f5f69bea1e50d7,0.0
pegasus-kickstart,b3f67e737e1a0ebb,0.0
pegasus-kickstart,b425b309342d9994,0.0
pegasus-kickstart,b43171677697125f,0.0
pegasus-kickstart,b438cc098b92823d,0.0
pegasus-kickstart,b475a270828d2e17,0.0
pegasus-kickstart,b496de6fd16ca691,0.0
pegasus-kickstart,b4a5c9949363db3b,0.0
pegasus-kickstart,b4bfdf0ab5ead46a,0.0
pegasus-kickstart,b4c354ca487a7962,0.0
pegasus-kickstart,b4c40034db07ea38,0.0
pegasus-kickstart,b520118a0db09b4b,0.0
pegasus-kickstart,b521751b608f3d4b,0.0
pegasus-kickstart,b5290b3285bb6c47,0.0
pegasus-kickstart,b54509162137a883,0.0
pegasus-kickstart,b54efe9c278e7c40,0.0
pegasus-kickstart,b563637db4a36199,0.0
pegasus-kickstart,b5691df897b76fa4,0.0
pegasus-kickstart,b56b4be2b83352eb,0.0
pegasus-kickstart,b582597d8c4780da,0.0
pegasus-kickstart,b59d0b1c183a67a7,0.0
pegasus-kickstart,b5c4a47dc7c4eab3,0.0
pegasus-kickstart,b5ed33026caf1288,0.0
pegasus-kickstart,b5fbfb72e64bfdbe,0.0
pegasus-kickstart,b624b459cff81af9,0.0
pegasus-kickstart,b62dbc1638402328,0.0
pegasus-kickstart,b62ddaae11f00df1,0.0
pegasus-kickstart,b631189b3615be0b,0.0
pegasus-kickstart,b6316d6d262c634e,0.0
pegasus-kickstart,b632a3455529a931,0.0
pegasus-kickstart,b63c94cdb4380fef,0.0
pegasus-kickstart,b66510aa6eb42819,0.0
pegasus-kickstart,b6b5626af4f35352,0.0
pegasus-kickstart,b6b59681d9ba298d,0.0
pegasus-kickstart,b6be460c852b2980,0.0
pegasus-kickstart,b6cf069e7ff411bc,0.0
pegasus-kickstart,b6d938a3aa3d2532,0.0
pegasus-kickstart,b70c7622e81c3fe1,0.0
pegasus-kickstart,b70d29e92d557478,0.0
pegasus-kickstart,b7113daec33ffb28,0.0
pegasus-kickstart,b7138265751e78c3,0.0
pegasus-kickstart,b71d90c4a634c806,0.0
pegasus-kickstart,b727323edcbd583e,0.0
pegasus-kickstart,b7285c397962e08c,0.0
pegasus-kickstart,b72f33c3d914fef3,0.0
pegasus-kickstart,b7394f5eaa7cfc76,0.0
pegasus-kickstart,b73cd089ac84bedd,0.0
pegasus-kickstart,b73e7b369c61f2d4,0.0
pegasus-kickstart,b7542831e7002192,0.0
pegasus-kickstart,b75c92c0234c5cc3,0.0
pegasus-kickstart,b766bf4233f7def3,0.0
pegasus-kickstart,b7777fe8baa47239,0.0
pegasus-kickstart,b77c0810323b1047,0.0
pegasus-kickstart,b78b7a6cb1bbba56,0.0
pegasus-kickstart,b78d98124645a9b7,0.0
pegasus-kickstart,b79c0c92e5ac050a,0.0
pegasus-kickstart,b7a22c6b1bad3180,0.0
pegasus-kickstart,b7d3135ddb994f11,0.0
pegasus-kickstart,b7e5b1d509ee4225,0.0
pegasus-kickstart,b7eb42e67851b669,0.0
pegasus-kickstart,b8163511a3867dbc,0.0
pegasus-kickstart,b82c8d8a1e5ed81e,0.0
pegasus-kickstart,b836b00bef6fc55c,0.0
pegasus-kickstart,b842fae31ea78978,0.0
pegasus-kickstart,b848f50adfc5d456,0.0
pegasus-kickstart,b86828c573138ea7,0.0
pegasus-kickstart,b87c43da263c1526,0.0
pegasus-kickstart,b88c5e2a0f176ad5,0.0
pegasus-kickstart,b8da7c4024b52f66,0.0
pegasus-kickstart,b8e71886308f9861,0.0
pegasus-kickstart,b8f93c5338f9c1ce,0.0
pegasus-kickstart,b907acff7bd2999c,0.0
pegasus-kickstart,b925e0abe5eb94e7,0.0
pegasus-kickstart,b92fb816a0037d3e,0.0
pegasus-kickstart,b9390fac85070679,0.0
pegasus-kickstart,b93a4af5a7a0f289,0.0
pegasus-kickstart,b93b5c2a54289318,0.0
pegasus-kickstart,b94e4090f663a5af,0.0
pegasus-kickstart,b966097a1ca8ced4,0.0
pegasus-kickstart,b9760473b316cfd1,0.0
pegasus-kickstart,b97701bf4b95d6da,0.0
pegasus-kickstart,b988906157a29510,0.0
pegasus-kickstart,b98d17d78e94082d,0.0
pegasus-kickstart,b99cb76e4f004d96,0.0
pegasus-kickstart,b9a0e2513045f281,0.0
pegasus-kickstart,b9c2f649e73f4a75,0.0
pegasus-kickstart,b9c7f8ea0de8d180,0.0
pegasus-kickstart,b9e51b3449c6d475,0.0
pegasus-kickstart,b9f135d6c3250297,0.0
pegasus-kickstart,ba0255418737f0bf,0.0
pegasus-kickstart,ba18596f2079b4d8,0.0
pegasus-kickstart,ba1c4a8b1add8dae,0.0
pegasus-kickstart,baa49c5fbd37be0b,0.0
pegasus-kickstart,baa7852e05c4dfab,0.0
pegasus-kickstart,baad00522e01b524,0.0
pegasus-kickstart,bab29c9deef65275,0.0
pegasus-kickstart,bac10782e08fac65,0.0
pegasus-kickstart,bacb6bccd03ac429,0.0
pegasus-kickstart,bae18823f19c209c,0.0
pegasus-kickstart,bb04361b9d39c5d6,0.0
pegasus-kickstart,bb29018f878f3d7c,0.0
pegasus-kickstart,bb373dbc9768be9d,0.0
pegasus-kickstart,bb50c7767fdc8aeb,0.0
pegasus-kickstart,bb6470d27f5056be,0.0
pegasus-kickstart,bb851ed0f323c961,0.0
pegasus-kickstart,bb8912f53d3591b8,0.0
pegasus-kickstart,bb95055124c2edfe,0.0
pegasus-kickstart,bbae7099f22cd75c,0.0
pegasus-kickstart,bbdd48afc45bb9a1,0.0
pegasus-kickstart,bbf3c5e655a23e44,0.0
pegasus-kickstart,bc01b3acf8ab4312,0.0
pegasus-kickstart,bc0a0039e12de917,0.0
pegasus-kickstart,bc101abcd373adc8,0.0
pegasus-kickstart,bc118a79f7ff6ebc,0.0
pegasus-kickstart,bc2599b0b34a7323,0.0
pegasus-kickstart,bc4d7355f65b064a,0.0
pegasus-kickstart,bc69123ddd3a35b1,0.0
pegasus-kickstart,bc70f47b4e7f2667,0.0
pegasus-kickstart,bc7d64dcd870e458,0.0
pegasus-kickstart,bc86a3a720d8daf0,0.0
pegasus-kickstart,bc884f4635851bc3,0.0
pegasus-kickstart,bc98b2962e492797,0.0
pegasus-kickstart,bc9bf44e96f0867a,0.0
pegasus-kickstart,bcacb8ed343d0e4f,0.0
pegasus-kickstart,bcb85160653317ab,0.0
pegasus-kickstart,bcba1d74c2cd5499,0.0
pegasus-kickstart,bcbc88ce5f4bb080,0.0
pegasus-kickstart,bce24cd815ba49f1,0.0
pegasus-kickstart,bcf62bdd0dd0045a,0.0
pegasus-kickstart,bd0dbc2ae1abd717,0.0
pegasus-kickstart,bd265c47cf6d0dec,0.0
pegasus-kickstart,bd299b9e8710ac23,0.0
pegasus-kickstart,bd39f2131a50aec3,0.0
pegasus-kickstart,bd3b83fde9cbe0b6,0.0
pegasus-kickstart,bd5578ee4bf12a1f,0.0
pegasus-kickstart,bd7b732638048391,0.0
pegasus-kickstart,bd854515b9e45c2f,0.0
pegasus-kickstart,bd9db7dc7b006f2b,0.0
pegasus-kickstart,bd9dcb4fe4014ffd,0.0
pegasus-kickstart,bda30f67575a9abe,0.0
pegasus-kickstart,bdbda59d728715d4,0.0
pegasus-kickstart,bddc1c380061ce1e,0.0
pegasus-kickstart,bddc5dad2c22c02c,0.0
pegasus-kickstart,be0f9f0f90269483,0.0
pegasus-kickstart,be17f0dae44fd465,0.0
pegasus-kickstart,be2c577f059dc3a4,0.0
pegasus-kickstart,be3b9eaf635edddb,0.0
pegasus-kickstart,be74052ee2d53d3a,0.0
pegasus-kickstart,be92bc71dc3bd1cf,0.0
pegasus-kickstart,be943adabb3eef28,0.0
pegasus-kickstart,bebf96fe56f66787,0.0
pegasus-kickstart,bee1c29d61990d21,0.0
pegasus-kickstart,bef2a6cd84a87b7e,0.0
pegasus-kickstart,bef886ce857e82c6,0.0
pegasus-kickstart,bf125851c6c7c842,0.0
pegasus-kickstart,bf15fff2694715f9,0.0
pegasus-kickstart,bf3cd8df06adf1c7,0.0
pegasus-kickstart,bf3d8fcbc770e8fe,0.0
pegasus-kickstart,bf4308e0e2e54d29,0.0
pegasus-kickstart,bf43a8ef0a668954,0.0
pegasus-kickstart,bf56a0ab3f5764fb,0.0
pegasus-kickstart,bf72bf4542e8cc28,0.0
pegasus-kickstart,bf8f8d72cc530446,0.0
pegasus-kickstart,bfa149a67ef5f757,0.0
pegasus-kickstart,bface919f44c80f7,0.0
pegasus-kickstart,bfb2f708bbe81f62,0.0
pegasus-kickstart,bfc55567b25521fe,0.0
pegasus-kickstart,bfee7315df48988b,0.0
pegasus-kickstart,c00e759fa6da9f35,0.0
pegasus-kickstart,c0267ef5092616a9,0.0
pegasus-kickstart,c02e06492d567544,0.0
pegasus-kickstart,c053dc126241055f,0.0
pegasus-kickstart,c074bf7f8d77fdf0,0.0
pegasus-kickstart,c079b1e7b496c88e,0.0
pegasus-kickstart,c07bb52167277208,0.0
pegasus-kickstart,c07e26a56a3141f4,0.0
pegasus-kickstart,c092c60ba3649055,0.0
pegasus-kickstart,c0b8463c95d27f28,0.0
pegasus-kickstart,c0bc7061fb45cb84,0.0
pegasus-kickstart,c0e1694e5428e2dd,0.0
pegasus-kickstart,c0e34a3658403119,0.0
pegasus-kickstart,c0e364ce4be1c0a3,0.0
pegasus-kickstart,c0f6e65c47b4c796,0.0
pegasus-kickstart,c0fbc43022c9b306,0.0
pegasus-kickstart,c149db7c7b09450f,0.0
pegasus-kickstart,c1609fb493dc43d7,0.0
pegasus-kickstart,c18dc9b0ca050244,0.0
pegasus-kickstart,c1ac6731d1381498,0.0
pegasus-kickstart,c1cace31c867c45a,0.0
pegasus-kickstart,c1de8a13c4bf9b07,0.0
pegasus-kickstart,c1ec2770081ee089,0.0
pegasus-kickstart,c1f2c92937a80b65,0.0
pegasus-kickstart,c1fcedcded4e2cd7,0.0
pegasus-kickstart,c2044d327f2e696d,0.0
pegasus-kickstart,c20a7bc6dce3db11,0.0
pegasus-kickstart,c215d2f605e39d38,0.0
pegasus-kickstart,c2375c405de88c72,0.0
pegasus-kickstart,c25795f2ccb774f6,0.0
pegasus-kickstart,c27a9f18748f1875,0.0
pegasus-kickstart,c2ada09e8c71d82a,0.0
pegasus-kickstart,c2bc7bf0ede2b6dc,0.0
pegasus-kickstart,c2dfb99cc79087c8,0.0
pegasus-kickstart,c2e056deb0db2329,0.0
pegasus-kickstart,c2fec83ccea95733,0.0
pegasus-kickstart,c2ff1d6e2cde29ba,0.0
pegasus-kickstart,c32268484059c60f,0.0
pegasus-kickstart,c32b580cfac3d1cd,0.0
pegasus-kickstart,c337e111e1575e35,0.0
pegasus-kickstart,c343c3a31177f17b,0.0
pegasus-kickstart,c35711f6909d00ce,0.0
pegasus-kickstart,c36557a8544ba44e,0.0
pegasus-kickstart,c36f20a97c46ce70,0.0
pegasus-kickstart,c3ccd6e1da5d3e44,0.0
pegasus-kickstart,c3e3681c14292177,0.0
pegasus-kickstart,c3ee892fbef33bf0,0.0
pegasus-kickstart,c3f0b6bce8cdddd4,0.0
pegasus-kickstart,c3f186fbf47219bb,0.0
pegasus-kickstart,c3f7298381c9937e,0.0
pegasus-kickstart,c410d8a70978578b,0.0
pegasus-kickstart,c415c37ffd5005d5,0.0
pegasus-kickstart,c419b328dc57d56f,0.0
pegasus-kickstart,c43373fd9ea8fdaf,0.0
pegasus-kickstart,c439318d2eea88d2,0.0
pegasus-kickstart,c453d6218835ad75,0.0
pegasus-kickstart,c4647f67c38ee955,0.0
pegasus-kickstart,c4769b520ab0d337,0.0
pegasus-kickstart,c486281cf2a4afa2,0.0
pegasus-kickstart,c486eae1fde41929,0.0
pegasus-kickstart,c4a7ee75db5b9423,0.0
pegasus-kickstart,c4a8f0c6f7f24fbb,0.0
pegasus-kickstart,c4ab27e95b0fa7fb,0.0
pegasus-kickstart,c4adfb697a4e015e,0.0
pegasus-kickstart,c4b88911d28cba22,0.0
pegasus-kickstart,c4f6fd4433b46b6c,0.0
pegasus-kickstart,c4fcdbcffb055c81,0.0
pegasus-kickstart,c502b831b3413315,0.0
pegasus-kickstart,c52923d74a9621d1,0.0
pegasus-kickstart,c52a9d3d70de0760,0.0
pegasus-kickstart,c5340d013d75ce28,0.0
pegasus-kickstart,c53ce4c3a7216dba,0.0
pegasus-kickstart,c550bdb180f10943,0.0
pegasus-kickstart,c556fda5bfa4d112,0.0
pegasus-kickstart,c55e40a3c6b0bca2,0.0
pegasus-kickstart,c57548195cbabd10,0.0
pegasus-kickstart,c57905a1381a487f,0.0
pegasus-kickstart,c58d00a542748f5f,0.0
pegasus-kickstart,c5a46ac43ac8f108,0.0
pegasus-kickstart,c5cf3af6a1602094,0.0
pegasus-kickstart,c5d25978187a74a9,0.0
pegasus-kickstart,c5db050e69bd4d18,0.0
pegasus-kickstart,c603c39c89f35cfa,0.0
pegasus-kickstart,c60b7b3b99af79d6,0.0
pegasus-kickstart,c6298efbc52dd19d,0.0
pegasus-kickstart,c635a1235add96ff,0.0
pegasus-kickstart,c64c8e34666e183a,0.0
pegasus-kickstart,c64f1083d0843489,0.0
pegasus-kickstart,c67807509159af03,0.0
pegasus-kickstart,c67f3a4f7e2111be,0.0
pegasus-kickstart,c687f09c019649a3,0.0
pegasus-kickstart,c68bf6074885b5a3,0.0
pegasus-kickstart,c68c1a70a9dda949,0.0
pegasus-kickstart,c6918fdb938c8c77,0.0
pegasus-kickstart,c69702fe393b1564,0.0
pegasus-kickstart,c698094daf874e18,0.0
pegasus-kickstart,c6dc117aa9ce5ee0,0.0
pegasus-kickstart,c71ab89fe9be63c5,0.0
pegasus-kickstart,c723516e370662a8,0.0
pegasus-kickstart,c726794cee6eb79d,0.0
pegasus-kickstart,c75b14a2facbab66,0.0
pegasus-kickstart,c77d23d69b5c67dc,0.0
pegasus-kickstart,c788b73b973ea428,0.0
pegasus-kickstart,c796a7a5b9b7ccb8,0.0
pegasus-kickstart,c7bd6db9f6029b33,0.0
pegasus-kickstart,c7d923c67eb689e2,0.0
pegasus-kickstart,c7eb2a2eb104c17a,0.0
pegasus-kickstart,c7f37ce3bc0bdf98,0.0
pegasus-kickstart,c7f687907b8f2888,0.0
pegasus-kickstart,c802e3ef7501151d,0.0
pegasus-kickstart,c814ab34044ebf2e,0.0
pegasus-kickstart,c8216b1f5ff0124a,0.0
pegasus-kickstart,c8226c9498cb0559,0.0
pegasus-kickstart,c82894ee43690ac5,0.0
pegasus-kickstart,c838dd7ad53825c1,0.0
pegasus-kickstart,c83e3f33b63065ca,0.0
pegasus-kickstart,c840c3f892d27b59,0.0
pegasus-kickstart,c85dc26e4d738637,0.0
pegasus-kickstart,c88383ae6247c02d,0.0
pegasus-kickstart,c888b3859a39814c,0.0
pegasus-kickstart,c88aefb55bc88cc0,0.0
pegasus-kickstart,c89c9f58134619f2,0.0
pegasus-kickstart,c8d45a3fe25b95fc,0.0
pegasus-kickstart,c8d98d277faf2181,0.0
pegasus-kickstart,c91dba8275337ea2,0.0
pegasus-kickstart,c9350b19c339dce6,0.0
pegasus-kickstart,c95c91de69197cc1,0.0
pegasus-kickstart,c95d9d110a194e02,0.0
pegasus-kickstart,c974d7cf48761782,0.0
pegasus-kickstart,c9792eae92654304,0.0
pegasus-kickstart,c98b0c7cbe5cc224,0.0
pegasus-kickstart,c991a7aa5f00b011,0.0
pegasus-kickstart,c9b8856b4fcfed5c,0.0
pegasus-kickstart,c9baf9eaf46dfbba,0.0
pegasus-kickstart,c9dc1b1768c917d6,0.0
pegasus-kickstart,c9e20df49e87269a,0.0
pegasus-kickstart,ca0f1d4465f8f342,0.0
pegasus-kickstart,ca2b0cc78edff32b,0.0
pegasus-kickstart,ca318a7d00998f81,0.0
pegasus-kickstart,ca31c6eab3703ff5,0.0
pegasus-kickstart,ca35ab200d93af50,0.0
pegasus-kickstart,ca38d92de9de0a72,0.0
pegasus-kickstart,ca4398614b7b9e0f,0.0
pegasus-kickstart,ca48c4052e1ac06a,0.0
pegasus-kickstart,ca5d5e6244f52bcd,0.0
pegasus-kickstart,ca5da93497c73b5e,0.0
pegasus-kickstart,ca640232e68dc34b,0.0
pegasus-kickstart,ca6a88f97affaccd,0.0
pegasus-kickstart,ca84bdefc53ccf84,0.0
pegasus-kickstart,ca8f73d68cdf3000,0.0
pegasus-kickstart,ca93d505f9086b89,0.0
pegasus-kickstart,ca9bf0496752300d,0.0
pegasus-kickstart,cab683298d730ac5,0.0
pegasus-kickstart,caba96bc94d5aa69,0.0
pegasus-kickstart,cac59ec216a90be4,0.0
pegasus-kickstart,cae2193bd62f0393,0.0
pegasus-kickstart,cb0ca9e6f630641f,0.0
pegasus-kickstart,cb1b842e3400179c,0.0
pegasus-kickstart,cb4ba5d07f1510cc,0.0
pegasus-kickstart,cb6f102603f8e51b,0.0
pegasus-kickstart,cb74dbf259de48db,0.0
pegasus-kickstart,cb8ad63faab50952,0.0
pegasus-kickstart,cb8bbbb52e5c420a,0.0
pegasus-kickstart,cba5459ce9b61ba4,0.0
pegasus-kickstart,cba7775d9a72f1eb,0.0
pegasus-kickstart,cbae927c62226cf6,0.0
pegasus-kickstart,cbf6bcbac9198a7b,0.0
pegasus-kickstart,cbf71b93dbfec504,0.0
pegasus-kickstart,cbfb9a46fa213938,0.0
pegasus-kickstart,cc0941d12b7edabd,0.0
pegasus-kickstart,cc0b7459da9e8be4,0.0
pegasus-kickstart,cc1895adcd4953d0,0.0
pegasus-kickstart,cc45ca19054ebbed,0.0
pegasus-kickstart,cc6006c204f34797,0.0
pegasus-kickstart,cc635d8a85bd52ed,0.0
pegasus-kickstart,cc9e4c1d48abaaa6,0.0
pegasus-kickstart,ccc360f0a0bee739,0.0
pegasus-kickstart,cccaffe50492308e,0.0
pegasus-kickstart,ccdba24de5e2e338,0.0
pegasus-kickstart,ccefd14e42a81783,0.0
pegasus-kickstart,ccf2d923a9a69151,0.0
pegasus-kickstart,ccff6214c37da5a2,0.0
pegasus-kickstart,cd0a7f23b72dbef5,0.0
pegasus-kickstart,cd0eb76394531999,0.0
pegasus-kickstart,cd6c694e1b1f5fff,0.0
pegasus-kickstart,cd70064be20551a8,0.0
pegasus-kickstart,cd77150a9e67441d,0.0
pegasus-kickstart,cd7914ef139f10e5,0.0
pegasus-kickstart,cd8f7fc0a940ee67,0.0
pegasus-kickstart,cdd3ce1095cbab82,0.0
pegasus-kickstart,cde20e275ed62605,0.0
pegasus-kickstart,ce02e35b54e76d59,0.0
pegasus-kickstart,ce13642dfad4aa60,0.0
pegasus-kickstart,ce2a9b24aa01e16c,0.0
pegasus-kickstart,ce2d26bc5374fd18,0.0
pegasus-kickstart,ce316ce11ba9f693,0.0
pegasus-kickstart,ce3309647e8aab8c,0.0
pegasus-kickstart,ce3ea515983197cb,0.0
pegasus-kickstart,ce5c3e7f53df6a67,0.0
pegasus-kickstart,ce60edce40f88044,0.0
pegasus-kickstart,ce65640fc4186b8b,0.0
pegasus-kickstart,ce65aa2b5aa2efa8,0.0
pegasus-kickstart,ce6d6080bd765969,0.0
pegasus-kickstart,ce7c4d5eb159abfc,0.0
pegasus-kickstart,ce970844bb1f5558,0.0
pegasus-kickstart,ce9e83ad615adc9a,0.0
pegasus-kickstart,cea6f705ce72e465,0.0
pegasus-kickstart,cea7318f7856593b,0.0
pegasus-kickstart,cebd5201c824d0d3,0.0
pegasus-kickstart,cef6d0c54eedc52f,0.0
pegasus-kickstart,cefaaa8d949cb20d,0.0
pegasus-kickstart,cf08a7bc75bfd35d,0.0
pegasus-kickstart,cf18467d8aeaf705,0.0
pegasus-kickstart,cf2b75f693a906a0,0.0
pegasus-kickstart,cf399c311f1d181b,0.0
pegasus-kickstart,cf5e28c35a189d9b,0.0
pegasus-kickstart,cf6386197c56d601,0.0
pegasus-kickstart,cf65668a89ec98e8,0.0
pegasus-kickstart,cf6ea84657d992a9,0.0
pegasus-kickstart,cf6f630ebae061cb,0.0
pegasus-kickstart,cf7b7f9fbaf05f3e,0.0
pegasus-kickstart,cf91d594d52bf5fb,0.0
pegasus-kickstart,cfa86b28b66d9846,0.0
pegasus-kickstart,cfb0435cc311d4c6,0.0
pegasus-kickstart,cfb4eebd64070287,0.0
pegasus-kickstart,cfb9981dc6cf899d,0.0
pegasus-kickstart,cfb9ab082b05850d,0.0
pegasus-kickstart,cfc274624bb106f8,0.0
pegasus-kickstart,cfc734c08816fd0b,0.0
pegasus-kickstart,cfd9b4834c031371,0.0
pegasus-kickstart,cfef6c732f147998,0.0
pegasus-kickstart,cfffd716d3c4e412,0.0
pegasus-kickstart,d010aa197c21ade7,0.0
pegasus-kickstart,d039a4b5e788b1ca,0.0
pegasus-kickstart,d03e91c04320ef40,0.0
pegasus-kickstart,d0402cd7172c79a5,0.0
pegasus-kickstart,d04953f6231da01c,0.0
pegasus-kickstart,d06992affb13d776,0.0
pegasus-kickstart,d06d4b8bf825be32,0.0
pegasus-kickstart,d083e720e7a9293f,0.0
pegasus-kickstart,d08636797e73f0bd,0.0
pegasus-kickstart,d08bc29b8e1cb14c,0.0
pegasus-kickstart,d0a8cdc424247784,0.0
pegasus-kickstart,d0a9db126f028d8f,0.0
pegasus-kickstart,d0cb7bf9c9a112fe,0.0
pegasus-kickstart,d0d3e55848066cf4,0.0
pegasus-kickstart,d0d4b939d3c2b732,0.0
pegasus-kickstart,d0f8d494456d110d,0.0
pegasus-kickstart,d100d1480f8c277e,0.0
pegasus-kickstart,d108b3be0abc4fec,0.0
pegasus-kickstart,d11088015556848d,0.0
pegasus-kickstart,d148110abf624a00,0.0
pegasus-kickstart,d14a244838cb6438,0.0
pegasus-kickstart,d15d48b62b731941,0.0
pegasus-kickstart,d16181b22a2bda0c,0.0
pegasus-kickstart,d180f83792007f58,0.0
pegasus-kickstart,d1c96df4358354b2,0.0
pegasus-kickstart,d1cf7a3ba1039caa,0.0
pegasus-kickstart,d1db8365a6068586,0.0
pegasus-kickstart,d1e6e20e3fe1d428,0.0
pegasus-kickstart,d1ea4f6b40e9293f,0.0
pegasus-kickstart,d1f3ba946304a91b,0.0
pegasus-kickstart,d208bde004107e43,0.0
pegasus-kickstart,d22e263454449a3a,0.0
pegasus-kickstart,d23d7e11d6aed273,0.0
pegasus-kickstart,d24f87f7ef4af4c7,0.0
pegasus-kickstart,d2527bf089c136d9,0.0
pegasus-kickstart,d25a0c2c6365e6c6,0.0
pegasus-kickstart,d25bf3ad4073cbb2,0.0
pegasus-kickstart,d27ba83467a67288,0.0
pegasus-kickstart,d27fc58a885701fc,0.0
pegasus-kickstart,d281474aa0025245,0.0
pegasus-kickstart,d282ebacb4a46afa,0.0
pegasus-kickstart,d299812b7213abc0,0.0
pegasus-kickstart,d29a964b9668234a,0.0
pegasus-kickstart,d2b246054428a353,0.0
pegasus-kickstart,d2be1fd490f7fc7d,0.0
pegasus-kickstart,d2c76d42699cefbd,0.0
pegasus-kickstart,d2ca486ce4139e4e,0.0
pegasus-kickstart,d2cb9afe76602d08,0.0
pegasus-kickstart,d2d3f9def3b5aa64,0.0
pegasus-kickstart,d2db23bf386602ff,0.0
pegasus-kickstart,d2e587bb6961862d,0.0
pegasus-kickstart,d2e5f792ea54a630,0.0
pegasus-kickstart,d2fb07ca42831907,0.0
pegasus-kickstart,d2fddfb1c27fd7c6,0.0
pegasus-kickstart,d30d3093fa81abc1,0.0
pegasus-kickstart,d3125ae45cda2203,0.0
pegasus-kickstart,d316fb365f75a6ca,0.0
pegasus-kickstart,d3300c196ef4b584,0.0
pegasus-kickstart,d333fe521ae0a1b9,0.0
pegasus-kickstart,d33da5e53b780472,0.0
pegasus-kickstart,d3420e66be4f3a25,0.0
pegasus-kickstart,d348d692ea15e03c,0.0
pegasus-kickstart,d34b656e376adae2,0.0
pegasus-kickstart,d34ce975c2600ab1,0.0
pegasus-kickstart,d36ea8e1c4efcdfd,0.0
pegasus-kickstart,d3747093c509918b,0.0
pegasus-kickstart,d374df010f4803eb,0.0
pegasus-kickstart,d3785b68f5f2fa3d,0.0
pegasus-kickstart,d38c585299965f1d,0.0
pegasus-kickstart,d396f508c09b8e3d,0.0
pegasus-kickstart,d3b291084eec86aa,0.0
pegasus-kickstart,d3c937ba5cd52409,0.0
pegasus-kickstart,d3d173479395ffd0,0.0
pegasus-kickstart,d3db248766f63788,0.0
pegasus-kickstart,d3fd3f988e2bcd38,0.0
pegasus-kickstart,d4087ba37fd75b8e,0.0
pegasus-kickstart,d413cf173e22fbcc,0.0
pegasus-kickstart,d414e03610aafba9,0.0
pegasus-kickstart,d4306b4bbe1c6c04,0.0
pegasus-kickstart,d445ac8c3251efa7,0.0
pegasus-kickstart,d452373309b351e8,0.0
pegasus-kickstart,d458285c094ed3ae,0.0
pegasus-kickstart,d45f06a4b5f61ee9,0.0
pegasus-kickstart,d46ecd90ea610f64,0.0
pegasus-kickstart,d4760f725f9b80c4,0.0
pegasus-kickstart,d48bc725d875dad1,0.0
pegasus-kickstart,d496a30cce441224,0.0
pegasus-kickstart,d498a807745da0ef,0.0
pegasus-kickstart,d49d6abe97fd2f85,0.0
pegasus-kickstart,d49e881c1fbaf5e7,0.0
pegasus-kickstart,d4acbab2f0ede27e,0.0
pegasus-kickstart,d4afdd9be2392d11,0.0
pegasus-kickstart,d4ba1cb529c18960,0.0
pegasus-kickstart,d4d7424b4941b916,0.0
pegasus-kickstart,d4e106a59deb03a5,0.0
pegasus-kickstart,d4e33daf6be07244,0.0
pegasus-kickstart,d4ed88a9cf607bc2,0.0
pegasus-kickstart,d4fb83add2cfd2d0,0.0
pegasus-kickstart,d5756691974ed2c3,0.0
pegasus-kickstart,d57bac177b510768,0.0
pegasus-kickstart,d5889bbedc6eb33b,0.0
pegasus-kickstart,d590bc95249ba0a5,0.0
pegasus-kickstart,d59298d2817ab525,0.0
pegasus-kickstart,d594b974c0d95aac,0.0
pegasus-kickstart,d5955074471f9eb7,0.0
pegasus-kickstart,d59676235e9103a5,0.0
pegasus-kickstart,d5a51d0af3054952,0.0
pegasus-kickstart,d5bb87b9aab207e7,0.0
pegasus-kickstart,d5db652b0190da7a,0.0
pegasus-kickstart,d5e60e8d1008b088,0.0
pegasus-kickstart,d5f5f2c9b6b1b1a3,0.0
pegasus-kickstart,d5feefcbdc3f0c5c,0.0
pegasus-kickstart,d6087c0dfb065f19,0.0
pegasus-kickstart,d61610cb68f5a28c,0.0
pegasus-kickstart,d62d8e20dff7cf6a,0.0
pegasus-kickstart,d63737f3bf3466f4,0.0
pegasus-kickstart,d640e78a6a23c969,0.0
pegasus-kickstart,d64bf4568c94ba71,0.0
pegasus-kickstart,d66f8fab311583c3,0.0
pegasus-kickstart,d67b6984665644c4,0.0
pegasus-kickstart,d6d4f1f7fc7a1cc4,0.0
pegasus-kickstart,d701b9578ada41a4,0.0
pegasus-kickstart,d729010cf74a36e7,0.0
pegasus-kickstart,d741c59928527b35,0.0
pegasus-kickstart,d7622ffb44743739,0.0
pegasus-kickstart,d77d1bb4162a8647,0.0
pegasus-kickstart,d79a35ffc84ea445,0.0
pegasus-kickstart,d7a54d173d8628c8,0.0
pegasus-kickstart,d7e2e3ba0660c98b,0.0
pegasus-kickstart,d7e3e2daf3e6e3fe,0.0
pegasus-kickstart,d7e80159833e2830,0.0
pegasus-kickstart,d7f7d97f92a3e29a,0.0
pegasus-kickstart,d7f8a5bcc4f2d60d,0.0
pegasus-kickstart,d801945bd971c4b6,0.0
pegasus-kickstart,d811e173c74c5a63,0.0
pegasus-kickstart,d81d576cdf079ac3,0.0
pegasus-kickstart,d826ff11d872cae8,0.0
pegasus-kickstart,d83b57e06f0a9a9a,0.0
pegasus-kickstart,d84413c1eebe3d4e,0.0
pegasus-kickstart,d86224417dd53577,0.0
pegasus-kickstart,d873d13b05c2c1f5,0.0
pegasus-kickstart,d87f7d89804f9857,0.0
pegasus-kickstart,d89611ff5426a414,0.0
pegasus-kickstart,d899af55bcbd0f40,0.0
pegasus-kickstart,d8accc6cd765e776,0.0
pegasus-kickstart,d8aed064bc36adfe,0.0
pegasus-kickstart,d8b17c4f6cc5d654,0.0
pegasus-kickstart,d8c3cd4f746f4763,0.0
pegasus-kickstart,d8de8b2169ca2430,0.0
pegasus-kickstart,d8e60bf99f90bc57,0.0
pegasus-kickstart,d8f9299eba16a228,0.0
pegasus-kickstart,d91e0cb620bc9d0e,0.0
pegasus-kickstart,d924766237ef2df9,0.0
pegasus-kickstart,d924a0073e68523a,0.0
pegasus-kickstart,d94cb450e0b3411e,0.0
pegasus-kickstart,d94d2986c940f145,0.0
pegasus-kickstart,d992b6630ff8f4c6,0.0
pegasus-kickstart,d9a3a2df3c350a87,0.0
pegasus-kickstart,d9adc02aee2bf206,0.0
pegasus-kickstart,d9c62b8cb4ba2d50,0.0
pegasus-kickstart,d9d9ca5fc0302978,0.0
pegasus-kickstart,d9dafbe69078ab6a,0.0
pegasus-kickstart,d9f5d6e68e10aafd,0.0
pegasus-kickstart,da291b6fcea23919,0.0
pegasus-kickstart,da3026be5ea80ffd,0.0
pegasus-kickstart,da33192bad09afec,0.0
pegasus-kickstart,da53052ab36355b4,0.0
pegasus-kickstart,da538b05880114ed,0.0
pegasus-kickstart,da5502e13e0b2fd3,0.0
pegasus-kickstart,da616ca8f44b618a,0.0
pegasus-kickstart,da634ca0f2baa213,0.0
pegasus-kickstart,da6f6b7f8339dd9c,0.0
pegasus-kickstart,da7f501ca02dce40,0.0
pegasus-kickstart,da854c606467a175,0.0
pegasus-kickstart,da8be54f69341aeb,0.0
pegasus-kickstart,da97d828ff39dee8,0.0
pegasus-kickstart,daaa12965510fdf6,0.0
pegasus-kickstart,dab25ede1b4bf2be,0.0
pegasus-kickstart,dad364350d0c6b23,0.0
pegasus-kickstart,dae860bfe31d39ef,0.0
pegasus-kickstart,daef4d09f561f8c5,0.0
pegasus-kickstart,db0b3d32d15280e7,0.0
pegasus-kickstart,db1a6da804a53492,0.0
pegasus-kickstart,db59d7cdf7da3f9a,0.0
pegasus-kickstart,db68dcb360ddefb5,0.0
pegasus-kickstart,db68f83aee09327f,0.0
pegasus-kickstart,db74b2b5c6769839,0.0
pegasus-kickstart,db901db966327e71,0.0
pegasus-kickstart,db9303b8c06d6ab9,0.0
pegasus-kickstart,dbcaf1b60114769e,0.0
pegasus-kickstart,dbd252df42d6984a,0.0
pegasus-kickstart,dbd96620b77a77b9,0.0
pegasus-kickstart,dbe59bc71a1e7721,0.0
pegasus-kickstart,dbf039e848c921e8,0.0
pegasus-kickstart,dbf94a8142c6a193,0.0
pegasus-kickstart,dc21b8c5f580a457,0.0
pegasus-kickstart,dc226c80f1564b0a,0.0
pegasus-kickstart,dc3d7a7ebbdf9a17,0.0
pegasus-kickstart,dc4c8ebff4b51e89,0.0
pegasus-kickstart,dc4e39520c43ba72,0.0
pegasus-kickstart,dc723ff36a259c31,0.0
pegasus-kickstart,dc906e7ca9ac3080,0.0
pegasus-kickstart,dc99a24728a8d0c7,0.0
pegasus-kickstart,dc9a0d1dfd614211,0.0
pegasus-kickstart,dcb8e33916558e11,0.0
pegasus-kickstart,dcc2d95412fabe40,0.0
pegasus-kickstart,dcd1cfe642455365,0.0
pegasus-kickstart,dcd494de74f65cc5,0.0
pegasus-kickstart,dce55493bbd57179,0.0
pegasus-kickstart,dce9e9177b2cc6f1,0.0
pegasus-kickstart,dd04411d865b4252,0.0
pegasus-kickstart,dd0495e1d908ce1d,0.0
pegasus-kickstart,dd148bd6f979b145,0.0
pegasus-kickstart,dd1a9080dbcecb11,0.0
pegasus-kickstart,dd2c2b51f821c158,0.0
pegasus-kickstart,dd3f817726a6c47e,0.0
pegasus-kickstart,dd4fc7902257b6e8,0.0
pegasus-kickstart,dd5bcac3e859a924,0.0
pegasus-kickstart,dd5e3d1f338b9dbc,0.0
pegasus-kickstart,dd7313535fe969b2,0.0
pegasus-kickstart,dd78ca21fed526f0,0.0
pegasus-kickstart,dd79866d66468627,0.0
pegasus-kickstart,dd89ddaa0c6ac191,0.0
pegasus-kickstart,dda717ac79ae3d6d,0.0
pegasus-kickstart,ddae30f44e2c1cbe,0.0
pegasus-kickstart,ddaebb9b28ad05c4,0.0
pegasus-kickstart,ddd2683543094532,0.0
pegasus-kickstart,dddccd2f28177791,0.0
pegasus-kickstart,dde15570c8f0bdfa,0.0
pegasus-kickstart,ddec6a43e2f0f2d5,0.0
pegasus-kickstart,de030fd136bf984a,0.0
pegasus-kickstart,de1f22a72883b1e6,0.0
pegasus-kickstart,de5acac03727fc8a,0.0
pegasus-kickstart,de9a766108e5add8,0.0
pegasus-kickstart,dea240b510bd3d9e,0.0
pegasus-kickstart,dee14264f8a1fa37,0.0
pegasus-kickstart,def48487b856af96,0.0
pegasus-kickstart,defa3c89b1be9021,0.0
pegasus-kickstart,df06ca961563075a,0.0
pegasus-kickstart,df60dbfc438ba004,0.0
pegasus-kickstart,df63cf52491cdf8a,0.0
pegasus-kickstart,df77d4e59069ddb9,0.0
pegasus-kickstart,df83088adc39e797,0.0
pegasus-kickstart,dfa4f93b982dbd0f,0.0
pegasus-kickstart,dfbff37327cd0cbe,0.0
pegasus-kickstart,dfc250448fd556d9,0.0
pegasus-kickstart,dfca21d44a8f1800,0.0
pegasus-kickstart,dfe78a14ec1ccb82,0.0
pegasus-kickstart,dff528a630c7282c,0.0
pegasus-kickstart,dff95064114f2aeb,0.0
pegasus-kickstart,e0083e3521957d91,0.0
pegasus-kickstart,e026809c4a4aaaa4,0.0
pegasus-kickstart,e02b92005b21ddcb,0.0
pegasus-kickstart,e04baabd10eee58b,0.0
pegasus-kickstart,e083453ef29a4816,0.0
pegasus-kickstart,e08b8625782996a4,0.0
pegasus-kickstart,e0adaf357fc3ad6b,0.0
pegasus-kickstart,e0caeaf260b0e9d8,0.0
pegasus-kickstart,e0caf5fc087871a7,0.0
pegasus-kickstart,e0e0483e5e8cb6e1,0.0
pegasus-kickstart,e0eed1580b12f885,0.0
pegasus-kickstart,e0f74d7977e4e495,0.0
pegasus-kickstart,e0ffae681c5792a9,0.0
pegasus-kickstart,e1303ad7e6bd6d91,0.0
pegasus-kickstart,e13e0b5a0d581bb6,0.0
pegasus-kickstart,e153ef52dda9288f,0.0
pegasus-kickstart,e16a4493a662a9d3,0.0
pegasus-kickstart,e183eb82d474cf41,0.0
pegasus-kickstart,e186c749d70e2468,0.0
pegasus-kickstart,e194822e9480cc80,0.0
pegasus-kickstart,e1b6440116e9801c,0.0
pegasus-kickstart,e1cbcebe09efc973,0.0
pegasus-kickstart,e1e2b8f35dc5a77b,0.0
pegasus-kickstart,e1fbbbace0a3fe21,0.0
pegasus-kickstart,e20fe3ea3fef245e,0.0
pegasus-kickstart,e21424cbb69b5bc0,0.0
pegasus-kickstart,e218bf8dbbb13ecf,0.0
pegasus-kickstart,e224bbb572021f80,0.0
pegasus-kickstart,e242c5c3952dc77b,0.0
pegasus-kickstart,e2462aeb3c131b26,0.0
pegasus-kickstart,e24b4600805fdf0f,0.0
pegasus-kickstart,e25863c6ff6bb139,0.0
pegasus-kickstart,e260be8a80312983,0.0
pegasus-kickstart,e26b96c3dffe45a9,0.0
pegasus-kickstart,e29ba9d74f53f176,0.0
pegasus-kickstart,e2ac1b23484c60f9,0.0
pegasus-kickstart,e2dffa2316435637,0.0
pegasus-kickstart,e2e44cc8c1aa23f8,0.0
pegasus-kickstart,e2e64c4afd61d758,0.0
pegasus-kickstart,e2f46486092b41d8,0.0
pegasus-kickstart,e2f6ba072bc05461,0.0
pegasus-kickstart,e2f8e6581cdd4cef,0.0
pegasus-kickstart,e316577a92d2ae6f,0.0
pegasus-kickstart,e31e3152e36ef150,0.0
pegasus-kickstart,e323c507df70b493,0.0
pegasus-kickstart,e3284a86aeee302d,0.0
pegasus-kickstart,e32a5c421774a208,0.0
pegasus-kickstart,e34511e375236f65,0.0
pegasus-kickstart,e3512272ec8f745f,0.0
pegasus-kickstart,e3540617fcbebfab,0.0
pegasus-kickstart,e356aa62c420300d,0.0
pegasus-kickstart,e368cf2e11446c1f,0.0
pegasus-kickstart,e369e0c83a4a97b7,0.0
pegasus-kickstart,e386320ce1e56a62,0.0
pegasus-kickstart,e3a0b47d8bd252ab,0.0
pegasus-kickstart,e3b23dfafba309b0,0.0
pegasus-kickstart,e3cdf16295991516,0.0
pegasus-kickstart,e3d372d52bf543f0,0.0
pegasus-kickstart,e3d97a5f61768e56,0.0
pegasus-kickstart,e3da511289869074,0.0
pegasus-kickstart,e3f16238726f722a,0.0
pegasus-kickstart,e4017c7b6f1ebb79,0.0
pegasus-kickstart,e41d5c079789631e,0.0
pegasus-kickstart,e4257c28f1da6931,0.0
pegasus-kickstart,e426207cb880d4bd,0.0
pegasus-kickstart,e426ec87ebd2c1fd,0.0
pegasus-kickstart,e43cfac6f6ec7c7d,0.0
pegasus-kickstart,e44791639624f4f7,0.0
pegasus-kickstart,e44a48e99993c1a5,0.0
pegasus-kickstart,e456cec5c3b6eeeb,0.0
pegasus-kickstart,e45bc50d402a1eb3,0.0
pegasus-kickstart,e45cf106bf4633c5,0.0
pegasus-kickstart,e480c1788f213191,0.0
pegasus-kickstart,e4835dd5b94eb511,0.0
pegasus-kickstart,e491fa31c6aebfe0,0.0
pegasus-kickstart,e4a8f69c11841a9d,0.0
pegasus-kickstart,e4b1d55b6b56bbd9,0.0
pegasus-kickstart,e4e395a4384afc9d,0.0
pegasus-kickstart,e4e4ea842a5305a4,0.0
pegasus-kickstart,e4fa7fbe5d792673,0.0
pegasus-kickstart,e50006d73c4544e2,0.0
pegasus-kickstart,e503228cd42b4636,0.0
pegasus-kickstart,e5044a77c2cf0e3b,0.0
pegasus-kickstart,e50ab530b7215911,0.0
pegasus-kickstart,e5292d03d9157b5f,0.0
pegasus-kickstart,e535458eb021a4a5,0.0
pegasus-kickstart,e5382338fcc50e76,0.0
pegasus-kickstart,e54dd5dcfb17c352,0.0
pegasus-kickstart,e58d348f3b03499f,0.0
pegasus-kickstart,e5c82f42d4e35e89,0.0
pegasus-kickstart,e5d3324f1fb75147,0.0
pegasus-kickstart,e5d7ddae00a000b0,0.0
pegasus-kickstart,e5f80198c6f4f322,0.0
pegasus-kickstart,e60169d3f028762c,0.0
pegasus-kickstart,e61236f98a5e251a,0.0
pegasus-kickstart,e631182d32311044,0.0
pegasus-kickstart,e64fdf10311ff652,0.0
pegasus-kickstart,e6512151aa11680b,0.0
pegasus-kickstart,e67459692b6de634,0.0
pegasus-kickstart,e685d80df5905190,0.0
pegasus-kickstart,e6c85e3a9905e39b,0.0
pegasus-kickstart,e6db3853959f1066,0.0
pegasus-kickstart,e6dc88339b9445b6,0.0
pegasus-kickstart,e6e8a2253106c9d9,0.0
pegasus-kickstart,e6ed3069dd8779a1,0.0
pegasus-kickstart,e71c328255d36569,0.0
pegasus-kickstart,e74f574a9cbbdcb8,0.0
pegasus-kickstart,e751f86263f62d75,0.0
pegasus-kickstart,e7544efd7eb26477,0.0
pegasus-kickstart,e75b1be4356f1095,0.0
pegasus-kickstart,e76b7bd9b86865da,0.0
pegasus-kickstart,e79bd4e129ea3333,0.0
pegasus-kickstart,e7b5ef9ae70e7fb3,0.0
pegasus-kickstart,e7b94442974d752e,0.0
pegasus-kickstart,e8000f47d495e85a,0.0
pegasus-kickstart,e82f9a35f427d530,0.0
pegasus-kickstart,e83bf123946aecab,0.0
pegasus-kickstart,e8580b660e2c6700,0.0
pegasus-kickstart,e8581eb2769ea731,0.0
pegasus-kickstart,e869f47d7001d422,0.0
pegasus-kickstart,e86a0e4ec6031d3d,0.0
pegasus-kickstart,e87d189653a1d44b,0.0
pegasus-kickstart,e87e454b0a270b92,0.0
pegasus-kickstart,e881c5f605ed87af,0.0
pegasus-kickstart,e8a2a91a8d7c09fe,0.0
pegasus-kickstart,e8a919b531a5f590,0.0
pegasus-kickstart,e8b7f90fa158ed90,0.0
pegasus-kickstart,e8b95417c97f8995,0.0
pegasus-kickstart,e8c26fa19ad3f523,0.0
pegasus-kickstart,e8c308e903ff8308,0.0
pegasus-kickstart,e8c8002e35263143,0.0
pegasus-kickstart,e8c9f3935a7a5e64,0.0
pegasus-kickstart,e8cdb2ddbff12354,0.0
pegasus-kickstart,e90345864ad6ddbe,0.0
pegasus-kickstart,e9068d99a8ccb4e5,0.0
pegasus-kickstart,e9304705fad5553d,0.0
pegasus-kickstart,e9492faa4ab2b525,0.0
pegasus-kickstart,e94d6faae1259934,0.0
pegasus-kickstart,e96558fe3bd5e01d,0.0
pegasus-kickstart,e9657854c26449aa,0.0
pegasus-kickstart,e966192179500e80,0.0
pegasus-kickstart,e979c65ffecac813,0.0
pegasus-kickstart,e97e996a9272d36b,0.0
pegasus-kickstart,e9a2bb4187a75d17,0.0
pegasus-kickstart,e9a76509083cfa55,0.0
pegasus-kickstart,e9b7a24417b0d7a3,0.0
pegasus-kickstart,e9f2d1a307940d40,0.0
pegasus-kickstart,ea145dd7eaf1b0a9,0.0
pegasus-kickstart,ea1747fdf93abefa,0.0
pegasus-kickstart,ea1ef9531d6aca55,0.0
pegasus-kickstart,ea2b1fb1b3f467cd,0.0
pegasus-kickstart,ea86a5cf5e612c1d,0.0
pegasus-kickstart,ea88844a123ec0bc,0.0
pegasus-kickstart,ea89a6d79192b0e8,0.0
pegasus-kickstart,ea8f82076cf966a3,0.0
pegasus-kickstart,eac911db05a09b54,0.0
pegasus-kickstart,eaed3062fed2b301,0.0
pegasus-kickstart,eaf55984a4b01921,0.0
pegasus-kickstart,eaf837ea7924c882,0.0
pegasus-kickstart,eafbe8c9456d1749,0.0
pegasus-kickstart,eb2abf0719e5fae9,0.0
pegasus-kickstart,eb3f4ff538d1af0c,0.0
pegasus-kickstart,eb4ccf22cb9c1d1d,0.0
pegasus-kickstart,eb4da423caa4f0c0,0.0
pegasus-kickstart,eb5094b91cb4bedd,0.0
pegasus-kickstart,eb526c7e032b2785,0.0
pegasus-kickstart,eb5637912055bb9f,0.0
pegasus-kickstart,eb6d45522e10f75d,0.0
pegasus-kickstart,eb90e74a61b1cc8b,0.0
pegasus-kickstart,eba94708891aadbf,0.0
pegasus-kickstart,eba9c4e67384d1e0,0.0
pegasus-kickstart,ebb172c5a1536497,0.0
pegasus-kickstart,ebc3baa72915a955,0.0
pegasus-kickstart,ebc9478fbbdcb971,0.0
pegasus-kickstart,ebe42713e0c9c753,0.0
pegasus-kickstart,ec0dfb55a46811e9,0.0
pegasus-kickstart,ec1c98e8589bcf82,0.0
pegasus-kickstart,ec371217ab7cdc67,0.0
pegasus-kickstart,ec3c584d9232ce09,0.0
pegasus-kickstart,ec635dfe82943afe,0.0
pegasus-kickstart,ec79b52f10d41be8,0.0
pegasus-kickstart,ec9cb4a2c928f713,0.0
pegasus-kickstart,eca8ff3fa4c698cf,0.0
pegasus-kickstart,ecb6fe10be49d2f2,0.0
pegasus-kickstart,ecbc7be3c0dc7efa,0.0
pegasus-kickstart,ecbe7a62ec7d9e75,0.0
pegasus-kickstart,ecc02ddfce862207,0.0
pegasus-kickstart,ecc1dce6adbdff08,0.0
pegasus-kickstart,eccc745c35750460,0.0
pegasus-kickstart,ecd4be21a6cc3b47,0.0
pegasus-kickstart,ecd9d7e24d42f8fd,0.0
pegasus-kickstart,ecdb1a6e583d1853,0.0
pegasus-kickstart,ece6dad89de19c6d,0.0
pegasus-kickstart,ececb3891a091efd,0.0
pegasus-kickstart,ecfd6d116a012838,0.0
pegasus-kickstart,ed062e356dbaecf3,0.0
pegasus-kickstart,ed0a4de3891fb7f4,0.0
pegasus-kickstart,ed1c72f3dc5018d5,0.0
pegasus-kickstart,ed1ea622dac43f61,0.0
pegasus-kickstart,ed65748148d2685d,0.0
pegasus-kickstart,ed68c478bb52885b,0.0
pegasus-kickstart,ed6ed4d7845905eb,0.0
pegasus-kickstart,ed71a4bce8bd4082,0.0
pegasus-kickstart,ed8f97272b1d38f9,0.0
pegasus-kickstart,edbf440857687d2f,0.0
pegasus-kickstart,edca06b1214ea381,0.0
pegasus-kickstart,eddfe45db48354b1,0.0
pegasus-kickstart,ee12564debb781ba,0.0
pegasus-kickstart,ee1e624b2fe1e38e,0.0
pegasus-kickstart,ee2c4fe7a4f74139,0.0
pegasus-kickstart,ee6bc86a50372f7b,0.0
pegasus-kickstart,ee7a847675543dd8,0.0
pegasus-kickstart,ee873aa3271ff6c0,0.0
pegasus-kickstart,ee8b69c24a0d46bc,0.0
pegasus-kickstart,eeb50d2fbaea27c4,0.0
pegasus-kickstart,eecd5c566a9fc51f,0.0
pegasus-kickstart,eeddbda8c7ae3758,0.0
pegasus-kickstart,eee4aa955a15e362,0.0
pegasus-kickstart,eee55da255951714,0.0
pegasus-kickstart,eee85cfa10cc5b72,0.0
pegasus-kickstart,eef2e307d393efe4,0.0
pegasus-kickstart,eef428972b0bcff5,0.0
pegasus-kickstart,eef58b4a3940b613,0.0
pegasus-kickstart,ef139d61f3d8ee5f,0.0
pegasus-kickstart,ef1ffdb1fa4c9b72,0.0
pegasus-kickstart,ef2d5a28db04c2bb,0.0
pegasus-kickstart,ef3c72330a3fa022,0.0
pegasus-kickstart,ef4434094784877a,0.0
pegasus-kickstart,ef60c031237eab30,0.0
pegasus-kickstart,ef70908db475d5b6,0.0
pegasus-kickstart,ef8ca5742a71cfc8,0.0
pegasus-kickstart,efce98e51b1e5cb9,0.0
pegasus-kickstart,efcefeb2b961358f,0.0
pegasus-kickstart,efd5f649beb1b24a,0.0
pegasus-kickstart,efde26f8a870b58a,0.0
pegasus-kickstart,efdfda09290f5688,0.0
pegasus-kickstart,efe04987441a01a5,0.0
pegasus-kickstart,efe06cf8d306350b,0.0
pegasus-kickstart,effa8366dd8932fe,0.0
pegasus-kickstart,effb132d48ff10bd,0.0
pegasus-kickstart,efff13bd0aca51f4,0.0
pegasus-kickstart,efff37583f260e1c,0.0
pegasus-kickstart,f000df440d35bf11,0.0
pegasus-kickstart,f005b5413a6919db,0.0
pegasus-kickstart,f008884062316a66,0.0
pegasus-kickstart,f02bc2d7fe7dfc00,0.0
pegasus-kickstart,f02cff789cb50654,0.0
pegasus-kickstart,f05914fcd9a47ca3,0.0
pegasus-kickstart,f059d266cf0d932e,0.0
pegasus-kickstart,f060808be7e6e282,0.0
pegasus-kickstart,f0738db041c8cfdf,0.0
pegasus-kickstart,f09e3a877703a491,0.0
pegasus-kickstart,f0c0c33a2f7ccc7e,0.0
pegasus-kickstart,f0d3624e9e885010,0.0
pegasus-kickstart,f0ecbb578b893a60,0.0
pegasus-kickstart,f0f1d8db6e60e808,0.0
pegasus-kickstart,f1044c2df1db3db0,0.0
pegasus-kickstart,f143a9f6cfe60135,0.0
pegasus-kickstart,f162a6616d09b57e,0.0
pegasus-kickstart,f17c9fbe148d00af,0.0
pegasus-kickstart,f18853f6d1e7c304,0.0
pegasus-kickstart,f18e740eed7e43a3,0.0
pegasus-kickstart,f1be9bc96495bb97,0.0
pegasus-kickstart,f1dcfb917d65fea3,0.0
pegasus-kickstart,f1fd6485b836d6cc,0.0
pegasus-kickstart,f204184dbbde9d7f,0.0
pegasus-kickstart,f204c5257b050895,0.0
pegasus-kickstart,f2304753fdcb0a28,0.0
pegasus-kickstart,f2329eb9ec24d594,0.0
pegasus-kickstart,f23aa2508d043ba0,0.0
pegasus-kickstart,f247eb67db9657ec,0.0
pegasus-kickstart,f24d74f0d384a4ee,0.0
pegasus-kickstart,f25f526e8d1a2e75,0.0
pegasus-kickstart,f277ac1f3bea7da7,0.0
pegasus-kickstart,f28d413801768b50,0.0
pegasus-kickstart,f29be5f7e2f39cb7,0.0
pegasus-kickstart,f2a4610febc9f42c,0.0
pegasus-kickstart,f2b3957e56542bae,0.0
pegasus-kickstart,f2da3ff1b756cbc5,0.0
pegasus-kickstart,f2e12a1cf548146f,0.0
pegasus-kickstart,f2ea077c8c141360,0.0
pegasus-kickstart,f2ee0b256ff3e3cc,0.0
pegasus-kickstart,f2fd3ff74414ed5b,0.0
pegasus-kickstart,f3231f7f69908c48,0.0
pegasus-kickstart,f32fe3538607070a,0.0
pegasus-kickstart,f3332500f9dd2e1f,0.0
pegasus-kickstart,f340db3620e149ff,0.0
pegasus-kickstart,f34419f2babb638a,0.0
pegasus-kickstart,f3453510c374c859,0.0
pegasus-kickstart,f34aab3d3ede2fdf,0.0
pegasus-kickstart,f34aac6507b1f65a,0.0
pegasus-kickstart,f37f1ca4822aaca3,0.0
pegasus-kickstart,f3801e78a9cc36f6,0.0
pegasus-kickstart,f380cf4ba8881a90,0.0
pegasus-kickstart,f3895a76b9bb2526,0.0
pegasus-kickstart,f38afe41e41d17ee,0.0
pegasus-kickstart,f396af65f83f7a79,0.0
pegasus-kickstart,f39ee96300053cd1,0.0
pegasus-kickstart,f3b50ba2699036c0,0.0
pegasus-kickstart,f3b6d0de37bfb6ed,0.0
pegasus-kickstart,f3b72d86d6f73253,0.0
pegasus-kickstart,f3b7b3d2d62e67d0,0.0
pegasus-kickstart,f3cf380eab7cee34,0.0
pegasus-kickstart,f3dbc42d9ff17535,0.0
pegasus-kickstart,f3e0c41930d7dcbc,0.0
pegasus-kickstart,f3e1fc61be9ec89b,0.0
pegasus-kickstart,f3ee86345abfe31e,0.0
pegasus-kickstart,f41d7bef1bea8d18,0.0
pegasus-kickstart,f43446aa5fc16aa3,0.0
pegasus-kickstart,f43cee7d515efb40,0.0
pegasus-kickstart,f43fb3c6f9c8a423,0.0
pegasus-kickstart,f46e4dbcd2040b8f,0.0
pegasus-kickstart,f46f982f4b2847b4,0.0
pegasus-kickstart,f478e461e4359a33,0.0
pegasus-kickstart,f49457036e8c3209,0.0
pegasus-kickstart,f49771cd24d66d75,0.0
pegasus-kickstart,f49b2a5580246371,0.0
pegasus-kickstart,f49effc16c25dcb4,0.0
pegasus-kickstart,f4bc9e320ceb5412,0.0
pegasus-kickstart,f4d14a9c9dfaaecc,0.0
pegasus-kickstart,f4d14fb47958e7f6,0.0
pegasus-kickstart,f4e2b9009d8d388c,0.0
pegasus-kickstart,f4e514970d721f57,0.0
pegasus-kickstart,f4f1c649184f92a0,0.0
pegasus-kickstart,f4f46db0da1ac3e6,0.0
pegasus-kickstart,f4f7bf474b077fe0,0.0
pegasus-kickstart,f5404517dfb625db,0.0
pegasus-kickstart,f57005bbb1c5364a,0.0
pegasus-kickstart,f58b83b8045c9557,0.0
pegasus-kickstart,f59a982da5074cd8,0.0
pegasus-kickstart,f5b5cc06eeb0b0f5,0.0
pegasus-kickstart,f5d846be170ae9bb,0.0
pegasus-kickstart,f5e4de5ecc76d4d8,0.0
pegasus-kickstart,f5ea9d2b7e1fbe9b,0.0
pegasus-kickstart,f5f9f03b1531424a,0.0
pegasus-kickstart,f614d449c17a68f4,0.0
pegasus-kickstart,f667c6ca3f08b4af,0.0
pegasus-kickstart,f66bf107f3b82a2c,0.0
pegasus-kickstart,f67447c20ecc0100,0.0
pegasus-kickstart,f674bf12a14104c2,0.0
pegasus-kickstart,f676013884e7a702,0.0
pegasus-kickstart,f680e3beb2f20cfa,0.0
pegasus-kickstart,f68817a25dcf9e8d,0.0
pegasus-kickstart,f6979e0e73329773,0.0
pegasus-kickstart,f6b299b39290d865,0.0
pegasus-kickstart,f6b7b2fea7b9c5b3,0.0
pegasus-kickstart,f6c0edf82873b9ff,0.0
pegasus-kickstart,f6d106b075e57eb4,0.0
pegasus-kickstart,f703dbef3cbf6825,0.0
pegasus-kickstart,f71b08ccf4476832,0.0
pegasus-kickstart,f71dcbe44bf8f788,0.0
pegasus-kickstart,f7387e5e89f76514,0.0
pegasus-kickstart,f75b898c32502467,0.0
pegasus-kickstart,f78d1fd80c17c6e2,0.0
pegasus-kickstart,f79353d5c6dbbd5f,0.0
pegasus-kickstart,f7bb810a938dae13,0.0
pegasus-kickstart,f7bc92f001639e06,0.0
pegasus-kickstart,f7c5e15af65fb1bc,0.0
pegasus-kickstart,f7c94536297ffbea,0.0
pegasus-kickstart,f7f108c5c92a526e,0.0
pegasus-kickstart,f7ff9f5fe83c118e,0.0
pegasus-kickstart,f803aebaee020cc2,0.0
pegasus-kickstart,f8057ba748cf1809,0.0
pegasus-kickstart,f808d1a8e5371216,0.0
pegasus-kickstart,f834fb9fbc33a261,0.0
pegasus-kickstart,f84589562b081e16,0.0
pegasus-kickstart,f85069f81a08d2f8,0.0
pegasus-kickstart,f8563749ef740130,0.0
pegasus-kickstart,f8618aaed8072c62,0.0
pegasus-kickstart,f869ce8ea8448426,0.0
pegasus-kickstart,f89966fdeb87032c,0.0
pegasus-kickstart,f8c35bf4d11e90a6,0.0
pegasus-kickstart,f8e392f505478d4c,0.0
pegasus-kickstart,f8e9ebe45c206f94,0.0
pegasus-kickstart,f8eca46b248d2a41,0.0
pegasus-kickstart,f903512d5f5c4657,0.0
pegasus-kickstart,f916db0fcf1c8b11,0.0
pegasus-kickstart,f9171ae6b8c2acdc,0.0
pegasus-kickstart,f91b2e4b689dbf53,0.0
pegasus-kickstart,f929b29b85c8d6d4,0.0
pegasus-kickstart,f92d49e363a3ae2e,0.0
pegasus-kickstart,f93f08531c943e08,0.0
pegasus-kickstart,f95a29c9156a53a5,0.0
pegasus-kickstart,f962515e33859736,0.0
pegasus-kickstart,f96fa365388c8abd,0.0
pegasus-kickstart,f987a5315067ec98,0.0
pegasus-kickstart,f9984c7cfdc69fcd,0.0
pegasus-kickstart,f99efd6e44018092,0.0
pegasus-kickstart,f9ae2933b1556d45,0.0
pegasus-kickstart,f9b48a575302ff24,0.0
pegasus-kickstart,f9dc71dadd9e721d,0.0
pegasus-kickstart,f9e61f7936a60a30,0.0
pegasus-kickstart,fa05f39fd4d1a154,0.0
pegasus-kickstart,fa245ea67ce5d9d3,0.0
pegasus-kickstart,fa26e0edeab9c2eb,0.0
pegasus-kickstart,fa288b501449d746,0.0
pegasus-kickstart,fa2b43789a402b66,0.0
pegasus-kickstart,fa3170273d21173d,0.0
pegasus-kickstart,fa3799a2a5f5d474,0.0
pegasus-kickstart,fa5bb3182c765fed,0.0
pegasus-kickstart,fa66ceb6450a8e87,0.0
pegasus-kickstart,fa725d0254a6804d,0.0
pegasus-kickstart,fa7bcb466f29cd7e,0.0
pegasus-kickstart,fa7e8cf7a406dc27,0.0
pegasus-kickstart,fa7fee0b1070d79e,0.0
pegasus-kickstart,fa985d0773c01f7a,0.0
pegasus-kickstart,faa9470960e90a50,0.0
pegasus-kickstart,faaa1456b8326de1,0.0
pegasus-kickstart,fac8c824b8541008,0.0
pegasus-kickstart,fafafb4b63f8ce1c,0.0
pegasus-kickstart,fb14173a76fc6e42,0.0
pegasus-kickstart,fb17c741d2213a91,0.0
pegasus-kickstart,fb274d05ae88d32d,0.0
pegasus-kickstart,fb55973b7eb8b58e,0.0
pegasus-kickstart,fb58800eef06dc2d,0.0
pegasus-kickstart,fb597d1554e84f48,0.0
pegasus-kickstart,fb5da49a94896995,0.0
pegasus-kickstart,fb9acb94fb92e288,0.0
pegasus-kickstart,fbc08df9e1934d61,0.0
pegasus-kickstart,fbc8d95942210399,0.0
pegasus-kickstart,fbde3ad475de5ca1,0.0
pegasus-kickstart,fbf41276e0756898,0.0
pegasus-kickstart,fc08e2abaa0771a2,0.0
pegasus-kickstart,fc1cb986b192f377,0.0
pegasus-kickstart,fc298042b482fbe8,0.0
pegasus-kickstart,fc3eabbdbfd8b96b,0.0
pegasus-kickstart,fc46f9b37d560de5,0.0
pegasus-kickstart,fc694783e3769c5c,0.0
pegasus-kickstart,fc78761988f09777,0.0
pegasus-kickstart,fc83e5fd93362569,0.0
pegasus-kickstart,fc99e8e40f1373a4,0.0
pegasus-kickstart,fca5310986644b47,0.0
pegasus-kickstart,fca9bb5294fe0af1,0.0
pegasus-kickstart,fca9f90cc1ffc385,0.0
pegasus-kickstart,fcb063bc266e6703,0.0
pegasus-kickstart,fcb9f0e394d4c9cc,0.0
pegasus-kickstart,fcd35bbb1b986d65,0.0
pegasus-kickstart,fcf4a76a984fb545,0.0
pegasus-kickstart,fd1d5486a2bd3a76,0.0
pegasus-kickstart,fd23601953f39f3c,0.0
pegasus-kickstart,fd3497b496eaa829,0.0
pegasus-kickstart,fd4eb32cdc9c84cc,0.0
pegasus-kickstart,fd539599bf0030e8,0.0
pegasus-kickstart,fd5a9379bde8e565,0.0
pegasus-kickstart,fd7cccb366ee06c5,0.0
pegasus-kickstart,fd851d04e69447c2,0.0
pegasus-kickstart,fd9b6489e6f4e613,0.0
pegasus-kickstart,fda1816b5f999050,0.0
pegasus-kickstart,fda39b556df11191,0.0
pegasus-kickstart,fddcf8fe09650346,0.0
pegasus-kickstart,fde0fa868094a6f9,0.0
pegasus-kickstart,fde12e620aca4503,0.0
pegasus-kickstart,fdf4c111cb6e4017,0.0
pegasus-kickstart,fe051049faca1735,0.0
pegasus-kickstart,fe0962d37a81378a,0.0
pegasus-kickstart,fe10de6e2c2acece,0.0
pegasus-kickstart,fe2ec22301ee237a,0.0
pegasus-kickstart,fe4b2574fb8ce167,0.0
pegasus-kickstart,fe5807596f38e5b6,0.0
pegasus-kickstart,fe5da53d27148418,0.0
pegasus-kickstart,fe6ef2de71fabc6d,0.0
pegasus-kickstart,fe7ec25032c8d3f6,0.0
pegasus-kickstart,fe8eff28a3704118,0.0
pegasus-kickstart,fe914bf7155c9608,0.0
pegasus-kickstart,fea023857f3cc8dc,0.0
pegasus-kickstart,feb126a4b3e209c0,0.0
pegasus-kickstart,fed636f43b533cb6,0.0
pegasus-kickstart,feda76372607a62b,0.0
pegasus-kickstart,fee73f6e13af73c5,0.0
pegasus-kickstart,feec92184399f966,0.0
pegasus-kickstart,ff00eb4c3dd94df9,0.0
pegasus-kickstart,ff195f1852c8e9f3,0.0
pegasus-kickstart,ff6983929289bf4c,0.0
pegasus-kickstart,ff6ecba25915b38c,0.0
pegasus-kickstart,ffb9b7d4dde12107,0.0
pegasus-kickstart,ffe216509959e142,0.0
pegasus-kickstart,fff13af99884ffc0,0.0
pegasus-kickstart,173eb8bdd88653a1,16.0
pegasus-kickstart,8563f0423f2d7faf,16.0
pegasus-kickstart,4c2c769ef854e4db,16.0
pegasus-kickstart,52ed5808ea0474a5,16.0
pegasus-kickstart,ee273240a1e5dc9d,0.0
pegasus-kickstart,0005d9381a852b45,0.0
pegasus-kickstart,001e2ba5f2a2486d,0.0
pegasus-kickstart,004206baeb110130,0.0
pegasus-kickstart,004f1c8600071c15,0.0
pegasus-kickstart,00e773b401cba268,0.0
pegasus-kickstart,010474f64380fda7,0.0
pegasus-kickstart,0125bc33c3fcc589,0.0
pegasus-kickstart,0137a5d4ad3b7d6b,0.0
pegasus-kickstart,017c9614443fce12,0.0
pegasus-kickstart,01959e04dabafcef,0.0
pegasus-kickstart,01b37852b3cdfeb9,0.0
pegasus-kickstart,01f3a37dac5f79b3,0.0
pegasus-kickstart,0209150cdc570261,0.0
pegasus-kickstart,020f982d5af1cd5a,0.0
pegasus-kickstart,02113655498befdd,0.0
pegasus-kickstart,022266df7b006641,0.0
pegasus-kickstart,025b417ee355c3f1,0.0
pegasus-kickstart,02acfb3168aa246e,0.0
pegasus-kickstart,02b9951c4b7c7869,0.0
pegasus-kickstart,032ff454f2eb6ae7,0.0
pegasus-kickstart,03476ed585e31e2f,0.0
pegasus-kickstart,035c16be87e2cc16,0.0
pegasus-kickstart,037025f4701a9845,0.0
pegasus-kickstart,03bf06633a3b08fc,0.0
pegasus-kickstart,03fccf5da28edaa5,0.0
pegasus-kickstart,041df125792a9f8f,0.0
pegasus-kickstart,042f1e4c89b49b0a,0.0
pegasus-kickstart,04325247b8f2c1fa,0.0
pegasus-kickstart,0461d69637584afc,0.0
pegasus-kickstart,048706e29bfe5349,0.0
pegasus-kickstart,04cdf466d3858b51,0.0
pegasus-kickstart,04cef0cbc896b267,0.0
pegasus-kickstart,05015cd192457560,0.0
pegasus-kickstart,05312978786ae95e,0.0
pegasus-kickstart,055f86a3412d7a18,0.0
pegasus-kickstart,05615604fd4a9735,0.0
pegasus-kickstart,0593b3bded9cce3c,0.0
pegasus-kickstart,062afb6b479bf594,0.0
pegasus-kickstart,0657cf3995e01f28,0.0
pegasus-kickstart,065eb543fd22895e,0.0
pegasus-kickstart,06c9eb8c28729a22,0.0
pegasus-kickstart,06cd2b4f7fea5b85,0.0
pegasus-kickstart,06de33eb036e536c,0.0
pegasus-kickstart,06e63890d40e36d4,0.0
pegasus-kickstart,06f13ece030cc988,0.0
pegasus-kickstart,070a6453fea6d952,0.0
pegasus-kickstart,071edb2aa79feb93,0.0
pegasus-kickstart,07414df965858c99,0.0
pegasus-kickstart,0768d15afe8a6865,0.0
pegasus-kickstart,076cadae3ff87da7,0.0
pegasus-kickstart,077ac9a31f44a8a7,0.0
pegasus-kickstart,078c8b35e3e84cdf,0.0
pegasus-kickstart,0794fee75e684cb0,0.0
pegasus-kickstart,079ff184d6a5c41c,0.0
pegasus-kickstart,07a87cdf623d7866,0.0
pegasus-kickstart,07bd4c245f700417,0.0
pegasus-kickstart,07fc690c3470c137,0.0
pegasus-kickstart,08657766721ac554,0.0
pegasus-kickstart,086645d15a44e09f,0.0
pegasus-kickstart,088b7b5d8235f508,0.0
pegasus-kickstart,0894b85d3b406e4e,0.0
pegasus-kickstart,08c3a750284319ac,0.0
pegasus-kickstart,08d8f59111a9999e,0.0
pegasus-kickstart,08f92ed8a653331c,0.0
pegasus-kickstart,096427d7c01348a4,0.0
pegasus-kickstart,0970f882e2a84791,0.0
pegasus-kickstart,09c7787d25b1fc85,0.0
pegasus-kickstart,0a0b382a7c77ca85,0.0
pegasus-kickstart,0a48e749474de834,0.0
pegasus-kickstart,0a5b7d7dd81cfcc6,0.0
pegasus-kickstart,0aaf5242bd20c7aa,0.0
pegasus-kickstart,0ac776ab1aa3ebe9,0.0
pegasus-kickstart,0ad67333efa35d4d,0.0
pegasus-kickstart,0af636425c024ccb,0.0
pegasus-kickstart,0af70eb01b982cdd,0.0
pegasus-kickstart,0b96fd8557d3f875,0.0
pegasus-kickstart,0bbcc144a4a8ba23,0.0
pegasus-kickstart,0bdcd458352f273c,0.0
pegasus-kickstart,0bf1a140124a2818,0.0
pegasus-kickstart,0c142b80c968aff1,0.0
pegasus-kickstart,0c548e7dee33f7c2,0.0
pegasus-kickstart,0c62cc4acc8a2b14,0.0
pegasus-kickstart,0c6ed29908cde423,0.0
pegasus-kickstart,0c98ec28cedba390,0.0
pegasus-kickstart,0d52093589b66ee1,0.0
pegasus-kickstart,0d5aad27f18207c6,0.0
pegasus-kickstart,0d6aa19c379f636d,0.0
pegasus-kickstart,0d758af96e2a9d86,0.0
pegasus-kickstart,0d77d9518b93a815,0.0
pegasus-kickstart,0d97d5e6effd6ed0,0.0
pegasus-kickstart,0ddc13bea82fa690,0.0
pegasus-kickstart,0e07bd4e2cbcaaf7,0.0
pegasus-kickstart,0e10357859b49c44,0.0
pegasus-kickstart,0ed3f7ed08846d80,0.0
pegasus-kickstart,0edac246a8b0bc46,0.0
pegasus-kickstart,0efd8cb220d01497,0.0
pegasus-kickstart,0f4e3d3af5306c8b,0.0
pegasus-kickstart,0f558b4520e5facd,0.0
pegasus-kickstart,0f5e2196f5f00345,0.0
pegasus-kickstart,0fcdd18026f86309,0.0
pegasus-kickstart,0fd1a7e8cbd7ba77,0.0
pegasus-kickstart,0fd3936210474f25,0.0
pegasus-kickstart,0fdad4a1e080e876,0.0
pegasus-kickstart,105844c57572fb26,0.0
pegasus-kickstart,105ab95236a7703e,0.0
pegasus-kickstart,1062912d6023428e,0.0
pegasus-kickstart,10683dc495e0d2e5,0.0
pegasus-kickstart,10785c4401fafdf8,0.0
pegasus-kickstart,107bafee2a442be4,0.0
pegasus-kickstart,107f27abae1454ff,0.0
pegasus-kickstart,1099129f1724e631,0.0
pegasus-kickstart,10ffac5a26fdb7d5,0.0
pegasus-kickstart,1100900e75fd8fce,0.0
pegasus-kickstart,11053b396690166c,0.0
pegasus-kickstart,110cb0e0687cf4e3,0.0
pegasus-kickstart,1114000c80478f5d,0.0
pegasus-kickstart,11254653c980d835,0.0
pegasus-kickstart,118fe87dc4ff8988,0.0
pegasus-kickstart,11b2da42ad291288,0.0
pegasus-kickstart,11d42f093ef80e0b,0.0
pegasus-kickstart,11fcb9dc8b00d9b2,0.0
pegasus-kickstart,1226b6c7dc962993,0.0
pegasus-kickstart,12276c88c4ffa8d0,0.0
pegasus-kickstart,1227cf849329fb45,0.0
pegasus-kickstart,1248ee4d3619b8c6,0.0
pegasus-kickstart,128bf3c4286cc1d4,0.0
pegasus-kickstart,1291506900c62984,0.0
pegasus-kickstart,12a0457913b8f6bf,0.0
pegasus-kickstart,12ce8ed73f0345b9,0.0
pegasus-kickstart,12da87af6c28682f,0.0
pegasus-kickstart,12dc35355db38e1f,0.0
pegasus-kickstart,12ec1e59836b803a,0.0
pegasus-kickstart,12f8f37b984b2acf,0.0
pegasus-kickstart,1311f5fee444c26a,0.0
pegasus-kickstart,1318fefd25094625,0.0
pegasus-kickstart,131c3e28a0edb3b6,0.0
pegasus-kickstart,13357e482f5f1101,0.0
pegasus-kickstart,134da08d8f342062,0.0
pegasus-kickstart,13636a607c1831e9,0.0
pegasus-kickstart,13bbcc131bd4d197,0.0
pegasus-kickstart,13e73eda57205bdb,0.0
pegasus-kickstart,13faa955f5c08e4b,0.0
pegasus-kickstart,14156ca8b43520f2,0.0
pegasus-kickstart,143b01ab198f26fc,0.0
pegasus-kickstart,147a2901ea5f9ad4,0.0
pegasus-kickstart,147b63ed8547d891,0.0
pegasus-kickstart,1485b2e524ba9b68,0.0
pegasus-kickstart,1491da2988b4b31e,0.0
pegasus-kickstart,14a3acfd441857a1,0.0
pegasus-kickstart,14d6ef5de4ed6edf,0.0
pegasus-kickstart,14de99b611a6ccc2,0.0
pegasus-kickstart,14eacdf7b96fd540,0.0
pegasus-kickstart,1551426a3d02d271,0.0
pegasus-kickstart,15657d7b5df8caf3,0.0
pegasus-kickstart,15827466e0f747e5,0.0
pegasus-kickstart,159bafd42915c3d6,0.0
pegasus-kickstart,15c32c59fe164954,0.0
pegasus-kickstart,15eaa6eb2679a367,0.0
pegasus-kickstart,160ef8cf908c795d,0.0
pegasus-kickstart,1614b15d2a83e6a3,0.0
pegasus-kickstart,161a7f3eebaae557,0.0
pegasus-kickstart,162783a2c5b9d17a,0.0
pegasus-kickstart,162dbaff3381c60b,0.0
pegasus-kickstart,1633707b804f40ae,0.0
pegasus-kickstart,168000807bf8c6c5,0.0
pegasus-kickstart,16968fef102d800b,0.0
pegasus-kickstart,16a1e1dbe46b6362,0.0
pegasus-kickstart,16cf240570240b1a,0.0
pegasus-kickstart,16e4680dc5f8bec0,0.0
pegasus-kickstart,16f215abd030c735,0.0
pegasus-kickstart,17514fb70a9174bb,0.0
pegasus-kickstart,1772fcead371163a,0.0
pegasus-kickstart,178644c8f2f6836a,0.0
pegasus-kickstart,179a89eedafde6b6,0.0
pegasus-kickstart,17aeadf38d293523,0.0
pegasus-kickstart,17af1317f23ca324,0.0
pegasus-kickstart,17b4af9f8f551fa3,0.0
pegasus-kickstart,17ff5aeb17ef368d,0.0
pegasus-kickstart,1817f399fff596af,0.0
pegasus-kickstart,185d41ea2a587693,0.0
pegasus-kickstart,1870c32b065b985a,0.0
pegasus-kickstart,18ac65ea892c2358,0.0
pegasus-kickstart,18c4759dae31798e,0.0
pegasus-kickstart,1907f6a20788d378,0.0
pegasus-kickstart,193c00b1e046f39a,0.0
pegasus-kickstart,1954c80c0b16134b,0.0
pegasus-kickstart,196121a567963ead,0.0
pegasus-kickstart,1965b92695ad0418,0.0
pegasus-kickstart,197d1323d84b1b4f,0.0
pegasus-kickstart,19d2c725496d94f1,0.0
pegasus-kickstart,19ff232165f79ecc,0.0
pegasus-kickstart,1a1a87276494ac8f,0.0
pegasus-kickstart,1a2c40b0889d6b52,0.0
pegasus-kickstart,1a95528093ccb8a8,0.0
pegasus-kickstart,1aaea0582045c602,0.0
pegasus-kickstart,1ae3d7630e1d5fab,0.0
pegasus-kickstart,1aefba309e22dc41,0.0
pegasus-kickstart,1aefcc63d43a8333,0.0
pegasus-kickstart,1afa3314fe8a29f4,0.0
pegasus-kickstart,1afd70ee542d7d0c,0.0
pegasus-kickstart,1b0b72386a6514cd,0.0
pegasus-kickstart,1b1c252e5729630e,0.0
pegasus-kickstart,1b1e0252d82350c5,0.0
pegasus-kickstart,1b3566e7f9af0826,0.0
pegasus-kickstart,1b36c76a9244ff23,0.0
pegasus-kickstart,1b5bc130074d8e34,0.0
pegasus-kickstart,1b8614c67b74a2cf,0.0
pegasus-kickstart,1ba3c20493fb6047,0.0
pegasus-kickstart,1bb84bef9819458c,0.0
pegasus-kickstart,1bc63a5d5e03b320,0.0
pegasus-kickstart,1be5eaeddfa4a3d1,0.0
pegasus-kickstart,1c34f0754232f4f3,0.0
pegasus-kickstart,1c55672386b29d15,0.0
pegasus-kickstart,1c5864155750cc00,0.0
pegasus-kickstart,1c5f0150d5759a50,0.0
pegasus-kickstart,1c8e342c530f13bd,0.0
pegasus-kickstart,1cbae54e32f657d3,0.0
pegasus-kickstart,1cd663c8411e7ec2,0.0
pegasus-kickstart,1ce0957ca1488577,0.0
pegasus-kickstart,1cef021037029bd0,0.0
pegasus-kickstart,1d1c02eacbf56619,0.0
pegasus-kickstart,1d29e7f570d1c066,0.0
pegasus-kickstart,1d3f6cc420f346dc,0.0
pegasus-kickstart,1d8b0c133782fcfa,0.0
pegasus-kickstart,1dbd53a328c36ff0,0.0
pegasus-kickstart,1dd794e58134cfd4,0.0
pegasus-kickstart,1ded749233b28340,0.0
pegasus-kickstart,1e5812eeab2efb79,0.0
pegasus-kickstart,1e5b81f620fbfa83,0.0
pegasus-kickstart,1e6910f69d2f4914,0.0
pegasus-kickstart,1e7f97d00aef90f0,0.0
pegasus-kickstart,1e98c2cb24f41d7f,0.0
pegasus-kickstart,1ea53431018bc44d,0.0
pegasus-kickstart,1ec2736792925532,0.0
pegasus-kickstart,1f26983045df7d3c,0.0
pegasus-kickstart,1f2796b884e5ec70,0.0
pegasus-kickstart,1f2be3e674517de8,0.0
pegasus-kickstart,1f5c0cf5f5196753,0.0
pegasus-kickstart,1f9ef38e08e5ddf4,0.0
pegasus-kickstart,1fc6720dd5ee6a18,0.0
pegasus-kickstart,1fcc348be0b5b2d4,0.0
pegasus-kickstart,1fe30ca5bbabecbb,0.0
pegasus-kickstart,1ff6d3ee1cf9d00e,0.0
pegasus-kickstart,200728bd5b6ead5e,0.0
pegasus-kickstart,20469822837e6ed2,0.0
pegasus-kickstart,204ce131c166206a,0.0
pegasus-kickstart,207ca5ac6d98e34e,0.0
pegasus-kickstart,2085f1f0ba0363c8,0.0
pegasus-kickstart,20acef183257ed53,0.0
pegasus-kickstart,20b08b1bee78e2bc,0.0
pegasus-kickstart,20b121e2867795cc,0.0
pegasus-kickstart,20bbfa1585fdc405,0.0
pegasus-kickstart,20bc1335e3ba0834,0.0
pegasus-kickstart,20c4d826e5a3761f,0.0
pegasus-kickstart,212826e6856f2c14,0.0
pegasus-kickstart,2165fa689bde94a0,0.0
pegasus-kickstart,2189c0fe08006d9f,0.0
pegasus-kickstart,2199dc8e04e11f8b,0.0
pegasus-kickstart,21ee7bd5de69a05a,0.0
pegasus-kickstart,21f22318f9b20ed4,0.0
pegasus-kickstart,21f280e5150b4b11,0.0
pegasus-kickstart,2215feaf77bb4645,0.0
pegasus-kickstart,2228c3225b9cd579,0.0
pegasus-kickstart,223bf8496cb6afcd,0.0
pegasus-kickstart,223eb23493f99584,0.0
pegasus-kickstart,224d825fc135fc41,0.0
pegasus-kickstart,22578e20d50b2ba2,0.0
pegasus-kickstart,225b4033fbaa5f18,0.0
pegasus-kickstart,2267caf1e0be6075,0.0
pegasus-kickstart,22c040f743366e72,0.0
pegasus-kickstart,22cced490414e2b1,0.0
pegasus-kickstart,22d61dc788f636c7,0.0
pegasus-kickstart,22ee5927a69229da,0.0
pegasus-kickstart,233b14e9a3b1da90,0.0
pegasus-kickstart,234747d21b8d4d5b,0.0
pegasus-kickstart,23788c5441d35009,0.0
pegasus-kickstart,23a525504cc794e0,0.0
pegasus-kickstart,2410bb3ab5fd8043,0.0
pegasus-kickstart,245f43bfaf2e4878,0.0
pegasus-kickstart,24ca802438d831fc,0.0
pegasus-kickstart,2505f101600341c1,0.0
pegasus-kickstart,25062e4f1f8811fa,0.0
pegasus-kickstart,253b29aa77bc9e46,0.0
pegasus-kickstart,25499530900cb421,0.0
pegasus-kickstart,256e6d740d3b8aaf,0.0
pegasus-kickstart,25a8b2e6f1bc04b1,0.0
pegasus-kickstart,25af16ce3e045257,0.0
pegasus-kickstart,25b7fc77d534c42e,0.0
pegasus-kickstart,25b815d5faae5cf5,0.0
pegasus-kickstart,25e455f9b4225f33,0.0
pegasus-kickstart,261d0e0d3b59d677,0.0
pegasus-kickstart,261ebeea66dc26d2,0.0
pegasus-kickstart,262687415ba80c12,0.0
pegasus-kickstart,2670848093665f53,0.0
pegasus-kickstart,27234a1500537b5d,0.0
pegasus-kickstart,278f2145a9253e1d,0.0
pegasus-kickstart,27a67fc0b2ed8895,0.0
pegasus-kickstart,27d51982e6c90155,0.0
pegasus-kickstart,284276ea8d6512fa,0.0
pegasus-kickstart,2880f56d0d97aa73,0.0
pegasus-kickstart,2889dff1b87a7e92,0.0
pegasus-kickstart,2899cc050c0a9870,0.0
pegasus-kickstart,28a2859984cea4d1,0.0
pegasus-kickstart,28c10030abd747e7,0.0
pegasus-kickstart,28d138bb5331188d,0.0
pegasus-kickstart,28f30f6256051862,0.0
pegasus-kickstart,2a0a46912c3a640d,0.0
pegasus-kickstart,2a0af0b7488bc673,0.0
pegasus-kickstart,2a4ca62bf6f40e84,0.0
pegasus-kickstart,2a5116f8a8e01779,0.0
pegasus-kickstart,2a85da703cc05630,0.0
pegasus-kickstart,2aa255c7a5c7b865,0.0
pegasus-kickstart,2ac2424d7477f154,0.0
pegasus-kickstart,2ac81217e39795c9,0.0
pegasus-kickstart,2acfb2d7775a01fd,0.0
pegasus-kickstart,2ad377f57b9897a4,0.0
pegasus-kickstart,2afe71496b5a61b4,0.0
pegasus-kickstart,2b0b8c96da1fba6f,0.0
pegasus-kickstart,2bba624507c2eec6,0.0
pegasus-kickstart,2c517b428186e363,0.0
pegasus-kickstart,2ccb705010abbfde,0.0
pegasus-kickstart,2d0353eca5d2b79c,0.0
pegasus-kickstart,2d18db508d2f4f2a,0.0
pegasus-kickstart,2d3a5719f827de56,0.0
pegasus-kickstart,2d62aacab27cc6ab,0.0
pegasus-kickstart,2d67bf93e12fe32c,0.0
pegasus-kickstart,2d69b2ad95d0d636,0.0
pegasus-kickstart,2d72ed06d5e46c1c,0.0
pegasus-kickstart,2d856ecb0e2304c3,0.0
pegasus-kickstart,2def9dc174f4bb4d,0.0
pegasus-kickstart,2dffbbeb094648d2,0.0
pegasus-kickstart,2e13f338bd2354b8,0.0
pegasus-kickstart,2e2954dcbbb701e7,0.0
pegasus-kickstart,2e544c85ac9609e7,0.0
pegasus-kickstart,2e805f773296e889,0.0
pegasus-kickstart,2ee3d1d49d5cda1a,0.0
pegasus-kickstart,2f29b851fb7c6fa4,0.0
pegasus-kickstart,2fba631b9a33e151,0.0
pegasus-kickstart,303e968970332166,0.0
pegasus-kickstart,30821a8f6c041223,0.0
pegasus-kickstart,308db076554518f3,0.0
pegasus-kickstart,30ab2056ea1950a0,0.0
pegasus-kickstart,30b3eb850537e353,0.0
pegasus-kickstart,30b6fb34d264383b,0.0
pegasus-kickstart,30cd6147c19feee8,0.0
pegasus-kickstart,30f9c3cd87bf4453,0.0
pegasus-kickstart,3138904aff3a99fc,0.0
pegasus-kickstart,3143c9d7aeb60c8d,0.0
pegasus-kickstart,3148c9e9ed6870d1,0.0
pegasus-kickstart,3165ae052d36452f,0.0
pegasus-kickstart,3184952bd8e5cdb3,0.0
pegasus-kickstart,318974edea168434,0.0
pegasus-kickstart,31d7fbb76bb2894f,0.0
pegasus-kickstart,31e4d579767e2b22,0.0
pegasus-kickstart,31e5c1ed9e1f2b81,0.0
pegasus-kickstart,31fb74128b987e53,0.0
pegasus-kickstart,32096d217c004a04,0.0
pegasus-kickstart,322fd68cc2282f22,0.0
pegasus-kickstart,32730601c6ffdd60,0.0
pegasus-kickstart,3278399be413eb81,0.0
pegasus-kickstart,3291bc6d874e6088,0.0
pegasus-kickstart,32bcf3c29673338d,0.0
pegasus-kickstart,32c4e5811b55a77f,0.0
pegasus-kickstart,32c9ee63e79cd41e,0.0
pegasus-kickstart,33547cc402533e0a,0.0
pegasus-kickstart,340e9f08f94d0c6c,0.0
pegasus-kickstart,3462fbf8d6f382f1,0.0
pegasus-kickstart,34973fa564de1722,0.0
pegasus-kickstart,34a388a58dd39b4f,0.0
pegasus-kickstart,34f5465efb7a808c,0.0
pegasus-kickstart,35021c36ec2508d0,0.0
pegasus-kickstart,35062394e2060419,0.0
pegasus-kickstart,358236502eec4fee,0.0
pegasus-kickstart,35d2d3bda00c141c,0.0
pegasus-kickstart,35eb87c34e5c2041,0.0
pegasus-kickstart,35fe94fcfc3d66e6,0.0
pegasus-kickstart,36128f9a913d7d45,0.0
pegasus-kickstart,362a5f1e678227a7,0.0
pegasus-kickstart,36818cf9c8808ac3,0.0
pegasus-kickstart,368e8113b194e6ec,0.0
pegasus-kickstart,36a69f22f3becc69,0.0
pegasus-kickstart,36bbc5624f78a732,0.0
pegasus-kickstart,36f3afdff7a4cf3a,0.0
pegasus-kickstart,3726b80e215cdf78,0.0
pegasus-kickstart,3727e60af2deb889,0.0
pegasus-kickstart,37321cfdfa7959c7,0.0
pegasus-kickstart,3739d846b5105675,0.0
pegasus-kickstart,3767f420cd90e8f3,0.0
pegasus-kickstart,377577a4d16134ba,0.0
pegasus-kickstart,37b869a1c4fd9d50,0.0
pegasus-kickstart,37d8c66796756cab,0.0
pegasus-kickstart,37ea031e880e59a7,0.0
pegasus-kickstart,382c20cc853f8d54,0.0
pegasus-kickstart,38893411ddb85de8,0.0
pegasus-kickstart,389b75703c67ab97,0.0
pegasus-kickstart,38f3de7d2aff2a25,0.0
pegasus-kickstart,39365f7790673ae6,0.0
pegasus-kickstart,393ba99b6db96c4a,0.0
pegasus-kickstart,39656c60fc41f781,0.0
pegasus-kickstart,397f6b80cbe8e9d1,0.0
pegasus-kickstart,398c99d3031eac81,0.0
pegasus-kickstart,39c18ff4ea576549,0.0
pegasus-kickstart,39c73259ac8ef228,0.0
pegasus-kickstart,39caa88a7b47e3fc,0.0
pegasus-kickstart,39e497b0917d7ebc,0.0
pegasus-kickstart,3a2b349dea075e0b,0.0
pegasus-kickstart,3aead58afb4fc0b8,0.0
pegasus-kickstart,3b0b13a9847500c5,0.0
pegasus-kickstart,3b3dac1c878c525e,0.0
pegasus-kickstart,3b500f2e341e87cd,0.0
pegasus-kickstart,3b568ae63b7f6d06,0.0
pegasus-kickstart,3b74074a0b476338,0.0
pegasus-kickstart,3c1f25973f088bf0,0.0
pegasus-kickstart,3c24c1cf0376cc01,0.0
pegasus-kickstart,3c56a4c857d0d675,0.0
pegasus-kickstart,3c5b121569235177,0.0
pegasus-kickstart,3c5dadeb38815003,0.0
pegasus-kickstart,3c5dd5fc3d620325,0.0
pegasus-kickstart,3c71606448793fff,0.0
pegasus-kickstart,3c95f23e5ce23879,0.0
pegasus-kickstart,3cac1e229c9b2896,0.0
pegasus-kickstart,3cc2e2fd18438068,0.0
pegasus-kickstart,3cd96cc0a03d0735,0.0
pegasus-kickstart,3ce6e7d69b6ce09e,0.0
pegasus-kickstart,3cf9cdc4aa6ab20d,0.0
pegasus-kickstart,3d036915abf80dc1,0.0
pegasus-kickstart,3d14a3d7ded3714e,0.0
pegasus-kickstart,3d33a5ead8201a3a,0.0
pegasus-kickstart,3d5c8e25f1863735,0.0
pegasus-kickstart,3da0b4e9b0778c26,0.0
pegasus-kickstart,3da23df1daf7e3c4,0.0
pegasus-kickstart,3db0c458b10babfd,0.0
pegasus-kickstart,3e04f831dd853c3b,0.0
pegasus-kickstart,3e7c61ab164a79a6,0.0
pegasus-kickstart,3e93633481e62c85,0.0
pegasus-kickstart,3ea977a1918a38e7,0.0
pegasus-kickstart,3ebb516041d005cc,0.0
pegasus-kickstart,3ec42c47f06dd5c0,0.0
pegasus-kickstart,3f55dd0aa76b84db,0.0
pegasus-kickstart,3f75fa9eb644848a,0.0
pegasus-kickstart,3feef40fff14a3c8,0.0
pegasus-kickstart,4074d601f6c3ea7f,0.0
pegasus-kickstart,40c198513f4c9d20,0.0
pegasus-kickstart,40d67d14764d694f,0.0
pegasus-kickstart,4118f52b3d9ad35d,0.0
pegasus-kickstart,4135e6df82e1220a,0.0
pegasus-kickstart,414c7977ea01cca7,0.0
pegasus-kickstart,416caf9b90cd96bc,0.0
pegasus-kickstart,417d65d6b9b903ce,0.0
pegasus-kickstart,419d8da2438445ec,0.0
pegasus-kickstart,41a65e7ba140f29c,0.0
pegasus-kickstart,41a8d4a2d7575d3d,0.0
pegasus-kickstart,41dfea099068f2ff,0.0
pegasus-kickstart,41e156469e530e9a,0.0
pegasus-kickstart,420eab5cde767ad8,0.0
pegasus-kickstart,422b61ec6b9a9c07,0.0
pegasus-kickstart,4232e497eed61970,0.0
pegasus-kickstart,424dabf9841a0353,0.0
pegasus-kickstart,428e5ba635e8eb53,0.0
pegasus-kickstart,430792ef814a2482,0.0
pegasus-kickstart,437592d0dd0d5072,0.0
pegasus-kickstart,4398b4865655076b,0.0
pegasus-kickstart,43b6006a5e293df9,0.0
pegasus-kickstart,43be77487cf30cb4,0.0
pegasus-kickstart,43df6db4e9758ed7,0.0
pegasus-kickstart,440b067b7a0504ab,0.0
pegasus-kickstart,445dba446dfd4aa9,0.0
pegasus-kickstart,4462068d822254c9,0.0
pegasus-kickstart,44810130f2028b54,0.0
pegasus-kickstart,4498da53c44d8e9d,0.0
pegasus-kickstart,44bfa1a295c9d464,0.0
pegasus-kickstart,44c4a981d18e2252,0.0
pegasus-kickstart,44fb238e62fe6caf,0.0
pegasus-kickstart,44fee38f05b20913,0.0
pegasus-kickstart,4507d1870406323a,0.0
pegasus-kickstart,45423fa0c4450742,0.0
pegasus-kickstart,45549332f1fa7cf5,0.0
pegasus-kickstart,456bb9919c3253ca,0.0
pegasus-kickstart,45b7c8b60105eed1,0.0
pegasus-kickstart,45c4c05556e43475,0.0
pegasus-kickstart,463b851bbb95fd8d,0.0
pegasus-kickstart,467d9985a352700e,0.0
pegasus-kickstart,4682859ffac2c25e,0.0
pegasus-kickstart,469176df82a07b28,0.0
pegasus-kickstart,46a0f1cec9449a4d,0.0
pegasus-kickstart,46cf109f7641c68f,0.0
pegasus-kickstart,46d4f908d2e06701,0.0
pegasus-kickstart,472418d1986d7a0c,0.0
pegasus-kickstart,473dd5b50c87e13a,0.0
pegasus-kickstart,474866d0bcd85baf,0.0
pegasus-kickstart,476edb293408acc1,0.0
pegasus-kickstart,47a8d1e2b3787de6,0.0
pegasus-kickstart,47b4c6d93a679bb4,0.0
pegasus-kickstart,47c705bfdc4990ed,0.0
pegasus-kickstart,480301c547c0c4eb,0.0
pegasus-kickstart,4820acb31cc91eec,0.0
pegasus-kickstart,48519add76fbe2d6,0.0
pegasus-kickstart,4886eeee81ab2030,0.0
pegasus-kickstart,488e011afe9e7866,0.0
pegasus-kickstart,489872be7e8138f0,0.0
pegasus-kickstart,48baca7520ef4232,0.0
pegasus-kickstart,48c8eacf1ab47e52,0.0
pegasus-kickstart,48d124807711e4b2,0.0
pegasus-kickstart,497080fded85f0af,0.0
pegasus-kickstart,498dbebb7a729a9a,0.0
pegasus-kickstart,499394c70eed7b2c,0.0
pegasus-kickstart,49a843832402ea91,0.0
pegasus-kickstart,49c5150701555bc2,0.0
pegasus-kickstart,49d0c751cd014fc1,0.0
pegasus-kickstart,4a4c01ee121eb804,0.0
pegasus-kickstart,4a6ddda797cd8212,0.0
pegasus-kickstart,4a7da2d6cf35946b,0.0
pegasus-kickstart,4ac1e4e965d3b63c,0.0
pegasus-kickstart,4acbc0464db803df,0.0
pegasus-kickstart,4af3ca15325253b3,0.0
pegasus-kickstart,4b0f36a2389df5de,0.0
pegasus-kickstart,4b49491f4ec98b02,0.0
pegasus-kickstart,4b51d683e8d14f50,0.0
pegasus-kickstart,4b541d0f363101fb,0.0
pegasus-kickstart,4b59934e1bb85aef,0.0
pegasus-kickstart,4b5fbb237e43dd1d,0.0
pegasus-kickstart,4b8c5e4e3b3f48ef,0.0
pegasus-kickstart,4ba7cab00fdc1fa4,0.0
pegasus-kickstart,4bd608d2f7536175,0.0
pegasus-kickstart,4bd9150b643ef7c1,0.0
pegasus-kickstart,4bdb6739c293d9f8,0.0
pegasus-kickstart,4c39141ab2175bf1,0.0
pegasus-kickstart,4c4a83006e7d1854,0.0
pegasus-kickstart,4c79e459306e04e0,0.0
pegasus-kickstart,4c7ec3bb5f6b80a1,0.0
pegasus-kickstart,4cd020bfaa9fe8c1,0.0
pegasus-kickstart,4d66b48aa3b676b1,0.0
pegasus-kickstart,4d702fb15d36f543,0.0
pegasus-kickstart,4db9762662f005aa,0.0
pegasus-kickstart,4dd4c383b9dcb6be,0.0
pegasus-kickstart,4e1c11d2fc94114e,0.0
pegasus-kickstart,4e6615e41ecf5bf1,0.0
pegasus-kickstart,4e9de27b373e526c,0.0
pegasus-kickstart,4ec851549029c49c,0.0
pegasus-kickstart,4f6e6a1a709ddc1a,0.0
pegasus-kickstart,4f85c02529353660,0.0
pegasus-kickstart,4fa67c2864d0c644,0.0
pegasus-kickstart,4fbccd765201b36a,0.0
pegasus-kickstart,4fd19cc5e81ea295,0.0
pegasus-kickstart,4fe51f0a82572423,0.0
pegasus-kickstart,4fec21a44e783f11,0.0
pegasus-kickstart,4ff7f34f407cf20b,0.0
pegasus-kickstart,4ff82e5378daf3d6,0.0
pegasus-kickstart,5015b3abd8956633,0.0
pegasus-kickstart,50187b34f36ed94f,0.0
pegasus-kickstart,5047f9742c5841f0,0.0
pegasus-kickstart,5063db25a2552829,0.0
pegasus-kickstart,5139461725e3a471,0.0
pegasus-kickstart,515d39ab7bf58aa4,0.0
pegasus-kickstart,51894588f3c91c1d,0.0
pegasus-kickstart,51c1f8a33ebea9cb,0.0
pegasus-kickstart,51de48d097e2e1b5,0.0
pegasus-kickstart,51df15b2187d56f8,0.0
pegasus-kickstart,520ede280f308bb6,0.0
pegasus-kickstart,5215f749f89a6679,0.0
pegasus-kickstart,5228870351076ebe,0.0
pegasus-kickstart,5229589f7722ab9e,0.0
pegasus-kickstart,5265a251b3dee63b,0.0
pegasus-kickstart,5266b2f90d2fe808,0.0
pegasus-kickstart,52ad777c439f5360,0.0
pegasus-kickstart,52bb46db0b4252fd,0.0
pegasus-kickstart,5315ac04af062d9c,0.0
pegasus-kickstart,531a8631b95ff313,0.0
pegasus-kickstart,533761c308a6fa79,0.0
pegasus-kickstart,533e05c0af5cfcb3,0.0
pegasus-kickstart,535bb99b06f1b22c,0.0
pegasus-kickstart,537cb463e1149981,0.0
pegasus-kickstart,541f1734c07a00e9,0.0
pegasus-kickstart,542ebc6dd3789425,0.0
pegasus-kickstart,544b0d0779b3b186,0.0
pegasus-kickstart,544b8063b3dc28f7,0.0
pegasus-kickstart,548848bc7d23a887,0.0
pegasus-kickstart,54a67d3fb8dfe52c,0.0
pegasus-kickstart,5512c57acd517f03,0.0
pegasus-kickstart,5534fde03b182f87,0.0
pegasus-kickstart,5560e488a4784d89,0.0
pegasus-kickstart,5596f20c18d3e93b,0.0
pegasus-kickstart,559d383659a14357,0.0
pegasus-kickstart,55a5cbcc813011f4,0.0
pegasus-kickstart,55c53ab796b29169,0.0
pegasus-kickstart,5636a7261198f6cf,0.0
pegasus-kickstart,56687a555899b8ff,0.0
pegasus-kickstart,5673a5171608adc5,0.0
pegasus-kickstart,56d24b9aaac6edaa,0.0
pegasus-kickstart,56debe6d6e173c97,0.0
pegasus-kickstart,56f00f6a27c1111a,0.0
pegasus-kickstart,56f89cdc93a7678c,0.0
pegasus-kickstart,570e2e3f689bdd97,0.0
pegasus-kickstart,5722cec87b84d3fe,0.0
pegasus-kickstart,573b48e13d9cfb12,0.0
pegasus-kickstart,575b288493f444c9,0.0
pegasus-kickstart,5796ecccc6174edd,0.0
pegasus-kickstart,57a972742bdad8af,0.0
pegasus-kickstart,57cc253a5213b9f7,0.0
pegasus-kickstart,58013c8f0b92cca6,0.0
pegasus-kickstart,580e3501da787039,0.0
pegasus-kickstart,583eb09fd7aa8ad0,0.0
pegasus-kickstart,586636c7d876d856,0.0
pegasus-kickstart,58da809c3e560453,0.0
pegasus-kickstart,58e0ab26b83c7454,0.0
pegasus-kickstart,58e142e778b75b41,0.0
pegasus-kickstart,59004aa2a1f96240,0.0
pegasus-kickstart,595e3395492997ab,0.0
pegasus-kickstart,596203dbec669625,0.0
pegasus-kickstart,5967a2c84e99b683,0.0
pegasus-kickstart,59c71469963a4a42,0.0
pegasus-kickstart,59d6e32d09b3f7d5,0.0
pegasus-kickstart,5a1d8c68a6aec839,0.0
pegasus-kickstart,5a28e63794c914c7,0.0
pegasus-kickstart,5a375474b1f6d8c4,0.0
pegasus-kickstart,5a47327bd4ee9d84,0.0
pegasus-kickstart,5a9412c8e160a1fd,0.0
pegasus-kickstart,5aa2550632ae0fec,0.0
pegasus-kickstart,5aae5d9ec2bffa45,0.0
pegasus-kickstart,5abe3b5bdda424b8,0.0
pegasus-kickstart,5b0b7833b684f4ce,0.0
pegasus-kickstart,5b111e4cae1d3563,0.0
pegasus-kickstart,5b131b9a7206ee0a,0.0
pegasus-kickstart,5b2469fb83c19997,0.0
pegasus-kickstart,5b592235000fb6cf,0.0
pegasus-kickstart,5b75bb5f60eb445c,0.0
pegasus-kickstart,5b996dfaf7b04c3c,0.0
pegasus-kickstart,5babbd818f463729,0.0
pegasus-kickstart,5bf2d2eda6bc35e5,0.0
pegasus-kickstart,5c102194086e15df,0.0
pegasus-kickstart,5c26696daf555c33,0.0
pegasus-kickstart,5c3beedc137ebf87,0.0
pegasus-kickstart,5c489296c03cb906,0.0
pegasus-kickstart,5c5e2d10676d581f,0.0
pegasus-kickstart,5c95105e9cd2e3ea,0.0
pegasus-kickstart,5cccdc9e6afec2fa,0.0
pegasus-kickstart,5cd44067730b70ad,0.0
pegasus-kickstart,5cf54536d6366ee5,0.0
pegasus-kickstart,5d15c2fa339ce72e,0.0
pegasus-kickstart,5d3f4965a8a14469,0.0
pegasus-kickstart,5da80377dc74405a,0.0
pegasus-kickstart,5db46ec414d4b318,0.0
pegasus-kickstart,5dce39146a6fb65e,0.0
pegasus-kickstart,5df04e94e0e967c7,0.0
pegasus-kickstart,5df23fa5e8908542,0.0
pegasus-kickstart,5e64d49a52208a5c,0.0
pegasus-kickstart,5e74d00f62839ec4,0.0
pegasus-kickstart,5ec2fee438c706a2,0.0
pegasus-kickstart,5f10079687c64038,0.0
pegasus-kickstart,5f120c1f57cfcb3e,0.0
pegasus-kickstart,5f99fdfedb3bceee,0.0
pegasus-kickstart,5fa3887efd183d51,0.0
pegasus-kickstart,5fc8bd68d1b7ae99,0.0
pegasus-kickstart,5fe6fd8fd561167b,0.0
pegasus-kickstart,6004a162bdd0be5c,0.0
pegasus-kickstart,6024c9509eeb8568,0.0
pegasus-kickstart,6026e98ed9724e78,0.0
pegasus-kickstart,60ce49f1696bb54d,0.0
pegasus-kickstart,60d908aedb6ab387,0.0
pegasus-kickstart,61284539ae692ec0,0.0
pegasus-kickstart,613a2fa3d468e887,0.0
pegasus-kickstart,613cb05e9855d674,0.0
pegasus-kickstart,616896151e2df004,0.0
pegasus-kickstart,618ab222080b899d,0.0
pegasus-kickstart,61b0221c03e94911,0.0
pegasus-kickstart,61d8a46e1f8df53c,0.0
pegasus-kickstart,61d8c86bdb01dfa4,0.0
pegasus-kickstart,61febd347ab8abbb,0.0
pegasus-kickstart,6206066fb49803fd,0.0
pegasus-kickstart,620adeba5660a76f,0.0
pegasus-kickstart,620be5ef2856fa59,0.0
pegasus-kickstart,62260aa1e3516465,0.0
pegasus-kickstart,623af4a347b9dca5,0.0
pegasus-kickstart,62407ec65487201f,0.0
pegasus-kickstart,6241bb82c349b607,0.0
pegasus-kickstart,624f60900cf38161,0.0
pegasus-kickstart,627e7249b58511a6,0.0
pegasus-kickstart,62f52507e1909dfb,0.0
pegasus-kickstart,62f80bfc059980fe,0.0
pegasus-kickstart,631d1dc55ed80815,0.0
pegasus-kickstart,632d0ea95aeb43df,0.0
pegasus-kickstart,6339dacff26a2a28,0.0
pegasus-kickstart,63ceb4bf0cf1acd7,0.0
pegasus-kickstart,63d516b21b7dff96,0.0
pegasus-kickstart,63dfe157853d2989,0.0
pegasus-kickstart,643bdce22018268c,0.0
pegasus-kickstart,64490294d4041fe5,0.0
pegasus-kickstart,649d182d2acbf3e9,0.0
pegasus-kickstart,64d846cf3f12d592,0.0
pegasus-kickstart,6510d1e32b761ac8,0.0
pegasus-kickstart,655af2afb1402922,0.0
pegasus-kickstart,656b38b270408d4e,0.0
pegasus-kickstart,657191020834f71c,0.0
pegasus-kickstart,6581ffc5e7cdef63,0.0
pegasus-kickstart,65a0f00ae56909c5,0.0
pegasus-kickstart,65c2925556720487,0.0
pegasus-kickstart,65d5f2366c37e50f,0.0
pegasus-kickstart,65eee722e4d6ab45,0.0
pegasus-kickstart,6630b06e802ae165,0.0
pegasus-kickstart,66782eb651b8a877,0.0
pegasus-kickstart,672c079172b5057b,0.0
pegasus-kickstart,672eb8a12a25d606,0.0
pegasus-kickstart,6749ffad78004fd5,0.0
pegasus-kickstart,67d60abe446d1c3c,0.0
pegasus-kickstart,67d953d15a181f4f,0.0
pegasus-kickstart,682d93b8b0fd21fb,0.0
pegasus-kickstart,682de2777cbb79ee,0.0
pegasus-kickstart,685e9eeff4e6ab13,0.0
pegasus-kickstart,6893f7045baf629a,0.0
pegasus-kickstart,68a4c15ba40310b2,0.0
pegasus-kickstart,68f4442b53dce13c,0.0
pegasus-kickstart,690d20d92f80a148,0.0
pegasus-kickstart,69166b0c2ce26f3f,0.0
pegasus-kickstart,69323c868b8d3241,0.0
pegasus-kickstart,693e63d3aa122131,0.0
pegasus-kickstart,694e4da650dfb5dc,0.0
pegasus-kickstart,697bafcbb69e36b2,0.0
pegasus-kickstart,698afb1d0e78fe11,0.0
pegasus-kickstart,69cef637651c0b32,0.0
pegasus-kickstart,69f6e795bf5855ce,0.0
pegasus-kickstart,6a3d91ed3bd5d738,0.0
pegasus-kickstart,6a47f3e160a7fd0e,0.0
pegasus-kickstart,6a59f61fe3420a2e,0.0
pegasus-kickstart,6ad333b3021a17e1,0.0
pegasus-kickstart,6ad3d1b6e3409618,0.0
pegasus-kickstart,6aff2120ea7c54ef,0.0
pegasus-kickstart,6b22429641ae6d92,0.0
pegasus-kickstart,6b65d779c1bf4ee8,0.0
pegasus-kickstart,6b74517e58c1a469,0.0
pegasus-kickstart,6b75a66bdab975b1,0.0
pegasus-kickstart,6b8faace607e1160,0.0
pegasus-kickstart,6bd2b7a474acfcae,0.0
pegasus-kickstart,6bd65a7b25e3896e,0.0
pegasus-kickstart,6bffc2c966416de9,0.0
pegasus-kickstart,6c1899aed0bc8ff4,0.0
pegasus-kickstart,6c73acb4bbcb9bb7,0.0
pegasus-kickstart,6c878b623da67703,0.0
pegasus-kickstart,6c8a8f63cce3c68c,0.0
pegasus-kickstart,6c97b315012f9897,0.0
pegasus-kickstart,6cabde143a3a531c,0.0
pegasus-kickstart,6caf04b7dde5d7dc,0.0
pegasus-kickstart,6cb8d3a5a8e835b1,0.0
pegasus-kickstart,6ccab3c5fcc83a41,0.0
pegasus-kickstart,6cef76cfc254ffac,0.0
pegasus-kickstart,6d135b84bd18fd9f,0.0
pegasus-kickstart,6d6c19a0e66a4197,0.0
pegasus-kickstart,6dac9e55bc49a605,0.0
pegasus-kickstart,6dcfe1db36bde82f,0.0
pegasus-kickstart,6df113573cd2b631,0.0
pegasus-kickstart,6df871a281ecdead,0.0
pegasus-kickstart,6e01836fc1c1af8e,0.0
pegasus-kickstart,6e256412a5c6a75d,0.0
pegasus-kickstart,6e2fb92525a58a2b,0.0
pegasus-kickstart,6e32781ea19a9d58,0.0
pegasus-kickstart,6e5392b698bb9dd4,0.0
pegasus-kickstart,6eb2d7cd1d1920fb,0.0
pegasus-kickstart,6f520df2649d35ef,0.0
pegasus-kickstart,6f53f7f7575614bf,0.0
pegasus-kickstart,6f64ec0dacd74591,0.0
pegasus-kickstart,6f671d63c2f6da2b,0.0
pegasus-kickstart,6fbc9bd440a00863,0.0
pegasus-kickstart,703fe36f4c26d80f,0.0
pegasus-kickstart,704b88be71d8cef4,0.0
pegasus-kickstart,70814094a5fe2e06,0.0
pegasus-kickstart,70b6d04288a57c92,0.0
pegasus-kickstart,70baa0f79ce00a70,0.0
pegasus-kickstart,70bed0aa15a45d7a,0.0
pegasus-kickstart,70c39e9f523dd813,0.0
pegasus-kickstart,70d55b833945590b,0.0
pegasus-kickstart,710beeaef20e6bbf,0.0
pegasus-kickstart,7125287a68ecd0f4,0.0
pegasus-kickstart,71b1f87b63119aab,0.0
pegasus-kickstart,71b50d1a508e8534,0.0
pegasus-kickstart,71e9b8b34dfcc0d8,0.0
pegasus-kickstart,71f0a74be9cfc53e,0.0
pegasus-kickstart,722ff4a7b9b9772f,0.0
pegasus-kickstart,72314beb37f539df,0.0
pegasus-kickstart,7242163aa49c6795,0.0
pegasus-kickstart,727f54046c1a3c79,0.0
pegasus-kickstart,728ddc470328a841,0.0
pegasus-kickstart,7294d173c8d4ba8c,0.0
pegasus-kickstart,72dd55171181923e,0.0
pegasus-kickstart,731880d91e4117ec,0.0
pegasus-kickstart,7342fece9fcbda98,0.0
pegasus-kickstart,7356dcc740197610,0.0
pegasus-kickstart,736a0f2a1f291593,0.0
pegasus-kickstart,739dbe055464c051,0.0
pegasus-kickstart,74060339b0d582fc,0.0
pegasus-kickstart,741242b62b44f9b3,0.0
pegasus-kickstart,741599a285fde8f0,0.0
pegasus-kickstart,742b35bf62ba7660,0.0
pegasus-kickstart,7441d15dc1ce90ec,0.0
pegasus-kickstart,7471ef69b3ddfd6e,0.0
pegasus-kickstart,7486e1401692630b,0.0
pegasus-kickstart,748cc797a3732734,0.0
pegasus-kickstart,74d28cce3e93b63f,0.0
pegasus-kickstart,74e9eec9a4928d58,0.0
pegasus-kickstart,7504d2cfa61c2bdc,0.0
pegasus-kickstart,750b7df2039a3a32,0.0
pegasus-kickstart,75576934f5721ea6,0.0
pegasus-kickstart,758aef06493a8525,0.0
pegasus-kickstart,75bda87b58fb9019,0.0
pegasus-kickstart,75c88f13086dcdfd,0.0
pegasus-kickstart,75d128e73fceac87,0.0
pegasus-kickstart,761dcd0aa424de16,0.0
pegasus-kickstart,76432535b8b1e4ae,0.0
pegasus-kickstart,764a52357e178d34,0.0
pegasus-kickstart,76506a236e71295e,0.0
pegasus-kickstart,7667a789f7351bcd,0.0
pegasus-kickstart,769ae25d28d95738,0.0
pegasus-kickstart,76c725bb03be2544,0.0
pegasus-kickstart,773ec6a244e44de8,0.0
pegasus-kickstart,7746854449e15b6c,0.0
pegasus-kickstart,776622774f1f4be1,0.0
pegasus-kickstart,77a2ce5c6440ce7e,0.0
pegasus-kickstart,77c0d3986605b418,0.0
pegasus-kickstart,77ffc360c99fcb8e,0.0
pegasus-kickstart,7810fd2a1193fa8d,0.0
pegasus-kickstart,783581de2e2793b3,0.0
pegasus-kickstart,786721730a3c613a,0.0
pegasus-kickstart,78acaf6704b5afc9,0.0
pegasus-kickstart,78bdfe725d05c85e,0.0
pegasus-kickstart,78c1660902c39f00,0.0
pegasus-kickstart,791f76923a99ad06,0.0
pegasus-kickstart,7921a75c7a32b19f,0.0
pegasus-kickstart,792a672341be75b2,0.0
pegasus-kickstart,79351a3644c1846f,0.0
pegasus-kickstart,797b8b1e0ef24597,0.0
pegasus-kickstart,798648fe77bb734e,0.0
pegasus-kickstart,7a0994462d0f9ce1,0.0
pegasus-kickstart,7a4529fb8217a856,0.0
pegasus-kickstart,7a80aee640116121,0.0
pegasus-kickstart,7a9c82b1a8886b71,0.0
pegasus-kickstart,7aa36d0bb461d94c,0.0
pegasus-kickstart,7aa62d4862807cad,0.0
pegasus-kickstart,7ab6d958f64291eb,0.0
pegasus-kickstart,7ac0e88ae50b1229,0.0
pegasus-kickstart,7b0768394cda6702,0.0
pegasus-kickstart,7b141ed819411bbd,0.0
pegasus-kickstart,7b2cc592f3cdd199,0.0
pegasus-kickstart,7b3bf9879258ba96,0.0
pegasus-kickstart,7b90f163f057240b,0.0
pegasus-kickstart,7b9c16c8dad25e6b,0.0
pegasus-kickstart,7bc2e763edbba2e6,0.0
pegasus-kickstart,7bf052b6e328c973,0.0
pegasus-kickstart,7c0553e6811a29c5,0.0
pegasus-kickstart,7c164196e3185121,0.0
pegasus-kickstart,7c9741f51ec1ba9f,0.0
pegasus-kickstart,7cbc857c840b6c5a,0.0
pegasus-kickstart,7ceb25f97c0fd2eb,0.0
pegasus-kickstart,7cfcc9c9a2698797,0.0
pegasus-kickstart,7d2b590839d83e4c,0.0
pegasus-kickstart,7d2bd5cc9c01a08a,0.0
pegasus-kickstart,7d52c266d0f84d15,0.0
pegasus-kickstart,7d6bfbb30700b2da,0.0
pegasus-kickstart,7d6c89c8b8c253a1,0.0
pegasus-kickstart,7d88c468d87e1f9c,0.0
pegasus-kickstart,7dbe783cc1479092,0.0
pegasus-kickstart,7dcb0da4ad5bfd23,0.0
pegasus-kickstart,7de7da652b44ac5a,0.0
pegasus-kickstart,7e1c6b54ecef0186,0.0
pegasus-kickstart,7e30af594c0a0221,0.0
pegasus-kickstart,7e45d906b7f68c9a,0.0
pegasus-kickstart,7e55ad3f22a5d844,0.0
pegasus-kickstart,7e7a0c830fdbee23,0.0
pegasus-kickstart,7e99783757ba59bf,0.0
pegasus-kickstart,7ea33b21213c085a,0.0
pegasus-kickstart,7eb71a41477c4c5a,0.0
pegasus-kickstart,7eb9e43053f76f3b,0.0
pegasus-kickstart,7ebb8e1a88125039,0.0
pegasus-kickstart,7ebe7f7f29c6a72a,0.0
pegasus-kickstart,7ec507219fb73eb5,0.0
pegasus-kickstart,7ecfa7cbe2abe8ef,0.0
pegasus-kickstart,7ef49dd541e6631a,0.0
pegasus-kickstart,7f11015e3a300098,0.0
pegasus-kickstart,7f112e6247a91c71,0.0
pegasus-kickstart,7f2fe0146d8e059a,0.0
pegasus-kickstart,7f6916228b5a1c4b,0.0
pegasus-kickstart,7f7d80d1df488f69,0.0
pegasus-kickstart,7f9f5bb48abebac8,0.0
pegasus-kickstart,800c5df3313662b0,0.0
pegasus-kickstart,8025030a5d6b110b,0.0
pegasus-kickstart,810da292a0ba39d3,0.0
pegasus-kickstart,811ce97414672ef3,0.0
pegasus-kickstart,8123c02ff74ab37d,0.0
pegasus-kickstart,81499e809bee88b9,0.0
pegasus-kickstart,816645d55ec197fc,0.0
pegasus-kickstart,8178676c37a9a888,0.0
pegasus-kickstart,81c824ea84156c21,0.0
pegasus-kickstart,81e78da18547b630,0.0
pegasus-kickstart,8250a21fed8144a2,0.0
pegasus-kickstart,825a783c1ee39c99,0.0
pegasus-kickstart,8293bb3ac024515f,0.0
pegasus-kickstart,82c90665fc6c1b4d,0.0
pegasus-kickstart,836b06bf07e7474b,0.0
pegasus-kickstart,837134d3f5ff3b77,0.0
pegasus-kickstart,83c611410a0cf0d4,0.0
pegasus-kickstart,842012f1083bbf50,0.0
pegasus-kickstart,84362a5ae3ebbc07,0.0
pegasus-kickstart,84769feb4abedb6e,0.0
pegasus-kickstart,8480acc39c9dbc2c,0.0
pegasus-kickstart,848bbde2054d6a88,0.0
pegasus-kickstart,84a6621f9ae5d1bc,0.0
pegasus-kickstart,84e36ff8ef56af0c,0.0
pegasus-kickstart,84f24375e4fdb8df,0.0
pegasus-kickstart,8512821cca3366f4,0.0
pegasus-kickstart,85326d7d38fdbd8c,0.0
pegasus-kickstart,856b489e5b929d81,0.0
pegasus-kickstart,85a7585e514bbfa9,0.0
pegasus-kickstart,85c045defcaab6a9,0.0
pegasus-kickstart,85e7943e9dd6a9c9,0.0
pegasus-kickstart,863587005d4105f1,0.0
pegasus-kickstart,864d36a7eede18ef,0.0
pegasus-kickstart,8669adfb3302d20d,0.0
pegasus-kickstart,868b86cfa3bb8ef8,0.0
pegasus-kickstart,86b2711e22bba954,0.0
pegasus-kickstart,870bd2692c0ae3cc,0.0
pegasus-kickstart,871f65cfc0ddca22,0.0
pegasus-kickstart,87359189ff0510c0,0.0
pegasus-kickstart,87bf27b01158c664,0.0
pegasus-kickstart,8825a3843cca6a23,0.0
pegasus-kickstart,88676456799efb8a,0.0
pegasus-kickstart,88790a115097bed2,0.0
pegasus-kickstart,88d51ec9e827f498,0.0
pegasus-kickstart,88db13c78795f737,0.0
pegasus-kickstart,88fe3f90713f010c,0.0
pegasus-kickstart,893530c871122f5b,0.0
pegasus-kickstart,8968b08736911e2e,0.0
pegasus-kickstart,8970e4dbaebdcc46,0.0
pegasus-kickstart,897932231c41036d,0.0
pegasus-kickstart,89a94f9966ceeb56,0.0
pegasus-kickstart,89b6e41ee523edb5,0.0
pegasus-kickstart,8a738d7afa6523ee,0.0
pegasus-kickstart,8a9d7f58fa9863e4,0.0
pegasus-kickstart,8abb52fee7a70113,0.0
pegasus-kickstart,8addb25f24ea094c,0.0
pegasus-kickstart,8b2fc64e79e7c027,0.0
pegasus-kickstart,8b4df51eff683bff,0.0
pegasus-kickstart,8b6ca67bb9bacf8a,0.0
pegasus-kickstart,8b896efb302dc5e5,0.0
pegasus-kickstart,8b95dbae9014514c,0.0
pegasus-kickstart,8ba1a862c11355c9,0.0
pegasus-kickstart,8bd5756144a529ea,0.0
pegasus-kickstart,8bda928e2b5e2d3a,0.0
pegasus-kickstart,8bf866a5d40d382c,0.0
pegasus-kickstart,8c12b8664e12de5d,0.0
pegasus-kickstart,8c45b9235dc4528d,0.0
pegasus-kickstart,8c52e3d82dcee481,0.0
pegasus-kickstart,8c82f5854f6006e9,0.0
pegasus-kickstart,8caea9e27c31b24b,0.0
pegasus-kickstart,8cb572914acc4d7d,0.0
pegasus-kickstart,8cc506a7b27735d5,0.0
pegasus-kickstart,8ccb7f9a5a429c70,0.0
pegasus-kickstart,8cd039fe1cbcc7ad,0.0
pegasus-kickstart,8cebc7cc9e74664d,0.0
pegasus-kickstart,8d04491f27ede1a4,0.0
pegasus-kickstart,8d1d7dc9d183539f,0.0
pegasus-kickstart,8d1fbcee9267fe2e,0.0
pegasus-kickstart,8d2b0a569f6aaee7,0.0
pegasus-kickstart,8d328f04200be4dd,0.0
pegasus-kickstart,8d337b95c3a59717,0.0
pegasus-kickstart,8d544fc53f96f5ed,0.0
pegasus-kickstart,8d6c84ebd86e57eb,0.0
pegasus-kickstart,8d7403c5b4c6b20d,0.0
pegasus-kickstart,8da18ea31fec4a1f,0.0
pegasus-kickstart,8e490a0c067d818d,0.0
pegasus-kickstart,8e773d49b51a95f7,0.0
pegasus-kickstart,8e78bf27d9731f94,0.0
pegasus-kickstart,8e917463f5f9dcdd,0.0
pegasus-kickstart,8e931344ac2569a8,0.0
pegasus-kickstart,8e9e43a17c233bc9,0.0
pegasus-kickstart,8e9f0d7bafbe470c,0.0
pegasus-kickstart,8ea6f178379dccd9,0.0
pegasus-kickstart,8ee6d0a98b1e2899,0.0
pegasus-kickstart,8ee6fd7eeca8003d,0.0
pegasus-kickstart,8f94132c80bdbf0a,0.0
pegasus-kickstart,8fa0a24689d615d0,0.0
pegasus-kickstart,8fc2ba3506891cf3,0.0
pegasus-kickstart,8fccdf6b18831929,0.0
pegasus-kickstart,8fdeddfe7558bcd2,0.0
pegasus-kickstart,8fe5c4027451f56c,0.0
pegasus-kickstart,901f4195c3c3b450,0.0
pegasus-kickstart,90467975b4c5953d,0.0
pegasus-kickstart,904c9f84b8a2bd46,0.0
pegasus-kickstart,908089856543fc66,0.0
pegasus-kickstart,9094c56bd3648128,0.0
pegasus-kickstart,90da3908cbf39b24,0.0
pegasus-kickstart,91095563766d7f2c,0.0
pegasus-kickstart,91136ebe9d37d486,0.0
pegasus-kickstart,911ba792ed83ae2a,0.0
pegasus-kickstart,915d690e36578bcc,0.0
pegasus-kickstart,916f6828c5fe51e5,0.0
pegasus-kickstart,919a9228d2304fb3,0.0
pegasus-kickstart,91bd2525c47e97b4,0.0
pegasus-kickstart,91c5bc6c9d84a495,0.0
pegasus-kickstart,91d8a9505aa715e4,0.0
pegasus-kickstart,91e1f2f1d924e62b,0.0
pegasus-kickstart,91e580ee580bbc80,0.0
pegasus-kickstart,91f02be36d86817e,0.0
pegasus-kickstart,92030cbb93c6a24d,0.0
pegasus-kickstart,9206ecaba64570c8,0.0
pegasus-kickstart,9239428e535f18c4,0.0
pegasus-kickstart,927c59918cab766e,0.0
pegasus-kickstart,928d31e4f7847290,0.0
pegasus-kickstart,9295cce3ddbbd85e,0.0
pegasus-kickstart,92aaaa0a3e3a28aa,0.0
pegasus-kickstart,92c02190861ba235,0.0
pegasus-kickstart,92ccd53aa366110f,0.0
pegasus-kickstart,92d1ba41b1a1de0d,0.0
pegasus-kickstart,92f5374c4bf57331,0.0
pegasus-kickstart,9302f78c3557cf37,0.0
pegasus-kickstart,9329234d251dc62e,0.0
pegasus-kickstart,93432e43690492a1,0.0
pegasus-kickstart,939a70629d449445,0.0
pegasus-kickstart,93a567dbd5277c82,0.0
pegasus-kickstart,93d2b70387a23544,0.0
pegasus-kickstart,93f33dac868eda42,0.0
pegasus-kickstart,9434486230bea5c0,0.0
pegasus-kickstart,9443db896b1478b5,0.0
pegasus-kickstart,944ef0793e26caaf,0.0
pegasus-kickstart,946db176d8f21608,0.0
pegasus-kickstart,9491ecfe785e4ae8,0.0
pegasus-kickstart,9494645fbca5a957,0.0
pegasus-kickstart,9496a4d8cf47d71d,0.0
pegasus-kickstart,94daae5bb4b9c4ab,0.0
pegasus-kickstart,94dffc2b0e4c8d0a,0.0
pegasus-kickstart,9517af5b30863fe7,0.0
pegasus-kickstart,95596881d9c0a557,0.0
pegasus-kickstart,95f9094a1c73d047,0.0
pegasus-kickstart,9608095b4c4dae0b,0.0
pegasus-kickstart,9643890e7aba483b,0.0
pegasus-kickstart,964d4bac604f844c,0.0
pegasus-kickstart,96f68c06fafb8c89,0.0
pegasus-kickstart,974290bd495dd9a5,0.0
pegasus-kickstart,97a9724415dcdc92,0.0
pegasus-kickstart,97d92f393c5afa9c,0.0
pegasus-kickstart,97fce7bf3a0bdc20,0.0
pegasus-kickstart,98218dd882a76ca0,0.0
pegasus-kickstart,98441cbb7d639406,0.0
pegasus-kickstart,98aa9f9c35fe2d64,0.0
pegasus-kickstart,98b2489b8bed2d50,0.0
pegasus-kickstart,98bb1e3a5fbcdf1e,0.0
pegasus-kickstart,98d3c95b41ad6edf,0.0
pegasus-kickstart,98e0a2e34848c13f,0.0
pegasus-kickstart,98e129d0bc888e49,0.0
pegasus-kickstart,99240ede71fcd6a9,0.0
pegasus-kickstart,9928f2d06e8b890a,0.0
pegasus-kickstart,992d4db02e5f1d7f,0.0
pegasus-kickstart,9946354bc863debe,0.0
pegasus-kickstart,9973c639deeb7ede,0.0
pegasus-kickstart,99857c727ddcd849,0.0
pegasus-kickstart,99be2c47eecba31c,0.0
pegasus-kickstart,99d68c662d9ec06e,0.0
pegasus-kickstart,99e69b2091494e1c,0.0
pegasus-kickstart,9a040f8626462df3,0.0
pegasus-kickstart,9a0807ff6f72441f,0.0
pegasus-kickstart,9a2a03c6b5d60c45,0.0
pegasus-kickstart,9a4c5c29a0d60f02,0.0
pegasus-kickstart,9a556f546b8e77cc,0.0
pegasus-kickstart,9acdd93218733d11,0.0
pegasus-kickstart,9ae00d6a5bf3be29,0.0
pegasus-kickstart,9b33a1c1adf0a2f6,0.0
pegasus-kickstart,9b73627ba4eefe73,0.0
pegasus-kickstart,9b8098be69675cfd,0.0
pegasus-kickstart,9b99242c6ef50808,0.0
pegasus-kickstart,9b9fb1d3c8ef5ecd,0.0
pegasus-kickstart,9ba9661d00bc425b,0.0
pegasus-kickstart,9bb970fba6573060,0.0
pegasus-kickstart,9be2da77ffbc7bfe,0.0
pegasus-kickstart,9c56d02990ca18d0,0.0
pegasus-kickstart,9c7773e2c5864b98,0.0
pegasus-kickstart,9c8a51c774407bb9,0.0
pegasus-kickstart,9c96a59dbe8f2669,0.0
pegasus-kickstart,9cd170cfa3d5d4a8,0.0
pegasus-kickstart,9cd5137a00620c23,0.0
pegasus-kickstart,9d39dd6251697b10,0.0
pegasus-kickstart,9d4f262044e7923d,0.0
pegasus-kickstart,9d5da7acafeae5a8,0.0
pegasus-kickstart,9d6218ae6842f3ed,0.0
pegasus-kickstart,9dbe6f2f08820b7f,0.0
pegasus-kickstart,9e02b9086639b895,0.0
pegasus-kickstart,9e43dfb99962c8c0,0.0
pegasus-kickstart,9e85770ee3e4712a,0.0
pegasus-kickstart,9e8b5584f25367fd,0.0
pegasus-kickstart,9e95a517f68eda51,0.0
pegasus-kickstart,9eb15347b61ec1b1,0.0
pegasus-kickstart,9eb56c6250f23fca,0.0
pegasus-kickstart,9eba11ef1c1bd3c0,0.0
pegasus-kickstart,9ec8fb91c1f72014,0.0
pegasus-kickstart,9ed56772d30b4a9b,0.0
pegasus-kickstart,9eda4ff314f3ac6d,0.0
pegasus-kickstart,9f04d1e88b9fbe15,0.0
pegasus-kickstart,9f288ed817d69d6e,0.0
pegasus-kickstart,9f2b118b1ad6d56c,0.0
pegasus-kickstart,9f3a69a80953769c,0.0
pegasus-kickstart,9f5585b2b197e905,0.0
pegasus-kickstart,9f92acf839369005,0.0
pegasus-kickstart,9fa14143d641e735,0.0
pegasus-kickstart,9fa8bff46fd7084d,0.0
pegasus-kickstart,9fab7791334489de,0.0
pegasus-kickstart,9fc959107651f616,0.0
pegasus-kickstart,9fdd341858a64fad,0.0
pegasus-kickstart,9fefe94ad286ccbf,0.0
pegasus-kickstart,9ff0e2cbd9145706,0.0
pegasus-kickstart,a00976ec459dc9fe,0.0
pegasus-kickstart,a03b89cf88e2652d,0.0
pegasus-kickstart,a07d32fbc61c59d4,0.0
pegasus-kickstart,a0dc2421f7f1b413,0.0
pegasus-kickstart,a0e170e67270fe1a,0.0
pegasus-kickstart,a0ebfae7e1dc3896,0.0
pegasus-kickstart,a138bc7f09b988a6,0.0
pegasus-kickstart,a15f510bc539d308,0.0
pegasus-kickstart,a17bbe3f09a44cc4,0.0
pegasus-kickstart,a1885399bfc59c6d,0.0
pegasus-kickstart,a1cc38a887b6d7af,0.0
pegasus-kickstart,a22484cb558150e6,0.0
pegasus-kickstart,a25e0aed063c6b39,0.0
pegasus-kickstart,a26a8bf80667d7f8,0.0
pegasus-kickstart,a292ea4405806047,0.0
pegasus-kickstart,a296ad26723d5a85,0.0
pegasus-kickstart,a32f7f10f5630ab9,0.0
pegasus-kickstart,a3662b4c351b5b35,0.0
pegasus-kickstart,a378995c80028a80,0.0
pegasus-kickstart,a3dba0c939ba55c5,0.0
pegasus-kickstart,a3fb4b5ed62b70cb,0.0
pegasus-kickstart,a418a0f43f488299,0.0
pegasus-kickstart,a43ac354d1f03f80,0.0
pegasus-kickstart,a46cc94236209bb0,0.0
pegasus-kickstart,a4889ccb406a901d,0.0
pegasus-kickstart,a4b049f73a1435ef,0.0
pegasus-kickstart,a4ed30d963e85c4c,0.0
pegasus-kickstart,a4f7d5c868928b88,0.0
pegasus-kickstart,a50985765dadb721,0.0
pegasus-kickstart,a56512039e45fc07,0.0
pegasus-kickstart,a568d57d32582875,0.0
pegasus-kickstart,a57968a55c6a6cba,0.0
pegasus-kickstart,a594c53cb7aeadb1,0.0
pegasus-kickstart,a61c4e8c45e5aeb0,0.0
pegasus-kickstart,a6a2f4ed76c168ff,0.0
pegasus-kickstart,a6f1adb920b020b3,0.0
pegasus-kickstart,a71a20ebee98777d,0.0
pegasus-kickstart,a724920c9db54d5a,0.0
pegasus-kickstart,a75ebde7ce7acb66,0.0
pegasus-kickstart,a765f5df9df443d9,0.0
pegasus-kickstart,a784e6aa7a7bb27d,0.0
pegasus-kickstart,a7b575e3f7cc9ff0,0.0
pegasus-kickstart,a7b9112b968fa779,0.0
pegasus-kickstart,a80380ad7dfd6859,0.0
pegasus-kickstart,a82bcc3e9b2dc3fb,0.0
pegasus-kickstart,a83f81efdf77391d,0.0
pegasus-kickstart,a87a303d2a1a750b,0.0
pegasus-kickstart,a87c463c7e93dccf,0.0
pegasus-kickstart,a899fd69e8777a5f,0.0
pegasus-kickstart,a8a0653db9c937b3,0.0
pegasus-kickstart,a918dd9ecfb294c7,0.0
pegasus-kickstart,a9356658d02025c6,0.0
pegasus-kickstart,a9358da81ce121b3,0.0
pegasus-kickstart,a95000a3b0d7e313,0.0
pegasus-kickstart,a960250919e219e1,0.0
pegasus-kickstart,a97b23151d0e91b8,0.0
pegasus-kickstart,a99b3448e96fbaf4,0.0
pegasus-kickstart,a9bacde0dd0f217a,0.0
pegasus-kickstart,a9ddff9d2d59b8fa,0.0
pegasus-kickstart,a9ec48282bffa527,0.0
pegasus-kickstart,aa81673012920768,0.0
pegasus-kickstart,aa91d9d9bac58c47,0.0
pegasus-kickstart,aacf975e9c9056d1,0.0
pegasus-kickstart,aadca9a6090ef6ae,0.0
pegasus-kickstart,aade08a147308954,0.0
pegasus-kickstart,aaf3987d14fcb902,0.0
pegasus-kickstart,ab1532e32692c12f,0.0
pegasus-kickstart,ab1e3284deb06fd1,0.0
pegasus-kickstart,ab3c191450c932d4,0.0
pegasus-kickstart,ab50b7d88a020976,0.0
pegasus-kickstart,ab5ef96507affd16,0.0
pegasus-kickstart,ab602b5015ae298b,0.0
pegasus-kickstart,ab60669b7d2d6de0,0.0
pegasus-kickstart,ab64a93e0d67a1da,0.0
pegasus-kickstart,ab96747f363370ba,0.0
pegasus-kickstart,ab9b4d117ba2c207,0.0
pegasus-kickstart,abab810d197a5a15,0.0
pegasus-kickstart,abd9fa1136061026,0.0
pegasus-kickstart,ac11b6cb8a2c13eb,0.0
pegasus-kickstart,ac4a6d2bad99475f,0.0
pegasus-kickstart,ac55835a00581f89,0.0
pegasus-kickstart,ac7b14ae62c8ca31,0.0
pegasus-kickstart,ac93deee9a0c8158,0.0
pegasus-kickstart,accd16c403edd3ba,0.0
pegasus-kickstart,acf38616d8d047ec,0.0
pegasus-kickstart,acf52440739085c1,0.0
pegasus-kickstart,ad04bf186ef7c10a,0.0
pegasus-kickstart,ad697f39e9076d59,0.0
pegasus-kickstart,ae213513540852a1,0.0
pegasus-kickstart,ae4be0d012066fe7,0.0
pegasus-kickstart,ae7763b853777771,0.0
pegasus-kickstart,ae9d9401ed0c0e61,0.0
pegasus-kickstart,aeb136945d937760,0.0
pegasus-kickstart,af04e968ebd468a5,0.0
pegasus-kickstart,af1290d5b4df548b,0.0
pegasus-kickstart,af3f8b84ebb9d624,0.0
pegasus-kickstart,af66f2c6fc470d56,0.0
pegasus-kickstart,af8c6788161f5d58,0.0
pegasus-kickstart,aff336cbc3945730,0.0
pegasus-kickstart,b01a4852e51b8f79,0.0
pegasus-kickstart,b02e85fc4453113a,0.0
pegasus-kickstart,b03027339ac0dfd0,0.0
pegasus-kickstart,b0428422030a20c3,0.0
pegasus-kickstart,b06f49bdf9010eb5,0.0
pegasus-kickstart,b0be369991b5904e,0.0
pegasus-kickstart,b0c6f884637b1f5a,0.0
pegasus-kickstart,b0d590a319dd1de7,0.0
pegasus-kickstart,b0efca5c1f0e4c3e,0.0
pegasus-kickstart,b10a0a0f28685543,0.0
pegasus-kickstart,b10af27285291633,0.0
pegasus-kickstart,b133b8a81486dadc,0.0
pegasus-kickstart,b1a01a2a37f4acbc,0.0
pegasus-kickstart,b1ad976845dee6e0,0.0
pegasus-kickstart,b1e3b541d4a19f20,0.0
pegasus-kickstart,b1e4e59ff0e72a35,0.0
pegasus-kickstart,b1edb7001b9d0942,0.0
pegasus-kickstart,b217e254d3da7006,0.0
pegasus-kickstart,b2666a024073042f,0.0
pegasus-kickstart,b28ff3b4d4111370,0.0
pegasus-kickstart,b293f41394783953,0.0
pegasus-kickstart,b2a9e461aeea2ab5,0.0
pegasus-kickstart,b2b1791c5be04d9a,0.0
pegasus-kickstart,b2ee37b12de74e09,0.0
pegasus-kickstart,b335df11c0c340c8,0.0
pegasus-kickstart,b39807e624e08cf9,0.0
pegasus-kickstart,b3b1d8a16700a253,0.0
pegasus-kickstart,b3dac5664051eb41,0.0
pegasus-kickstart,b4143ff93ddf15f3,0.0
pegasus-kickstart,b429f552d31c11fc,0.0
pegasus-kickstart,b43e0e4c96653d64,0.0
pegasus-kickstart,b445d8204aacfaff,0.0
pegasus-kickstart,b457925500c18994,0.0
pegasus-kickstart,b486fd572c498f24,0.0
pegasus-kickstart,b4ff69470128b0aa,0.0
pegasus-kickstart,b50cb093b5b7e9e8,0.0
pegasus-kickstart,b52bf1ba966007ea,0.0
pegasus-kickstart,b54d2999a9f8b8fe,0.0
pegasus-kickstart,b594f4dd164ec7fa,0.0
pegasus-kickstart,b5ae31b0a5ffc2f0,0.0
pegasus-kickstart,b5d45bf41d973fbd,0.0
pegasus-kickstart,b613551ec3731590,0.0
pegasus-kickstart,b61722e7f34d4931,0.0
pegasus-kickstart,b674863da0add7ae,0.0
pegasus-kickstart,b6a5bc492ec87552,0.0
pegasus-kickstart,b6c16afc814b4add,0.0
pegasus-kickstart,b6e19ebf7af4ed4e,0.0
pegasus-kickstart,b729ac1b430a1610,0.0
pegasus-kickstart,b72b6a6ec0434ef4,0.0
pegasus-kickstart,b754776be8954b98,0.0
pegasus-kickstart,b784b9fbb611582d,0.0
pegasus-kickstart,b7e67bf99cdc9cc0,0.0
pegasus-kickstart,b7ec75d772181782,0.0
pegasus-kickstart,b7f6db94ca883953,0.0
pegasus-kickstart,b81154bda9693e2a,0.0
pegasus-kickstart,b871edb02bcb381c,0.0
pegasus-kickstart,b90617d07b23f104,0.0
pegasus-kickstart,b916d162784cc566,0.0
pegasus-kickstart,b9926ba589ebb5a1,0.0
pegasus-kickstart,b9d9dfcf85bf225c,0.0
pegasus-kickstart,b9de25a9fe426df9,0.0
pegasus-kickstart,b9f3c50e49bded3d,0.0
pegasus-kickstart,ba027bb698eefba5,0.0
pegasus-kickstart,ba35ced8e3ef5c2b,0.0
pegasus-kickstart,ba39dbe22afa872d,0.0
pegasus-kickstart,ba3be7b15260324d,0.0
pegasus-kickstart,ba63b45c9a8a5891,0.0
pegasus-kickstart,ba86c76f4d55ca58,0.0
pegasus-kickstart,ba8e46af5af31cd1,0.0
pegasus-kickstart,ba9331a655a7ea85,0.0
pegasus-kickstart,bacac0b7204b58a3,0.0
pegasus-kickstart,bb47bde1b503e50c,0.0
pegasus-kickstart,bb5c4cd1ee235197,0.0
pegasus-kickstart,bb669681631a2d5d,0.0
pegasus-kickstart,bb6b9382a51f96ad,0.0
pegasus-kickstart,bbe71d62cd0cec0a,0.0
pegasus-kickstart,bbe7e6ce90c953cb,0.0
pegasus-kickstart,bc1f455902e66930,0.0
pegasus-kickstart,bc7508be70eb047e,0.0
pegasus-kickstart,bc935624b6577408,0.0
pegasus-kickstart,bca915e192a29a78,0.0
pegasus-kickstart,bcaee6abf89bf5ae,0.0
pegasus-kickstart,bcb5534cb2cced7e,0.0
pegasus-kickstart,bcf21cfa682d3a82,0.0
pegasus-kickstart,bd24dfc8622643dd,0.0
pegasus-kickstart,bd79a9738bee7c4f,0.0
pegasus-kickstart,bd7e7d9dfa6bf933,0.0
pegasus-kickstart,bd7eac81d5846860,0.0
pegasus-kickstart,bda03f288f31c28c,0.0
pegasus-kickstart,bdab9c41338c7206,0.0
pegasus-kickstart,bdc6c722ff908660,0.0
pegasus-kickstart,bddb2fdc66a9e90c,0.0
pegasus-kickstart,be0576b316d204b7,0.0
pegasus-kickstart,be07b73078824dda,0.0
pegasus-kickstart,be2098e6538a1f82,0.0
pegasus-kickstart,be3b05f9686f81dd,0.0
pegasus-kickstart,be45e34a8693697a,0.0
pegasus-kickstart,be460b04c1dc7412,0.0
pegasus-kickstart,be6faa4ca9495760,0.0
pegasus-kickstart,be7976fd924f22d3,0.0
pegasus-kickstart,be80c79f4fa440c4,0.0
pegasus-kickstart,bea8d29579f5ae01,0.0
pegasus-kickstart,beae0dd6d085e9b6,0.0
pegasus-kickstart,beca287e23585478,0.0
pegasus-kickstart,beebcac9e2b6ebc2,0.0
pegasus-kickstart,bf08eaff2b3f8439,0.0
pegasus-kickstart,bf58303b4736b069,0.0
pegasus-kickstart,bf8ff170141f8902,0.0
pegasus-kickstart,bfe084f9f5638e13,0.0
pegasus-kickstart,bfe4b4ff22a57f0c,0.0
pegasus-kickstart,c066169aaa218d92,0.0
pegasus-kickstart,c110761446df3584,0.0
pegasus-kickstart,c16a636b12fe8706,0.0
pegasus-kickstart,c18f44ee004c89ac,0.0
pegasus-kickstart,c1c7e9e16bdb3fd7,0.0
pegasus-kickstart,c2039b6dc2078a38,0.0
pegasus-kickstart,c22ad3ea44d8831a,0.0
pegasus-kickstart,c2913f7cdfed1809,0.0
pegasus-kickstart,c2921b4a35f91814,0.0
pegasus-kickstart,c29df86c821bb21d,0.0
pegasus-kickstart,c2b59bd781d29bd5,0.0
pegasus-kickstart,c2fc7eab60c6cb78,0.0
pegasus-kickstart,c314a99294dadfc0,0.0
pegasus-kickstart,c325367a265efb3c,0.0
pegasus-kickstart,c330058f9e0c8105,0.0
pegasus-kickstart,c37a3a2e06c606a1,0.0
pegasus-kickstart,c3f726deaeb9e8de,0.0
pegasus-kickstart,c40997ab0d76a8d6,0.0
pegasus-kickstart,c443a413b3b1eb68,0.0
pegasus-kickstart,c467ae19b0ebaeb5,0.0
pegasus-kickstart,c473eb40e985a5d5,0.0
pegasus-kickstart,c49af5ca941b3e0a,0.0
pegasus-kickstart,c55f9e9070e8ba5f,0.0
pegasus-kickstart,c5678b2f9d3a9e6b,0.0
pegasus-kickstart,c5fa0951b1cab320,0.0
pegasus-kickstart,c6172bdc791deb27,0.0
pegasus-kickstart,c6431083931ce761,0.0
pegasus-kickstart,c676151b692d29fb,0.0
pegasus-kickstart,c69b7784ca7b7ad4,0.0
pegasus-kickstart,c6ad706b5bbd243f,0.0
pegasus-kickstart,c6b0ceff853ddc8e,0.0
pegasus-kickstart,c6f5f2c5b84941d6,0.0
pegasus-kickstart,c7434ff909ae072a,0.0
pegasus-kickstart,c753f275c50b67e4,0.0
pegasus-kickstart,c79e5257f8f6b9eb,0.0
pegasus-kickstart,c7acf89ddfaea243,0.0
pegasus-kickstart,c7c67f0f719c3d17,0.0
pegasus-kickstart,c7dfa6c6f5fb7eb3,0.0
pegasus-kickstart,c7e9239cb8e49974,0.0
pegasus-kickstart,c8212cbea87f5de1,0.0
pegasus-kickstart,c836288cb5928670,0.0
pegasus-kickstart,c866605a4c555d20,0.0
pegasus-kickstart,c8ac803c080e6fbe,0.0
pegasus-kickstart,c8edb73ffc5e3584,0.0
pegasus-kickstart,c8fd4731e19c20ae,0.0
pegasus-kickstart,c916a24f27ca6072,0.0
pegasus-kickstart,c960054ce2c67fd4,0.0
pegasus-kickstart,c961843958101328,0.0
pegasus-kickstart,c9beb44255e215c2,0.0
pegasus-kickstart,c9e793a8a3c73939,0.0
pegasus-kickstart,ca1ea0cdd2e54ba6,0.0
pegasus-kickstart,ca7c6e9c29ebd716,0.0
pegasus-kickstart,ca89181a154535e1,0.0
pegasus-kickstart,caa58591f60496e2,0.0
pegasus-kickstart,caac7600f3679ec5,0.0
pegasus-kickstart,cab3e0f3807ce93d,0.0
pegasus-kickstart,cad4393d82676d9b,0.0
pegasus-kickstart,cb10c49e28d2c65f,0.0
pegasus-kickstart,cb264b0d3eeaf0f5,0.0
pegasus-kickstart,cb2d0adb8fb3fb4e,0.0
pegasus-kickstart,cb35838451d36950,0.0
pegasus-kickstart,cb3811c64285b758,0.0
pegasus-kickstart,cb3af76a12925fed,0.0
pegasus-kickstart,cb420c2ca694f4d9,0.0
pegasus-kickstart,cb48795b65ea0095,0.0
pegasus-kickstart,cb4d3484c0c519ff,0.0
pegasus-kickstart,cb6762837dde4563,0.0
pegasus-kickstart,cba165f784b217b1,0.0
pegasus-kickstart,cba9ba38bbf6bb90,0.0
pegasus-kickstart,cbb1bd612e1900be,0.0
pegasus-kickstart,cbb7d308b1d13c74,0.0
pegasus-kickstart,cbe1002e387e1514,0.0
pegasus-kickstart,cbe95572911a1035,0.0
pegasus-kickstart,cc01495c1eb45a99,0.0
pegasus-kickstart,cc1d347d3c7ad54f,0.0
pegasus-kickstart,cc2a2658fcf4647e,0.0
pegasus-kickstart,cc6a0718c8b4c99b,0.0
pegasus-kickstart,cc71531236c6c5ec,0.0
pegasus-kickstart,cc803030fadc9a97,0.0
pegasus-kickstart,ccb07e6db9e1f136,0.0
pegasus-kickstart,ccb850332b662b51,0.0
pegasus-kickstart,ccf1e6fb5e6dc9c5,0.0
pegasus-kickstart,cd8953308814b3d2,0.0
pegasus-kickstart,cdb2153c458fd858,0.0
pegasus-kickstart,cdb4b27caf0cc8b3,0.0
pegasus-kickstart,ce02e00bff4b77f8,0.0
pegasus-kickstart,ce1fd8a23bd5862c,0.0
pegasus-kickstart,ce5f13d855291c66,0.0
pegasus-kickstart,ce610c5a2c99c88b,0.0
pegasus-kickstart,ce84b447e1eaa24c,0.0
pegasus-kickstart,ce9282aed5e4a379,0.0
pegasus-kickstart,ce9e41805608da85,0.0
pegasus-kickstart,cea582f086eb9c50,0.0
pegasus-kickstart,cf18866d2d54769e,0.0
pegasus-kickstart,cf7ec32f4a4bcccd,0.0
pegasus-kickstart,cf85d919701a901c,0.0
pegasus-kickstart,cfbfb16380f56536,0.0
pegasus-kickstart,cfc8734f74de05ad,0.0
pegasus-kickstart,cfce1083e1af38db,0.0
pegasus-kickstart,d09398ed67758235,0.0
pegasus-kickstart,d09fa0fd1cf3d99e,0.0
pegasus-kickstart,d0bf759ef9869d27,0.0
pegasus-kickstart,d0d8366f35568bc3,0.0
pegasus-kickstart,d1623b64531d42f6,0.0
pegasus-kickstart,d1651f7d07875608,0.0
pegasus-kickstart,d17ed2343938d00f,0.0
pegasus-kickstart,d1bc4e27e83a9da4,0.0
pegasus-kickstart,d1bfbcf04f38be76,0.0
pegasus-kickstart,d2211d500de5143d,0.0
pegasus-kickstart,d2bbf0a18e11352c,0.0
pegasus-kickstart,d2d2a5af887d51b1,0.0
pegasus-kickstart,d2ee3ebf5a21665b,0.0
pegasus-kickstart,d30cb2b42a7dd4ba,0.0
pegasus-kickstart,d30fb525a6aac897,0.0
pegasus-kickstart,d3567fb9b96e23a0,0.0
pegasus-kickstart,d3665e73edbd5ede,0.0
pegasus-kickstart,d3bc538c48792c6d,0.0
pegasus-kickstart,d3c7fb7ea5d88527,0.0
pegasus-kickstart,d3d1c6b3c70d3e61,0.0
pegasus-kickstart,d4121cff5d3cb549,0.0
pegasus-kickstart,d41920699407323e,0.0
pegasus-kickstart,d41b27ed9d6040b9,0.0
pegasus-kickstart,d43c0d61d5deeddf,0.0
pegasus-kickstart,d444a2dab88f986a,0.0
pegasus-kickstart,d44b1f7acd6a71ab,0.0
pegasus-kickstart,d466fabca811e24c,0.0
pegasus-kickstart,d46715e41f1a35ed,0.0
pegasus-kickstart,d48d6588ddff25e1,0.0
pegasus-kickstart,d493ca7e895437b1,0.0
pegasus-kickstart,d4c782b07b7c7d16,0.0
pegasus-kickstart,d4e0ad69f01f50df,0.0
pegasus-kickstart,d4e5246c0dbbe644,0.0
pegasus-kickstart,d4ea2f931e43d0b5,0.0
pegasus-kickstart,d4eb0c3cee468b4b,0.0
pegasus-kickstart,d501f6774c2e0f03,0.0
pegasus-kickstart,d51f2e270672587c,0.0
pegasus-kickstart,d53ee5e5532878be,0.0
pegasus-kickstart,d5762831774b3594,0.0
pegasus-kickstart,d59b0e67632c8b39,0.0
pegasus-kickstart,d5bbf210fe9de1c9,0.0
pegasus-kickstart,d5dfc2a4c13e8bd0,0.0
pegasus-kickstart,d60eb98e29006199,0.0
pegasus-kickstart,d64076346102a91a,0.0
pegasus-kickstart,d6584e53a281cc58,0.0
pegasus-kickstart,d683a9db3a5bc31f,0.0
pegasus-kickstart,d6923b182c754152,0.0
pegasus-kickstart,d6a3e55b40da8fc1,0.0
pegasus-kickstart,d6bbb60c16cd3fc1,0.0
pegasus-kickstart,d6cd513348eaae2a,0.0
pegasus-kickstart,d70865aae593b1d8,0.0
pegasus-kickstart,d732f91ae94aae8b,0.0
pegasus-kickstart,d73d5312ce383ffc,0.0
pegasus-kickstart,d75019e560f91317,0.0
pegasus-kickstart,d75d8f5ae4d66403,0.0
pegasus-kickstart,d790a4c562b4a7a7,0.0
pegasus-kickstart,d79f317930ba7b67,0.0
pegasus-kickstart,d7e211a50a108f31,0.0
pegasus-kickstart,d7e3bf6c08c92a0e,0.0
pegasus-kickstart,d7ebd8dee8f127fe,0.0
pegasus-kickstart,d7fabcae673ab819,0.0
pegasus-kickstart,d7fc8eaf11c809a8,0.0
pegasus-kickstart,d837516261df76b9,0.0
pegasus-kickstart,d855bdb9b591d6d5,0.0
pegasus-kickstart,d86489cdde8c66cc,0.0
pegasus-kickstart,d90d26b72ae293b7,0.0
pegasus-kickstart,d93c8ac73e46b1c4,0.0
pegasus-kickstart,d961aab51f59500d,0.0
pegasus-kickstart,d971d9277e9be35e,0.0
pegasus-kickstart,d990aa0331d2d9d9,0.0
pegasus-kickstart,d9989f65aa5d055c,0.0
pegasus-kickstart,da0cdfdc91eaa28e,0.0
pegasus-kickstart,da1dc9e419513027,0.0
pegasus-kickstart,da35516db642ade1,0.0
pegasus-kickstart,da5b1791b50a6144,0.0
pegasus-kickstart,da7efaebb96cb689,0.0
pegasus-kickstart,da96d93ce5028849,0.0
pegasus-kickstart,dad3348710f1a59a,0.0
pegasus-kickstart,dadeed32ff813065,0.0
pegasus-kickstart,dae45d0e60c000dc,0.0
pegasus-kickstart,dafdd2418af7c3c9,0.0
pegasus-kickstart,db2efd7d05569efb,0.0
pegasus-kickstart,db4c1dbf2ea71e2d,0.0
pegasus-kickstart,db909fefcf385c50,0.0
pegasus-kickstart,dbca7810792c09e0,0.0
pegasus-kickstart,dbcfaba0f1c42fe0,0.0
pegasus-kickstart,dbeed719a065d397,0.0
pegasus-kickstart,dbfc213aa49f4d6a,0.0
pegasus-kickstart,dc26f4bbb9827912,0.0
pegasus-kickstart,dc3ba0832f77723b,0.0
pegasus-kickstart,dc42b991db004aeb,0.0
pegasus-kickstart,dc49b61a32dade49,0.0
pegasus-kickstart,dc5baa90043b18fa,0.0
pegasus-kickstart,dcd59f6513930189,0.0
pegasus-kickstart,dd148fe37a899950,0.0
pegasus-kickstart,dd54fac2071ea40d,0.0
pegasus-kickstart,dd57b752153f7931,0.0
pegasus-kickstart,dd7b28f72e03b181,0.0
pegasus-kickstart,dd8a2d56cf7f679e,0.0
pegasus-kickstart,dda47635420fd749,0.0
pegasus-kickstart,ddc789b6a57e6cf0,0.0
pegasus-kickstart,ddcad34861695912,0.0
pegasus-kickstart,ddf9637459ae329f,0.0
pegasus-kickstart,de0f6bfae91e4baa,0.0
pegasus-kickstart,de1b81c6edf066bd,0.0
pegasus-kickstart,de30a58bd5f339ea,0.0
pegasus-kickstart,de45ae51c5f2b8f6,0.0
pegasus-kickstart,de58b8448c81e53d,0.0
pegasus-kickstart,de65893407e9b34c,0.0
pegasus-kickstart,de8015cbf4223ea2,0.0
pegasus-kickstart,de97ae909ef853bc,0.0
pegasus-kickstart,deb3276b985fdc2a,0.0
pegasus-kickstart,def49203357a096d,0.0
pegasus-kickstart,df0e021c389a6d41,0.0
pegasus-kickstart,df1526df47de2254,0.0
pegasus-kickstart,df34551085ffc5c5,0.0
pegasus-kickstart,df6a2e11bdeb3d4f,0.0
pegasus-kickstart,df8021b13caa899e,0.0
pegasus-kickstart,df8704b5c25b6095,0.0
pegasus-kickstart,dfa7acafb5cdbd2e,0.0
pegasus-kickstart,dfab22e2a4d50d6a,0.0
pegasus-kickstart,dfb0bc8e90d199bc,0.0
pegasus-kickstart,dfdb91e8c60e0c51,0.0
pegasus-kickstart,dffbf935daebc4e5,0.0
pegasus-kickstart,e0438ccf8f963d4a,0.0
pegasus-kickstart,e069e2a2859a2baa,0.0
pegasus-kickstart,e07f25e3b680a394,0.0
pegasus-kickstart,e085eb824580f102,0.0
pegasus-kickstart,e0bf7d3f1e604df4,0.0
pegasus-kickstart,e0d93dbbf2abbe5e,0.0
pegasus-kickstart,e0dd97e39084cfc8,0.0
pegasus-kickstart,e0ee6845df044d5d,0.0
pegasus-kickstart,e10fb290a6d798a0,0.0
pegasus-kickstart,e122814a84af92fd,0.0
pegasus-kickstart,e13ad2d4cedcfcb2,0.0
pegasus-kickstart,e1439ac6d2c537f2,0.0
pegasus-kickstart,e170be5d8ae001c3,0.0
pegasus-kickstart,e18e45cd499492c0,0.0
pegasus-kickstart,e19cd8e486e8f6ac,0.0
pegasus-kickstart,e1b1ab54f26e664d,0.0
pegasus-kickstart,e1b56c8a824ff29c,0.0
pegasus-kickstart,e1b9ee88f4d40367,0.0
pegasus-kickstart,e23f60fee0800c58,0.0
pegasus-kickstart,e26f35e5f22e7e18,0.0
pegasus-kickstart,e2876a181b550e8f,0.0
pegasus-kickstart,e2893f692a052942,0.0
pegasus-kickstart,e28fa36df2111f5b,0.0
pegasus-kickstart,e2ee537b18bddec5,0.0
pegasus-kickstart,e35b064e76944f54,0.0
pegasus-kickstart,e3c1a4384969cf02,0.0
pegasus-kickstart,e3e0bdc4ea0169c2,0.0
pegasus-kickstart,e40e7c63e1de803f,0.0
pegasus-kickstart,e4327e7b3399051e,0.0
pegasus-kickstart,e45eaa4300994539,0.0
pegasus-kickstart,e4641b410dbc375f,0.0
pegasus-kickstart,e4661202ca134c12,0.0
pegasus-kickstart,e491d8cb234dfe1e,0.0
pegasus-kickstart,e494ef2d10c06ad4,0.0
pegasus-kickstart,e4bc84baf07cf6c0,0.0
pegasus-kickstart,e4d304ba9a6d12b3,0.0
pegasus-kickstart,e4e50c6cb4840cfd,0.0
pegasus-kickstart,e4f1e34e20fdb078,0.0
pegasus-kickstart,e5099445f00233a5,0.0
pegasus-kickstart,e538221f6f988cfb,0.0
pegasus-kickstart,e57c2ef5ffbca1ea,0.0
pegasus-kickstart,e59d9f7d664504d6,0.0
pegasus-kickstart,e5bbf5644536e7c7,0.0
pegasus-kickstart,e5ccc0365afcbcf6,0.0
pegasus-kickstart,e5ced278e0190128,0.0
pegasus-kickstart,e6026e2ec5e2a851,0.0
pegasus-kickstart,e61180421eed9c4f,0.0
pegasus-kickstart,e61b8def5c3f7619,0.0
pegasus-kickstart,e66e941b2dc9ad68,0.0
pegasus-kickstart,e6bc50b4e81db1fa,0.0
pegasus-kickstart,e752f69e6c33b240,0.0
pegasus-kickstart,e75c09403241d6ab,0.0
pegasus-kickstart,e769f4d463e7958f,0.0
pegasus-kickstart,e77f6a9a0f8d7e59,0.0
pegasus-kickstart,e78c1023fc4c5e30,0.0
pegasus-kickstart,e7a1096dd80681db,0.0
pegasus-kickstart,e7b5396f48147d36,0.0
pegasus-kickstart,e7bae95cd8c7cdce,0.0
pegasus-kickstart,e8257790d844c7fa,0.0
pegasus-kickstart,e829d77dc629f87e,0.0
pegasus-kickstart,e84ec730fb04bb8d,0.0
pegasus-kickstart,e8840d33a76350ba,0.0
pegasus-kickstart,e889fe2c9a56a079,0.0
pegasus-kickstart,e8f1af401b582ca2,0.0
pegasus-kickstart,e8f1fc805010ac2c,0.0
pegasus-kickstart,e92164ed279a3d93,0.0
pegasus-kickstart,e9404eabc9b58549,0.0
pegasus-kickstart,e9531e7e494154c9,0.0
pegasus-kickstart,e97dcb71c0230876,0.0
pegasus-kickstart,e9b8e6da5543b62d,0.0
pegasus-kickstart,e9e86f862317ceb6,0.0
pegasus-kickstart,e9ee977dca3de04b,0.0
pegasus-kickstart,ea12d5fbaa4f8a6e,0.0
pegasus-kickstart,ea138d03413012fe,0.0
pegasus-kickstart,ea167e2fc4f15007,0.0
pegasus-kickstart,ea26fe7fd6a756ca,0.0
pegasus-kickstart,ea3369f4a0cce449,0.0
pegasus-kickstart,ea76b35a9ddaa3a7,0.0
pegasus-kickstart,ea7908d42cb09ee6,0.0
pegasus-kickstart,ead29f07a9f11f92,0.0
pegasus-kickstart,eb8bb220fec4fcf0,0.0
pegasus-kickstart,ebe7a631e394653a,0.0
pegasus-kickstart,ebf16e3ce5a33490,0.0
pegasus-kickstart,ec064d4f9c51ed4d,0.0
pegasus-kickstart,ec18a2284c85a547,0.0
pegasus-kickstart,ec34c36937a6ffba,0.0
pegasus-kickstart,ec4dd1cfe5fd225c,0.0
pegasus-kickstart,ec6444406f87fd0f,0.0
pegasus-kickstart,ecebd23ea1cfc76a,0.0
pegasus-kickstart,ed00d68d260c2a09,0.0
pegasus-kickstart,ed17d427c93b7877,0.0
pegasus-kickstart,ed28491364416a91,0.0
pegasus-kickstart,ed5a7bffbf0fe77f,0.0
pegasus-kickstart,ed5d86555b66f44c,0.0
pegasus-kickstart,ed6712b1edc44d88,0.0
pegasus-kickstart,ed796b2f86cefc8b,0.0
pegasus-kickstart,ed8d61e4881ae9f5,0.0
pegasus-kickstart,ed929773ebb44f03,0.0
pegasus-kickstart,edc63bb52679b778,0.0
pegasus-kickstart,ee4a4fb30acecff3,0.0
pegasus-kickstart,ee6f0fd964e1eba9,0.0
pegasus-kickstart,ee7f3ae564ae7dc3,0.0
pegasus-kickstart,ee82b8e017f08e5e,0.0
pegasus-kickstart,eeef778f30b10bca,0.0
pegasus-kickstart,eef6ab91d2e7592c,0.0
pegasus-kickstart,ef01faceba26b98a,0.0
pegasus-kickstart,ef2347b213dfb328,0.0
pegasus-kickstart,ef54d170d5e460c2,0.0
pegasus-kickstart,ef699984e5378c81,0.0
pegasus-kickstart,ef6ca1d56fcc5dbb,0.0
pegasus-kickstart,ef955a0de450f140,0.0
pegasus-kickstart,efa4e2f54ea50121,0.0
pegasus-kickstart,efc22e94902e68ef,0.0
pegasus-kickstart,efdbf1cf99dfe89b,0.0
pegasus-kickstart,efdd7140bd4be189,0.0
pegasus-kickstart,efea73614972f617,0.0
pegasus-kickstart,eff549c4d3aa3464,0.0
pegasus-kickstart,f00766c2f9a040c8,0.0
pegasus-kickstart,f0563cce9fc1556a,0.0
pegasus-kickstart,f05eae75273775cb,0.0
pegasus-kickstart,f064dc848c30e3e5,0.0
pegasus-kickstart,f0a4dfa73ecfd017,0.0
pegasus-kickstart,f0d0efd236ed3884,0.0
pegasus-kickstart,f12c01eba2cc2324,0.0
pegasus-kickstart,f15c0bf74c42ecf1,0.0
pegasus-kickstart,f16a1a01119de003,0.0
pegasus-kickstart,f1b105535a1b91d0,0.0
pegasus-kickstart,f1b48bbc600b7189,0.0
pegasus-kickstart,f1b5742dae6aa02f,0.0
pegasus-kickstart,f1bbe0e2d4291f6c,0.0
pegasus-kickstart,f1d4ab65195f0ff3,0.0
pegasus-kickstart,f1f7d363776184e4,0.0
pegasus-kickstart,f2b6064fba83e242,0.0
pegasus-kickstart,f2d08a1f9c5ffec4,0.0
pegasus-kickstart,f31a5fe7667dc7e5,0.0
pegasus-kickstart,f334ee5161edb808,0.0
pegasus-kickstart,f352f1279e20a349,0.0
pegasus-kickstart,f365a45900234640,0.0
pegasus-kickstart,f3a04ce93a0fd4a4,0.0
pegasus-kickstart,f3cbd89700841ca5,0.0
pegasus-kickstart,f3d644ca82fd46d5,0.0
pegasus-kickstart,f3ee58b66a6ae5e3,0.0
pegasus-kickstart,f417e4fd90c8eb9c,0.0
pegasus-kickstart,f484a9e31d25e8fb,0.0
pegasus-kickstart,f4ac4ca22a3dfe32,0.0
pegasus-kickstart,f4c86ff7e68a2b15,0.0
pegasus-kickstart,f4f370b1b19650a5,0.0
pegasus-kickstart,f549574a0a5de70e,0.0
pegasus-kickstart,f554f8385036dfef,0.0
pegasus-kickstart,f561948b10a128bd,0.0
pegasus-kickstart,f57c244568320cd4,0.0
pegasus-kickstart,f59f2b4453f02e67,0.0
pegasus-kickstart,f5a470f4b3735faf,0.0
pegasus-kickstart,f5d8ac6c85cd8e50,0.0
pegasus-kickstart,f62544e37a09ae29,0.0
pegasus-kickstart,f62b78fef3c3e541,0.0
pegasus-kickstart,f6c9e946257c06b9,0.0
pegasus-kickstart,f6cab688d3fbb4df,0.0
pegasus-kickstart,f6e55d2c34c400da,0.0
pegasus-kickstart,f6ef1e6a63d7c050,0.0
pegasus-kickstart,f6f46c6dc342b6b3,0.0
pegasus-kickstart,f723a46f8b252b60,0.0
pegasus-kickstart,f7241a8451c10924,0.0
pegasus-kickstart,f73c79af34243a0e,0.0
pegasus-kickstart,f74b40dcdf4e5418,0.0
pegasus-kickstart,f762cf8207a152ad,0.0
pegasus-kickstart,f76ba18e90c0fda9,0.0
pegasus-kickstart,f776f28a31fef2a7,0.0
pegasus-kickstart,f799e54be55e0590,0.0
pegasus-kickstart,f7c0160eaaf7969c,0.0
pegasus-kickstart,f7f7a2ca02890d3f,0.0
pegasus-kickstart,f7fa0a8f5d1dad54,0.0
pegasus-kickstart,f80fc364102e76dd,0.0
pegasus-kickstart,f8283024a80ec1f5,0.0
pegasus-kickstart,f83ac9ab810c926d,0.0
pegasus-kickstart,f84e8cac5cd579d3,0.0
pegasus-kickstart,f86d22619b939462,0.0
pegasus-kickstart,f8c63c6fa8e176d5,0.0
pegasus-kickstart,f8d5a026514aa14b,0.0
pegasus-kickstart,f90f6604f6ce3658,0.0
pegasus-kickstart,f929010667cb8bce,0.0
pegasus-kickstart,f94f54b6a7321f1f,0.0
pegasus-kickstart,f99febc979d066c0,0.0
pegasus-kickstart,f9a63e5615f41f2f,0.0
pegasus-kickstart,f9c02b311c75df2d,0.0
pegasus-kickstart,f9f4060ce6c693f7,0.0
pegasus-kickstart,f9fc5ffd9c4b01b2,0.0
pegasus-kickstart,f9fdcceafbccf795,0.0
pegasus-kickstart,fa8213a0a769bb4f,0.0
pegasus-kickstart,fadcf2f9f9c5201b,0.0
pegasus-kickstart,faeb2c223251be70,0.0
pegasus-kickstart,faf2d463177aeade,0.0
pegasus-kickstart,fafb49350cbe3310,0.0
pegasus-kickstart,fb015be836017182,0.0
pegasus-kickstart,fb57a3fddd97a1b0,0.0
pegasus-kickstart,fb743d69324cb30a,0.0
pegasus-kickstart,fb89a96933b6b7d7,0.0
pegasus-kickstart,fb8e027b4701612f,0.0
pegasus-kickstart,fb92b664bc301263,0.0
pegasus-kickstart,fba74ec7fd2d7300,0.0
pegasus-kickstart,fc18fb37a0d83969,0.0
pegasus-kickstart,fc4a39e1d32e72fd,0.0
pegasus-kickstart,fc4b245c1dba0a09,0.0
pegasus-kickstart,fc4d5a76f7859837,0.0
pegasus-kickstart,fc55431c67e5285c,0.0
pegasus-kickstart,fc8d11cb939111cc,0.0
pegasus-kickstart,fc9744a46aaa9be0,0.0
pegasus-kickstart,fcb638ed65d5d77e,0.0
pegasus-kickstart,fd4e91e65ebe7903,0.0
pegasus-kickstart,fd88157b6e6a6e05,0.0
pegasus-kickstart,fdcfd48f1278e5bb,0.0
pegasus-kickstart,fddbd784691e652c,0.0
pegasus-kickstart,fdfe90e199957b58,0.0
pegasus-kickstart,fe2fffbec896628d,0.0
pegasus-kickstart,fe5ffd004d25ffcf,0.0
pegasus-kickstart,fe6755e19af17691,0.0
pegasus-kickstart,fe7a9eeb6f8fa15f,0.0
pegasus-kickstart,fe9cc28639fed672,0.0
pegasus-kickstart,fea9dae603b5e9d2,0.0
pegasus-kickstart,fedd9f687dab58c7,0.0
pegasus-kickstart,fef428d6d66ac64c,0.0
pegasus-kickstart,ff3273280fb0ae90,0.0
pegasus-kickstart,ff4a0c1593a37b76,0.0
pegasus-kickstart,ff5426ebf8398d55,0.0
pegasus-kickstart,ff5436e94f161758,0.0
pegasus-kickstart,ff5c6801198eb39d,0.0
pegasus-kickstart,ff652bd285b002ab,0.0
pegasus-kickstart,ffd231835bee5690,0.0
pegasus-kickstart,fff361b8d8f645f0,0.0
pegasus-kickstart,f650e720d44c3e3b,16.0
pegasus-kickstart,58a6c4f57e4a557c,16.0
pegasus-kickstart,003a40a4fc6639e6,0.0
pegasus-kickstart,ede7471017b4c485,16.0
pegasus-kickstart,020752a08f2b9f17,0.0
pegasus-kickstart,0727a3efc95949ba,0.0
pegasus-kickstart,08bdccbe890f2644,0.0
pegasus-kickstart,0ae5d9b1b88b6a04,0.0
pegasus-kickstart,0b9d56adcbb20e89,0.0
pegasus-kickstart,1f90616350cd79c5,0.0
pegasus-kickstart,2149a56dd7316398,0.0
pegasus-kickstart,278416ee38ca8239,0.0
pegasus-kickstart,2880b1ebfba17e1c,0.0
pegasus-kickstart,288c5f25c2a4f7d7,0.0
pegasus-kickstart,362dbe6bbccba3af,0.0
pegasus-kickstart,46e8280d0d19521f,0.0
pegasus-kickstart,5857e6aed4bee01e,0.0
pegasus-kickstart,5fc0135135d9c17c,0.0
pegasus-kickstart,6ba2806d05c47f15,0.0
pegasus-kickstart,6cfb7726a3029da5,0.0
pegasus-kickstart,6f5cd428bad1c86a,0.0
pegasus-kickstart,88c26a2b3701c451,0.0
pegasus-kickstart,9c1e859152ec9b02,0.0
pegasus-kickstart,9ccba53f87520021,0.0
pegasus-kickstart,a45fee1aec737c2f,0.0
pegasus-kickstart,ab6c9528dde36464,0.0
pegasus-kickstart,b721002c2316fd3f,0.0
pegasus-kickstart,d106ae156f25c962,0.0
pegasus-kickstart,da478fffb5d7a8bf,0.0
pegasus-kickstart,e7aaf14fc54c81bd,0.0
pegasus-kickstart,ec11175b23b2ca52,0.0
pegasus-kickstart,ed0095017e41da6b,0.0
pegasus-kickstart,edc7fee754b12fc5,0.0
pegasus-kickstart,edf9f778a9576049,0.0
pegasus-kickstart,f2b0df85959aff4a,0.0
pegasus-kickstart,fba86f60ba8ef2f9,0.0
pegasus-kickstart,84528a284b233cbf,16.0
pegasus-kickstart,ad26151e5a22932a,16.0
pegasus-kickstart,e4df3f9d0ce97e61,0.0
pegasus-kickstart,03b543cfc23222c9,0.0
pegasus-kickstart,129b152c6e743eff,0.0
pegasus-kickstart,1e0d95e754b4c5d4,0.0
pegasus-kickstart,211fb2ce9c0c8857,0.0
pegasus-kickstart,2deab20dcfabb8d0,0.0
pegasus-kickstart,2e48dbdcf9a16f82,0.0
pegasus-kickstart,3d97b9cc31bd9ad6,0.0
pegasus-kickstart,42f536fb44fea12a,0.0
pegasus-kickstart,43922e2aaa938062,0.0
pegasus-kickstart,4594130e415d775e,0.0
pegasus-kickstart,4c5e4076db0d6a54,0.0
pegasus-kickstart,6b823645dabab8f9,0.0
pegasus-kickstart,7367a95d8099751a,0.0
pegasus-kickstart,7618b92cc29342bd,0.0
pegasus-kickstart,9060be189408b770,0.0
pegasus-kickstart,9e538495d58f3744,0.0
pegasus-kickstart,ac6b3eff3741bce8,0.0
pegasus-kickstart,baa4843db7df0a95,0.0
pegasus-kickstart,bf66ea8b0c2439ba,0.0
pegasus-kickstart,ca02c0b7592ff010,0.0
pegasus-kickstart,d7f7a7d68af602e0,0.0
pegasus-kickstart,f7557633069166d7,0.0
pegasus-kickstart,afde210b325b4757,16.0
pegasus-kickstart,9bf288baf38d8a50,16.0
pegasus-kickstart,e370e8fedf338417,0.0
pegasus-kickstart,01426d702c414653,0.0
pegasus-kickstart,17318c85cb5e9182,0.0
pegasus-kickstart,2ecc8abd8635209d,0.0
pegasus-kickstart,3648b212de3c8e79,0.0
pegasus-kickstart,57910873d47f92a4,0.0
pegasus-kickstart,740a0b02a9e4d15a,0.0
pegasus-kickstart,a0169f32e2021d81,0.0
pegasus-kickstart,bcae991eff43162e,0.0
pegasus-kickstart,dc151302b64111ef,16.0
pegasus-kickstart,5f60b526bf0e29cc,0.0
pegasus-kickstart,dba829b874a5a738,16.0
pegasus-kickstart,0292e1b484048eca,0.0
pegasus-kickstart,1c7f518e9842a6fe,0.0
pegasus-kickstart,215bbc976e19e4e4,0.0
pegasus-kickstart,350d818c5e2c7c2d,0.0
pegasus-kickstart,7a8ea686ff5eff8d,0.0
pegasus-kickstart,a55456020dabc4a2,0.0
pegasus-kickstart,aa806985081cabae,0.0
pegasus-kickstart,b190fce7a10222f7,0.0
pegasus-kickstart,bc046db5493c573c,0.0
pegasus-kickstart,c38d2b07133c7955,0.0
pegasus-kickstart,eeb0eabe754ae114,0.0
pegasus-kickstart,f84b5585f59f8142,0.0
pegasus-kickstart,67c8e415d2c91331,16.0
pegasus-kickstart,617d5cf74faae12f,0.0
pegasus-kickstart,a3e5ad008cb6660d,16.0
pegasus-kickstart,0a69e8882f158378,0.0
pegasus-kickstart,1e46593c8935814e,0.0
pegasus-kickstart,276a6f240a39c1b4,0.0
pegasus-kickstart,2a797fbb6008f3fc,0.0
pegasus-kickstart,309d9bf87125c804,0.0
pegasus-kickstart,b8e623445d9c7dcc,0.0
pegasus-kickstart,9d6fa1e617187c4e,16.0
pegasus-kickstart,ce1d9bb30f3dba1f,16.0
pegasus-kickstart,ce444750578292d0,0.0
pegasus-kickstart,1d8d66b04a7b3679,0.0
pegasus-kickstart,3fb77f8ecf9ecb34,0.0
pegasus-kickstart,52d662f364eb595a,0.0
pegasus-kickstart,8e6b38a98689bb6a,0.0
pegasus-kickstart,a94df73cf210d467,0.0
pegasus-kickstart,ad81be6d565e412f,0.0
pegasus-kickstart,b38ffe6d43444f12,0.0
pegasus-kickstart,b8889ec3278f5621,0.0
pegasus-kickstart,c085022802f39d56,0.0
pegasus-kickstart,df43b924333d6471,0.0
pegasus-kickstart,18e675ffad0203ee,16.0
pegasus-kickstart,b84ef6817f3a271f,0.0
pegasus-kickstart,49cc96451b8123b6,0.0
pegasus-kickstart,d111d0282af215c9,0.0
pegasus-kickstart,37f6f90d6247a8f5,16.0
pegasus-kickstart,f169b3365426d7cd,0.0
pegasus-kickstart,18b5ac031d055216,0.0
pegasus-kickstart,29ea14607d246791,0.0
pegasus-kickstart,2ed3fd4a2121d705,0.0
pegasus-kickstart,49ea96a6a15bc9af,0.0
pegasus-kickstart,4ff1c7e4036a4982,0.0
pegasus-kickstart,5667ecc0aae79449,0.0
pegasus-kickstart,56685dec55a93d33,0.0
pegasus-kickstart,5a1bacae5ad6f469,0.0
pegasus-kickstart,6f8288fa77961ca3,0.0
pegasus-kickstart,8af4b04d05ff8166,0.0
pegasus-kickstart,a1cb4fe71c2683c3,0.0
pegasus-kickstart,a4b2ffb9275ba5d0,0.0
pegasus-kickstart,a9cfbe5cff1b1063,0.0
pegasus-kickstart,bc359b830c6f1bce,0.0
pegasus-kickstart,c787b0a00d96c37f,0.0
pegasus-kickstart,c7d3adb59cd0560e,0.0
pegasus-kickstart,c8ea3c44693ae386,0.0
pegasus-kickstart,ccd44c5fea054130,0.0
pegasus-kickstart,d0e2a4707e435636,0.0
pegasus-kickstart,d585f73b5c5eec0f,0.0
pegasus-kickstart,dddc62c5812004de,0.0
pegasus-kickstart,e3da75d02138fb87,0.0
pegasus-kickstart,eb548f4bbfbea3b3,0.0
pegasus-kickstart,ef1e4ebd70a346d2,0.0
pegasus-kickstart,bdf7e98b1c88406d,16.0
pegasus-kickstart,4c7ee38e371b25be,16.0
pegasus-kickstart,04b42a91c40b3a12,0.0
pegasus-kickstart,0e83582c54622408,0.0
pegasus-kickstart,aefb7c7df3f00428,0.0
pegasus-kickstart,2fadb16e1b389bcd,16.0
pegasus-kickstart,bfe5924f03535f55,0.0
pegasus-kickstart,204a48c02eb8071f,0.0
pegasus-kickstart,20a3342edd3912c0,0.0
pegasus-kickstart,2ee00592e38ccda6,0.0
pegasus-kickstart,307deb69849365d4,0.0
pegasus-kickstart,4f78d3f19f490a34,0.0
pegasus-kickstart,76ed2ce810df4602,0.0
pegasus-kickstart,f50024aabed3e6cc,16.0
pegasus-kickstart,561d443cd47709df,16.0
pegasus-kickstart,39ef759e54c5fa59,0.0
pegasus-kickstart,72560d5db6759f41,16.0
pegasus-kickstart,f225c5b9ae6d8ee4,16.0
pegasus-kickstart,0594b01ae80dbc5e,53049600.0
pegasus-kickstart,af211ce526c32580,0.0
pegasus-kickstart,923001a44d6f2892,16.0
pegasus-kickstart,7dc0a1bb70f694c4,16.0
pegasus-kickstart,d05be7424c106fc7,0.0
pegasus-kickstart,01a2d139bd44c696,0.0
pegasus-kickstart,0959eff3b53211c9,0.0
pegasus-kickstart,150b795ac5cddbf8,0.0
pegasus-kickstart,19a9a44684fb9234,0.0
pegasus-kickstart,20a748c1c78f70e3,0.0
pegasus-kickstart,21bd5d1ea270679e,0.0
pegasus-kickstart,3b6042a678cf6fcd,0.0
pegasus-kickstart,4d7c0584ec35514d,0.0
pegasus-kickstart,5b87325b14e42770,0.0
pegasus-kickstart,61fd3ea329482d06,0.0
pegasus-kickstart,62aafe66ef9875bd,0.0
pegasus-kickstart,6e1799a1354a006e,0.0
pegasus-kickstart,74305e16aa7ce722,0.0
pegasus-kickstart,95a0f655ae163814,0.0
pegasus-kickstart,a25eedb87d86eb96,0.0
pegasus-kickstart,a6fcef02e1852b1e,0.0
pegasus-kickstart,afc9c5dddd030035,0.0
pegasus-kickstart,b6d020e5b1451fc6,0.0
pegasus-kickstart,bd3bba5d5b92ce70,0.0
pegasus-kickstart,c389958c8bdcb29b,0.0
pegasus-kickstart,c5a036d06a0ac60e,0.0
pegasus-kickstart,c7495a2babcf0848,0.0
pegasus-kickstart,cd3b37721381a0b7,0.0
pegasus-kickstart,d1477ec720c58e9a,0.0
pegasus-kickstart,d287f5b13f0a0d72,0.0
pegasus-kickstart,dce6aa14afc32444,0.0
pegasus-kickstart,e51ead83778d1a71,0.0
pegasus-kickstart,e5f4b9c554aea6fc,0.0
pegasus-kickstart,ec9325da1eaae9e3,0.0
pegasus-kickstart,f6e43c5da00f7205,0.0
pegasus-kickstart,74929d107efd32a6,16.0
pegasus-kickstart,3f48ca61545f356d,0.0
pegasus-kickstart,014c8d80d109a079,16.0
pegasus-kickstart,20b37434e52576e2,16.0
pegasus-kickstart,f98ce33cf5ccea89,0.0
pegasus-kickstart,29bc27923e911abb,16.0
pegasus-kickstart,1140f9e90d2d095c,0.0
pegasus-kickstart,adb665fb37749890,16.0
pegasus-kickstart,e59c2bb1393500f1,16.0
pegasus-kickstart,90343b609def4d79,0.0
pegasus-kickstart,c892d3b5ae88ddcb,16.0
pegasus-kickstart,ca7e4b93d34c4436,0.0
pegasus-kickstart,7bfe959e33216125,16.0
pegasus-kickstart,bf5b8922a405271b,0.0
pegasus-kickstart,d58e10e0d49c3acb,16.0
pegasus-kickstart,64f18074a12c3c56,16.0
pegasus-kickstart,13afe74401ae9ce1,0.0
pegasus-kickstart,8b54a6aa3531967e,16.0
pegasus-kickstart,e34de62f41df5281,0.0
pegasus-kickstart,f051e06a3f9dcf74,16.0
pegasus-kickstart,a048a04884ee44a4,16.0
pegasus-kickstart,9a967832a49d60ae,0.0
pegasus-kickstart,01f76cdd5126229b,16.0
pegasus-kickstart,de22b5ebf52d6125,16.0
pegasus-kickstart,ae4bb1de02f35e73,0.0
pegasus-kickstart,20b34064dc90412f,16.0
pegasus-kickstart,77f7507f638ca0ce,0.0
pegasus-kickstart,1b6606cfe1b231ea,16.0
pegasus-kickstart,eb63823cf4a64f0a,16.0
pegasus-kickstart,25a3aca780a120ce,0.0
pegasus-kickstart,4aa8ca3de32d9607,16.0
pegasus-kickstart,4d609dc7d9d12827,16.0
pegasus-kickstart,59eb74f5f1973aa4,0.0
pegasus-kickstart,4cbea8393307cacf,16.0
pegasus-kickstart,5367de8b236f4a8e,16.0
pegasus-kickstart,c462c2588bee089f,0.0
pegasus-kickstart,82968ccdc109e3aa,16.0
pegasus-kickstart,e6f50b6a2e1b2ec0,16.0
pegasus-kickstart,c578f547d3822321,0.0
pegasus-kickstart,e4f262e64765268d,16.0
pegasus-kickstart,25c9d27fc4ba402e,0.0
pegasus-kickstart,26dfaefe535db4c0,16.0
pegasus-kickstart,b08a432c8807d519,0.0
pegasus-kickstart,b950e3fb3773033d,16.0
pegasus-kickstart,fa7293ffb607c158,16.0
pegasus-kickstart,fd81559ddddcfffe,0.0
pegasus-kickstart,363f82cc040f3714,16.0
pegasus-kickstart,50f4765d4ab0a771,0.0
pegasus-kickstart,0f9a17aab0923a3a,16.0
pegasus-kickstart,5107a3d163b2bba2,0.0
pegasus-kickstart,cc7e8be3f334b245,0.0
pegasus-kickstart,f8ccb8c9f168798f,0.0
pegasus-kickstart,c0214eb4bbda2148,16.0
pegasus-kickstart,70dd95bbfed703be,0.0
pegasus-kickstart,f9d549166b3a8585,16.0
pegasus-kickstart,2e352c0f9ab94cbc,16.0
pegasus-kickstart,76db13ca0139fb70,0.0
pegasus-kickstart,b1d239c88f3de76e,16.0
pegasus-kickstart,07658ab682d2cbd6,0.0
pegasus-kickstart,0a0bc51e195a333c,16.0
pegasus-kickstart,841a5c8f31d1c788,16.0
pegasus-kickstart,4c6ec1a76a48c747,0.0
pegasus-kickstart,2136a88fb36c57e7,16.0
pegasus-kickstart,adde0e3dc916e765,0.0
pegasus-kickstart,0f149983d108e1f1,16.0
pegasus-kickstart,0d81ce33e53f1608,16.0
pegasus-kickstart,3f0f28ad7081702c,0.0
pegasus-kickstart,decda2df349409a5,16.0
pegasus-kickstart,130f07bfdc86841c,16.0
pegasus-kickstart,1e9cdc71213fb47e,0.0
pegasus-kickstart,9657a2586f6000e3,16.0
pegasus-kickstart,e291529881652b84,16.0
pegasus-kickstart,19190e727a1997eb,0.0
pegasus-kickstart,b84ce67fe699e9f1,16.0
pegasus-kickstart,1f7357db8b8e8322,16.0
pegasus-kickstart,082f501be84459d8,0.0
pegasus-kickstart,981db80d1a1040b7,16.0
pegasus-kickstart,51a202fe8bba6b27,0.0
pegasus-kickstart,21089ebe1e804609,0.0
pegasus-kickstart,d7de941b20f810e0,0.0
pegasus-kickstart,070a41dcce62714d,16.0
pegasus-kickstart,4790976f988f4194,16.0
pegasus-kickstart,e476b834095972ec,0.0
pegasus-kickstart,2d7f6b5856c063e8,16.0
pegasus-kickstart,9c20b603a88839ab,16.0
pegasus-kickstart,6e76cd86a5accf7b,0.0
pegasus-kickstart,507baa14348f69a9,16.0
pegasus-kickstart,5ec6101b7a5155b0,0.0
pegasus-kickstart,9a4d8b8f9c356812,16.0
pegasus-kickstart,347570d55052f1e4,0.0
pegasus-kickstart,c0a2cc16b995b8a0,16.0
pegasus-kickstart,0bdf44a5706d32bd,16.0
pegasus-kickstart,bca8e061407c4413,0.0
pegasus-kickstart,4dafaf83f33fc229,16.0
pegasus-kickstart,ed25703a09c304b0,16.0
pegasus-kickstart,fd8c0f485b52ba9c,0.0
pegasus-kickstart,1e568f4f97e1cc88,16.0
pegasus-kickstart,03bd3b31b8e81c2e,16.0
pegasus-kickstart,7b4308c04046e975,0.0
pegasus-kickstart,780e014413d5acc0,16.0
pegasus-kickstart,d307220692ec114e,0.0
pegasus-kickstart,399f43d6318c0ebd,16.0
pegasus-kickstart,042657eb4a70c79c,0.0
pegasus-kickstart,77390d9104bbeb3b,16.0
pegasus-kickstart,b754bd2df467faa6,0.0
pegasus-kickstart,1a86fd524bd80100,16.0
pegasus-kickstart,94b9f83866fd73f6,0.0
pegasus-kickstart,8f064a6ef14247ac,16.0
pegasus-kickstart,a22b1fad5a7a4def,0.0
pegasus-kickstart,44a1e83fb8490523,16.0
pegasus-kickstart,5f42aec1669e0665,0.0
pegasus-kickstart,0f1d6c7cdcc95228,0.0
pegasus-kickstart,70079acb6b5364ef,0.0
pegasus-kickstart,8463392bf5c517d0,0.0
pegasus-kickstart,b5ddfeeeedafce18,0.0
pegasus-kickstart,4e6579ccd4d6a66c,16.0
pegasus-kickstart,2b515ad5a01ab956,0.0
173eb8bdd88653a1,mBackground,52536960.0
8563f0423f2d7faf,mBackground,52536960.0
f650e720d44c3e3b,mProject,53009280.0
58a6c4f57e4a557c,mProject,53009280.0
mImgtbl,2fadb16e1b389bcd,0.0
mImgtbl,6d32918d457c93a0,0.0
mImgtbl,96d3befdc9090319,0.0
mImgtbl,b950e3fb3773033d,2882.0
mImgtbl,82968ccdc109e3aa,2882.0
mImgtbl,1f7357db8b8e8322,2882.0
mImgtbl,ed25703a09c304b0,2882.0
mImgtbl,0826a37bef83d69a,0.0
mImgtbl,931e808f1826cd33,0.0
mImgtbl,dc151302b64111ef,0.0
mImgtbl,bdf7e98b1c88406d,2882.0
mImgtbl,c0a2cc16b995b8a0,2882.0
mImgtbl,9c20b603a88839ab,2882.0
mImgtbl,e291529881652b84,2882.0
mImgtbl,03ac6bec11a15f6d,0.0
mImgtbl,131c58bf484cf439,0.0
mImgtbl,37f6f90d6247a8f5,0.0
mImgtbl,130f07bfdc86841c,2882.0
mImgtbl,8563f0423f2d7faf,2882.0
mImgtbl,e59c2bb1393500f1,2882.0
mImgtbl,d58e10e0d49c3acb,2882.0
2fadb16e1b389bcd,mImgtbl,515.0
6d32918d457c93a0,mImgtbl,7.0
b950e3fb3773033d,mBackground,53173440.0
82968ccdc109e3aa,mBackground,53213760.0
1f7357db8b8e8322,mBackground,53173440.0
ed25703a09c304b0,mBackground,53173440.0
mViewer,561d443cd47709df,311045764.0
mViewer,070a41dcce62714d,311045764.0
mViewer,7dc0a1bb70f694c4,311045764.0
561d443cd47709df,mAdd,103682880.0
afde210b325b4757,mViewer,6690716.0
84528a284b233cbf,mConcatFit,209.0
089a6c75635321d8,mDiff,15768000.0
dc151302b64111ef,mImgtbl,515.0
d41e20c8c3d38e7b,mDiff,15543360.0
mDiff,f0b4dc76dd383a82,279.0
mDiff,4cbea8393307cacf,52557516.0
mDiff,5367de8b236f4a8e,52557516.0
mDiff,7631f6a91053d0ab,2880.0
mDiff,80c4dd06d813be41,2880.0
mDiff,a048a04884ee44a4,52537012.0
mDiff,f051e06a3f9dcf74,52537012.0
mDiff,01f76cdd5126229b,52516516.0
mDiff,0b27bbee5e7552bd,2880.0
mDiff,32f904f7966fe890,2880.0
mDiff,4aa8ca3de32d9607,52537012.0
mDiff,4d609dc7d9d12827,52537012.0
mDiff,de22b5ebf52d6125,52516516.0
mDiff,03bd3b31b8e81c2e,53215692.0
mDiff,0a0bc51e195a333c,53174436.0
mDiff,1e568f4f97e1cc88,53215692.0
mDiff,3e6dee487f83b0cd,2880.0
mDiff,841a5c8f31d1c788,53174436.0
mDiff,99a321b271ad4faa,2880.0
mDiff,092dd7229967fe3c,2880.0
mDiff,1b6606cfe1b231ea,53174436.0
mDiff,31274d7efd671863,2880.0
mDiff,eb63823cf4a64f0a,53174436.0
mDiff,0dd137089beba793,2880.0
mDiff,3bef879e155262c3,2880.0
mDiff,014c8d80d109a079,53030164.0
mDiff,0594b01ae80dbc5e,53050764.0
mDiff,20b37434e52576e2,53030164.0
mDiff,f225c5b9ae6d8ee4,53050764.0
mDiff,2e352c0f9ab94cbc,53030164.0
mDiff,58a6c4f57e4a557c,53009572.0
mDiff,f650e720d44c3e3b,53009572.0
mDiff,f9d549166b3a8585,53030164.0
mDiff,75974918f6c2bdc4,2880.0
mDiff,94ca91122636e2c3,2880.0
mDiff,0d81ce33e53f1608,53174436.0
mDiff,0f149983d108e1f1,53174436.0
mDiff,14f37454ac31a356,2880.0
mDiff,292e0e0a16f3ea3c,2880.0
mDiff,522d259efdda13da,2880.0
mDiff,d358e25f2e058f9d,2880.0
mDiff,05725be54b7e1f3b,2880.0
mDiff,2ef5578d92cb8095,2880.0
mDiff,3991b1a924ec82e3,2880.0
mDiff,a16eb7a92dbd7750,2880.0
mDiff,d764b43710dd04c7,2880.0
mDiff,f12026e1f5834a80,2880.0
mDiff,089a6c75635321d8,2880.0
mDiff,165d76f4b6d5f6c2,2880.0
mDiff,a00d04493ed6cc0e,2880.0
mDiff,bbda131ad3f1e7bf,2880.0
mDiff,91ce2b6c8429b86c,2880.0
mDiff,d2e8a0080bd0e7d1,2880.0
mDiff,0a05dfe33482f241,2880.0
mDiff,de14e2f72a22f731,2880.0
4cbea8393307cacf,mProject,52557120.0
5367de8b236f4a8e,mProject,52557120.0
7631f6a91053d0ab,mDiff,4576320.0
80c4dd06d813be41,mDiff,4576320.0
a048a04884ee44a4,mProject,52536960.0
f051e06a3f9dcf74,mProject,52536960.0
9d6fa1e617187c4e,mBgModel,56.0
31274d7efd671863,mDiff,15837120.0
18e675ffad0203ee,mBgModel,56.0
37f6f90d6247a8f5,mImgtbl,515.0
bdf7e98b1c88406d,mBackground,53029440.0
4c7ee38e371b25be,mBackground,53029440.0
mBackground,18e675ffad0203ee,0.0
mBackground,f2506b960ed84b7f,0.0
mBackground,a048a04884ee44a4,52537012.0
mBackground,f051e06a3f9dcf74,52537012.0
mBackground,4b965660da62ff24,0.0
mBackground,8f064a6ef14247ac,0.0
mBackground,2e352c0f9ab94cbc,53030164.0
mBackground,f9d549166b3a8585,53030164.0
mBackground,4cbea8393307cacf,52557516.0
mBackground,5367de8b236f4a8e,52557516.0
mBackground,73a8a6e1c2cdd412,0.0
mBackground,9d6fa1e617187c4e,0.0
mBackground,0a0bc51e195a333c,53174436.0
mBackground,841a5c8f31d1c788,53174436.0
mBackground,0d81ce33e53f1608,53174436.0
mBackground,0f149983d108e1f1,53174436.0
mBackground,0594b01ae80dbc5e,53050764.0
mBackground,f225c5b9ae6d8ee4,53050764.0
mBackground,1b6606cfe1b231ea,53174436.0
mBackground,eb63823cf4a64f0a,53174436.0
mBackground,4aa8ca3de32d9607,52537012.0
mBackground,4d609dc7d9d12827,52537012.0
mBackground,03bd3b31b8e81c2e,53215692.0
mBackground,1e568f4f97e1cc88,53215692.0
mBackground,01f76cdd5126229b,52516516.0
mBackground,adb665fb37749890,2880.0
mBackground,de22b5ebf52d6125,52516516.0
mBackground,e59c2bb1393500f1,2880.0
mBackground,014c8d80d109a079,53030164.0
mBackground,20b37434e52576e2,53030164.0
mBackground,58a6c4f57e4a557c,53009572.0
mBackground,9657a2586f6000e3,2880.0
mBackground,e291529881652b84,2880.0
mBackground,f650e720d44c3e3b,53009572.0
d58e10e0d49c3acb,mBackground,52536960.0
64f18074a12c3c56,mBackground,52536960.0
f50024aabed3e6cc,mAdd,103682880.0
f225c5b9ae6d8ee4,mProject,53049600.0
0594b01ae80dbc5e,mProject,53049600.0
923001a44d6f2892,mAdd,103682880.0
7dc0a1bb70f694c4,mAdd,103682880.0
mConcatFit,1a86fd524bd80100,0.0
mConcatFit,399f43d6318c0ebd,0.0
mConcatFit,67c8e415d2c91331,0.0
mConcatFit,77390d9104bbeb3b,0.0
mConcatFit,7bfe959e33216125,0.0
mConcatFit,c892d3b5ae88ddcb,0.0
mConcatFit,fdab686b80a14454,0.0
mConcatFit,44a1e83fb8490523,0.0
mConcatFit,26dfaefe535db4c0,0.0
mConcatFit,74929d107efd32a6,0.0
mConcatFit,8b54a6aa3531967e,0.0
mConcatFit,2136a88fb36c57e7,0.0
mConcatFit,981db80d1a1040b7,0.0
mConcatFit,d354f70a69b2db86,0.0
mConcatFit,507baa14348f69a9,0.0
mConcatFit,b1d239c88f3de76e,0.0
mConcatFit,0f9a17aab0923a3a,0.0
mConcatFit,ca0612f97c696c4d,0.0
mConcatFit,29bc27923e911abb,0.0
mConcatFit,e4f262e64765268d,0.0
mConcatFit,363f82cc040f3714,0.0
780e014413d5acc0,mConcatFit,209.0
014c8d80d109a079,mProject,53029440.0
20b37434e52576e2,mProject,53029440.0
3e6dee487f83b0cd,mDiff,4633920.0
adb665fb37749890,mBackground,52513920.0
e59c2bb1393500f1,mBackground,52513920.0
01f76cdd5126229b,mProject,52513920.0
0b27bbee5e7552bd,mDiff,4582080.0
32f904f7966fe890,mDiff,4582080.0
4aa8ca3de32d9607,mProject,52536960.0
4d609dc7d9d12827,mProject,52536960.0
de22b5ebf52d6125,mProject,52513920.0
0a05dfe33482f241,mDiff,4628160.0
03bd3b31b8e81c2e,mProject,53213760.0
0a0bc51e195a333c,mProject,53173440.0
1e568f4f97e1cc88,mProject,53213760.0
841a5c8f31d1c788,mProject,53173440.0
99a321b271ad4faa,mDiff,4633920.0
mProject,f0b4dc76dd383a82,279.0
mProject,ed4d16243f9b94d3,13247520.0
mProject,d3768523a0facc7b,13477498.0
mProject,01f76cdd5126229b,2880.0
mProject,6b45da9428b355d7,13241380.0
mProject,de22b5ebf52d6125,2880.0
mProject,99c67cb0cb43e2bb,14531720.0
mProject,168b830bfaa30ce2,17827252.0
mProject,06f44a110f526fc6,14487856.0
mProject,70df09f642c7285f,18207788.0
mProject,a88658309d12aa64,14445684.0
mProject,069f6f88ab89ac5b,18273310.0
mProject,bd402ef6c7946f27,18021136.0
mProject,2a26a92e20f94e29,13386246.0
mProject,58a6c4f57e4a557c,2880.0
mProject,7885125adae28ccf,14311640.0
mProject,f650e720d44c3e3b,2880.0
092dd7229967fe3c,mDiff,15837120.0
1b6606cfe1b231ea,mProject,53173440.0
eb63823cf4a64f0a,mProject,53173440.0
8f064a6ef14247ac,mBgModel,56.0
2e352c0f9ab94cbc,mProject,53029440.0
f9d549166b3a8585,mProject,53029440.0
20b34064dc90412f,mViewer,15963490.0
0dd137089beba793,mDiff,15575040.0
3bef879e155262c3,mDiff,15575040.0
mAdd,dc151302b64111ef,0.0
mAdd,f8e287adab734762,279.0
mAdd,070a41dcce62714d,2880.0
mAdd,9657a2586f6000e3,53006690.0
mAdd,4c7ee38e371b25be,34095882.0
mAdd,4790976f988f4194,2880.0
mAdd,bdf7e98b1c88406d,34095882.0
mAdd,c0a2cc16b995b8a0,34116482.0
mAdd,2d7f6b5856c063e8,53027282.0
mAdd,9c20b603a88839ab,53027282.0
mAdd,0bdf44a5706d32bd,34116482.0
mAdd,e291529881652b84,53006690.0
mAdd,37f6f90d6247a8f5,0.0
mAdd,130f07bfdc86841c,52554634.0
mAdd,173eb8bdd88653a1,33834482.0
mAdd,64f18074a12c3c56,33834482.0
mAdd,561d443cd47709df,2880.0
mAdd,8563f0423f2d7faf,33834482.0
mAdd,e59c2bb1393500f1,52513634.0
mAdd,adb665fb37749890,52513634.0
mAdd,d58e10e0d49c3acb,33834482.0
mAdd,decda2df349409a5,52554634.0
mAdd,f50024aabed3e6cc,2880.0
mAdd,2fadb16e1b389bcd,0.0
mAdd,b950e3fb3773033d,34176850.0
mAdd,82968ccdc109e3aa,34210738.0
mAdd,b84ce67fe699e9f1,53171554.0
mAdd,fa7293ffb607c158,34176850.0
mAdd,1f7357db8b8e8322,53171554.0
mAdd,7dc0a1bb70f694c4,2880.0
mAdd,923001a44d6f2892,2880.0
mAdd,4dafaf83f33fc229,53171554.0
mAdd,e6f50b6a2e1b2ec0,34210738.0
mAdd,ed25703a09c304b0,53171554.0
070a41dcce62714d,mAdd,103682880.0
9657a2586f6000e3,mBackground,53009280.0
4790976f988f4194,mAdd,103682880.0
c0a2cc16b995b8a0,mBackground,53049600.0
2d7f6b5856c063e8,mBackground,53029440.0
9c20b603a88839ab,mBackground,53029440.0
0bdf44a5706d32bd,mBackground,53049600.0
e291529881652b84,mBackground,53009280.0
e6f50b6a2e1b2ec0,mBackground,53213760.0
bbda131ad3f1e7bf,mDiff,15837120.0
7549a9e360cffed0,mDiff,15776640.0
fa7293ffb607c158,mBackground,53173440.0
05725be54b7e1f3b,mDiff,4622400.0
14181621ebba900e,mDiff,15742080.0
b2846f4635075ea4,mDiff,15742080.0
a16eb7a92dbd7750,mDiff,15837120.0
75974918f6c2bdc4,mDiff,15534720.0
94ca91122636e2c3,mDiff,15534720.0
130f07bfdc86841c,mBackground,52557120.0
decda2df349409a5,mBackground,52557120.0
4dafaf83f33fc229,mBackground,53173440.0
0d81ce33e53f1608,mProject,53173440.0
0f149983d108e1f1,mProject,53173440.0
14f37454ac31a356,mDiff,4633920.0
292e0e0a16f3ea3c,mDiff,4633920.0
c0214eb4bbda2148,mViewer,7320652.0
4e6579ccd4d6a66c,mViewer,4616966.0
mBgModel,d17b888c8cd5b95b,0.0
mBgModel,84528a284b233cbf,0.0
mBgModel,780e014413d5acc0,0.0
mBgModel,c51813231404d59c,0.0
mBgModel,997600cbb72c6b28,0.0
mBgModel,9a4d8b8f9c356812,0.0
d764b43710dd04c7,mDiff,15782400.0
522d259efdda13da,mDiff,15837120.0
d358e25f2e058f9d,mDiff,15837120.0
b84ce67fe699e9f1,mBackground,53173440.0
2ef5578d92cb8095,mDiff,4622400.0
9a4d8b8f9c356812,mConcatFit,209.0
931e808f1826cd33,mImgtbl,7.0
3991b1a924ec82e3,mDiff,15837120.0
f12026e1f5834a80,mDiff,15782400.0
165d76f4b6d5f6c2,mDiff,15768000.0
a7760379076814a7,mDiff,15543360.0
a00d04493ed6cc0e,mDiff,15837120.0
03ac6bec11a15f6d,mImgtbl,7.0
91ce2b6c8429b86c,mDiff,15569280.0
de14e2f72a22f731,mDiff,4628160.0
