,node,betweenness_unweighted,betweenness_weighted,in_degree,out_degree
0,ee12564debb781ba,0.0,0.0,0,1
1,327cdf8cf67adadf,9.050099723048839e-08,0.0,1,1
2,mFitplane,0.0,0.0,18,0
3,d2e8a0080bd0e7d1,9.050099723048839e-08,0.0,1,2
4,0001148b65c463d1,0.0,0.0,0,1
5,pegasus-kickstart,0.0,0.0,5684,0
6,000ee992967d0a99,0.0,0.0,0,1
7,0020aef76b2dec2a,0.0,0.0,0,1
8,002631907671fbb3,0.0,0.0,0,1
9,002b5ec0f667049c,0.0,0.0,0,1
10,002fa4c6fe56c462,0.0,0.0,0,1
11,0032c626905fdab9,0.0,0.0,0,1
12,00356e9dbf423c11,0.0,0.0,0,1
13,004823e27dd14524,0.0,0.0,0,1
14,0060dcc8d82b307c,0.0,0.0,0,1
15,0066f2878ae52883,0.0,0.0,0,1
16,0084c1f23584ab30,0.0,0.0,0,1
17,008741f783c5cea8,0.0,0.0,0,1
18,008db0dac92f890f,0.0,0.0,0,1
19,00a8e73d43b37561,0.0,0.0,0,1
20,00a93d6e270a0798,0.0,0.0,0,1
21,00b12a2429b071a9,0.0,0.0,0,1
22,00bdf214a5f588c5,0.0,0.0,0,1
23,00f508c4f1af27bb,0.0,0.0,0,1
24,00fe035373ee2728,0.0,0.0,0,1
25,00ff2317cea66b52,0.0,0.0,0,1
26,0100b6b9006626dc,0.0,0.0,0,1
27,011c4fdd7c683f6f,0.0,0.0,0,1
28,012e08e0fba95d41,0.0,0.0,0,1
29,0159f0e9769e6fc1,0.0,0.0,0,1
30,017bc9f2cad76624,0.0,0.0,0,1
31,0187e91416471bb0,0.0,0.0,0,1
32,018c7d2885d7d2cd,0.0,0.0,0,1
33,01aa1e9e95736e32,0.0,0.0,0,1
34,01ac6180d7eb99b9,0.0,0.0,0,1
35,01ad97c63a65cc94,0.0,0.0,0,1
36,01b31885a1661f98,0.0,0.0,0,1
37,01b4d3f454263034,0.0,0.0,0,1
38,01c1d50d6aae621f,0.0,0.0,0,1
39,01faf13d6cebb579,0.0,0.0,0,1
40,01fd047f378c7dd4,0.0,0.0,0,1
41,01fd7331a4d4d86c,0.0,0.0,0,1
42,020030f586ba5f38,0.0,0.0,0,1
43,02025b00662847d6,0.0,0.0,0,1
44,0211aa5360a22dfa,0.0,0.0,0,1
45,022b482b3445cfbc,0.0,0.0,0,1
46,023806e92ddb28f7,0.0,0.0,0,1
47,0268359964234df1,0.0,0.0,0,1
48,026abd056d37b2fa,0.0,0.0,0,1
49,0289b02f4a66e588,0.0,0.0,0,1
50,029061230d028726,0.0,0.0,0,1
51,029e9f4cc4d03433,0.0,0.0,0,1
52,02a70c6400bb7f15,0.0,0.0,0,1
53,02b00b228ed384f9,0.0,0.0,0,1
54,02b832bda588d0b2,0.0,0.0,0,1
55,02b9320b0fc5135f,0.0,0.0,0,1
56,02bf629ce3eeb06e,0.0,0.0,0,1
57,02c70cb9219bc7d0,0.0,0.0,0,1
58,02d02b9de20d0638,0.0,0.0,0,1
59,02d3ebe57abd0459,0.0,0.0,0,1
60,02d81911b64ed623,0.0,0.0,0,1
61,02da69605a5b2e68,0.0,0.0,0,1
62,02e10765ffe122d4,0.0,0.0,0,1
63,02f9e8f12e9a6695,0.0,0.0,0,1
64,0301cdc5a9092e9f,0.0,0.0,0,1
65,0334015590162ca6,0.0,0.0,0,1
66,033f5afccf4cd0f4,0.0,0.0,0,1
67,0342c74378174ec0,0.0,0.0,0,1
68,03bf4a1ff058005a,0.0,0.0,0,1
69,03cbb184bfec8a88,0.0,0.0,0,1
70,03e12865f8dd9c38,0.0,0.0,0,1
71,03e3ea2ff3c7dbae,0.0,0.0,0,1
72,03f52e2da1e16227,0.0,0.0,0,1
73,043784d0fe016127,0.0,0.0,0,1
74,044100370e64d517,0.0,0.0,0,1
75,04426543741853b5,0.0,0.0,0,1
76,047237a690581ccc,0.0,0.0,0,1
77,047486784c5d9d1c,0.0,0.0,0,1
78,048fff3bf2526936,0.0,0.0,0,1
79,0499c6a8b31bb167,0.0,0.0,0,1
80,049f92cf1253b91e,0.0,0.0,0,1
81,04d0955e0b33ac05,0.0,0.0,0,1
82,04f786de9f81a588,0.0,0.0,0,1
83,05165fed526f9b0f,0.0,0.0,0,1
84,05181eb6bd8d8088,0.0,0.0,0,1
85,0528b16d00c858a8,0.0,0.0,0,1
86,0547007148ea1db6,0.0,0.0,0,1
87,054e54b4ea695410,0.0,0.0,0,1
88,055071e0af760dd4,0.0,0.0,0,1
89,055ce77701a16257,0.0,0.0,0,1
90,0570d1d4583da3ab,0.0,0.0,0,1
91,0593d3d0355cff7d,0.0,0.0,0,1
92,05b1d585829af6e5,0.0,0.0,0,1
93,05d79f0cebbe93df,0.0,0.0,0,1
94,05da870fa86cdd46,0.0,0.0,0,1
95,05daa45c551768a9,0.0,0.0,0,1
96,05e657b0ff5ccd72,0.0,0.0,0,1
97,05f1ea4bd83afb7d,0.0,0.0,0,1
98,05f6dbcf30971024,0.0,0.0,0,1
99,0602ed16bbd7921a,0.0,0.0,0,1
100,061383fdcd910995,0.0,0.0,0,1
101,06164d7b618de754,0.0,0.0,0,1
102,0624a633f6934f0d,0.0,0.0,0,1
103,062b4182929631af,0.0,0.0,0,1
104,0655b978c8d8f6e5,0.0,0.0,0,1
105,065b79f570660a38,0.0,0.0,0,1
106,066d601c3168d9c6,0.0,0.0,0,1
107,067cfc2b007e11f3,0.0,0.0,0,1
108,067dc714598f5d73,0.0,0.0,0,1
109,067e9fae3f3f4cab,0.0,0.0,0,1
110,0683475604c8bbbb,0.0,0.0,0,1
111,06a9d8b8d8290471,0.0,0.0,0,1
112,06b659beb9a6f0eb,0.0,0.0,0,1
113,06b954930aaa4b2b,0.0,0.0,0,1
114,06d6e5a5e368e629,0.0,0.0,0,1
115,070923116ce4e9ee,0.0,0.0,0,1
116,0719b1d31160d6a5,0.0,0.0,0,1
117,072b9c74cf13873d,0.0,0.0,0,1
118,07310bd1acec1c8e,0.0,0.0,0,1
119,074730d9fae2d83c,0.0,0.0,0,1
120,074d0682e135af0c,0.0,0.0,0,1
121,074ecd3dea23139a,0.0,0.0,0,1
122,0755407138a4c787,0.0,0.0,0,1
123,07a275ac7e2d6486,0.0,0.0,0,1
124,07c7eaed6d8fca59,0.0,0.0,0,1
125,07c7f51ae5df0b58,0.0,0.0,0,1
126,083bceb9ebf1deb8,0.0,0.0,0,1
127,0842ece9a4ca8425,0.0,0.0,0,1
128,085016f461682bd6,0.0,0.0,0,1
129,08845403932d0330,0.0,0.0,0,1
130,0884d8ce9c68de52,0.0,0.0,0,1
131,08a7ebe1d840cefd,0.0,0.0,0,1
132,08ba3b6adeda13f5,0.0,0.0,0,1
133,08bd5e7c0abeaa20,0.0,0.0,0,1
134,08bf392b058c60bc,0.0,0.0,0,1
135,08c1cd3278df88f0,0.0,0.0,0,1
136,08cff386117da63e,0.0,0.0,0,1
137,08d73b5704d63634,0.0,0.0,0,1
138,08f1f464154eb083,0.0,0.0,0,1
139,08f3df8099dcdea4,0.0,0.0,0,1
140,0902c7f678404ed8,0.0,0.0,0,1
141,090495580309d771,0.0,0.0,0,1
142,0916d3237ad37abd,0.0,0.0,0,1
143,0930252efaf9443c,0.0,0.0,0,1
144,09306a48589fab41,0.0,0.0,0,1
145,093470259cdfab44,0.0,0.0,0,1
146,093c2d7c1d65f288,0.0,0.0,0,1
147,0952ee7ee35d13be,0.0,0.0,0,1
148,09530e45bbaf089c,0.0,0.0,0,1
149,0959995a52324a7e,0.0,0.0,0,1
150,096b62a642d9d062,0.0,0.0,0,1
151,098c856ffbc4aa0c,0.0,0.0,0,1
152,098f6b89ab76113f,0.0,0.0,0,1
153,09c88f436be1d3a8,0.0,0.0,0,1
154,09d356fbfaa5484e,0.0,0.0,0,1
155,09e53d85a5c3246a,0.0,0.0,0,1
156,09e6e99d781d0daf,0.0,0.0,0,1
157,09ea6fa95031210a,0.0,0.0,0,1
158,0a1d20f83f01ce8d,0.0,0.0,0,1
159,0a1eb972516c0bd2,0.0,0.0,0,1
160,0a51c8e030137d58,0.0,0.0,0,1
161,0a722d53602479b8,0.0,0.0,0,1
162,0a9e463cf204d7b6,0.0,0.0,0,1
163,0ae0e4c1d0a4f20c,0.0,0.0,0,1
164,0af27cf4475c38dc,0.0,0.0,0,1
165,0afc5a67696f80d4,0.0,0.0,0,1
166,0b018aca20d730e8,0.0,0.0,0,1
167,0b115488825833b8,0.0,0.0,0,1
168,0b1592470f5de152,0.0,0.0,0,1
169,0b1fdc82f534e165,0.0,0.0,0,1
170,0b2740bb9b529a07,0.0,0.0,0,1
171,0b32fa9dab0bbe1f,0.0,0.0,0,1
172,0b454c1d0565a5c6,0.0,0.0,0,1
173,0b5597d4e45777b1,0.0,0.0,0,1
174,0b626c2292518ce6,0.0,0.0,0,1
175,0b6400a40cef2c8e,0.0,0.0,0,1
176,0b80fcd8f9ca8e36,0.0,0.0,0,1
177,0b99b64a59357654,0.0,0.0,0,1
178,0ba1ac41350158ec,0.0,0.0,0,1
179,0bafed4c5b35fa04,0.0,0.0,0,1
180,0bb309b7e18853e8,0.0,0.0,0,1
181,0bb8c6582c5701ce,0.0,0.0,0,1
182,0bbd9d5e5325e228,0.0,0.0,0,1
183,0bdee693a38b4ce4,0.0,0.0,0,1
184,0be0049502005302,0.0,0.0,0,1
185,0be251ea89d9fdeb,0.0,0.0,0,1
186,0be2c7ca8aceb4eb,0.0,0.0,0,1
187,0be35a40cd4906c5,0.0,0.0,0,1
188,0be7df147adf3308,0.0,0.0,0,1
189,0c1c99511849fdbf,0.0,0.0,0,1
190,0c3e67d45225c6ed,0.0,0.0,0,1
191,0c4d7e8267af147b,0.0,0.0,0,1
192,0c6e1b8a907d5bf8,0.0,0.0,0,1
193,0c73c6fa6326a945,0.0,0.0,0,1
194,0c762b004f05e3fe,0.0,0.0,0,1
195,0c89658c1126066a,0.0,0.0,0,1
196,0cad5e4dca530309,0.0,0.0,0,1
197,0cb204fa5b76c810,0.0,0.0,0,1
198,0cb71e728316c078,0.0,0.0,0,1
199,0cd55882ec0ea231,0.0,0.0,0,1
200,0ce10b85f953f525,0.0,0.0,0,1
201,0d10a628d4a7947c,0.0,0.0,0,1
202,0d13cef59bde9ab7,0.0,0.0,0,1
203,0d28569ce6a1e69b,0.0,0.0,0,1
204,0d3bd221c95b3e1c,0.0,0.0,0,1
205,0d4f6de292d6a799,0.0,0.0,0,1
206,0d59c573652f1438,0.0,0.0,0,1
207,0d5ced281839c229,0.0,0.0,0,1
208,0d7053021e449995,0.0,0.0,0,1
209,0d8616cf3660499b,0.0,0.0,0,1
210,0dad66f3d363d84f,0.0,0.0,0,1
211,0db07a348d6b3280,0.0,0.0,0,1
212,0db8029bc047b131,0.0,0.0,0,1
213,0ddbf9a27b5828ad,0.0,0.0,0,1
214,0de5dc6ebbbc855c,0.0,0.0,0,1
215,0df340067184953b,0.0,0.0,0,1
216,0e1eeaa25af93007,0.0,0.0,0,1
217,0e28f4363c78be49,0.0,0.0,0,1
218,0e2d2d30cc4a7869,0.0,0.0,0,1
219,0e4c9831dcee348e,0.0,0.0,0,1
220,0ea54dd9c173bfbd,0.0,0.0,0,1
221,0ec67b1cb03feefe,0.0,0.0,0,1
222,0efdd5d84c236383,0.0,0.0,0,1
223,0f02455ff76ed0a8,0.0,0.0,0,1
224,0f0dc8b61e1c7f9e,0.0,0.0,0,1
225,0f39222ba80ae343,0.0,0.0,0,1
226,0f46ab4fb3f19449,0.0,0.0,0,1
227,0f4cca5af3ebda01,0.0,0.0,0,1
228,0f659cb85de0fb99,0.0,0.0,0,1
229,0f669d6bd6dbd065,0.0,0.0,0,1
230,0f737559242790bd,0.0,0.0,0,1
231,0f8ed530bfc69589,0.0,0.0,0,1
232,0f9143356263f273,0.0,0.0,0,1
233,0fa356f3f5cad7cd,0.0,0.0,0,1
234,0fa43c1a7a2ae94c,0.0,0.0,0,1
235,0fd2538c64bd0f27,0.0,0.0,0,1
236,0fed4eba4001a2c2,0.0,0.0,0,1
237,0fee8286c0b40002,0.0,0.0,0,1
238,0ff468f5b2369c58,0.0,0.0,0,1
239,0ff6d053653b20ad,0.0,0.0,0,1
240,10048aa875e4f6ba,0.0,0.0,0,1
241,102eed8a01d6595a,0.0,0.0,0,1
242,1033e4603d93fb02,0.0,0.0,0,1
243,10347a9c56fa2def,0.0,0.0,0,1
244,105026b92076c40f,0.0,0.0,0,1
245,105effceb628a29c,0.0,0.0,0,1
246,10623e64af681ed3,0.0,0.0,0,1
247,1097a3bba6960c13,0.0,0.0,0,1
248,10a3780ed2ca1ed1,0.0,0.0,0,1
249,10a3e67fcb79baf0,0.0,0.0,0,1
250,10b3b76acbb879b5,0.0,0.0,0,1
251,10c63cbced32fbae,0.0,0.0,0,1
252,10c92dd072147896,0.0,0.0,0,1
253,10e564efa911c766,0.0,0.0,0,1
254,10ef5d4486b31561,0.0,0.0,0,1
255,10f9564d7d11d5b0,0.0,0.0,0,1
256,11254c9a5d6508ca,0.0,0.0,0,1
257,1148f760bcba2e1e,0.0,0.0,0,1
258,11773d37e89c4431,0.0,0.0,0,1
259,118a7a629e6d5841,0.0,0.0,0,1
260,118dc82eb460a61e,0.0,0.0,0,1
261,118df7dca52b2bb9,0.0,0.0,0,1
262,119d29a94ae537a5,0.0,0.0,0,1
263,11b069710691d952,0.0,0.0,0,1
264,11c97c96d0f5cedb,0.0,0.0,0,1
265,11d4a51c5d9b2164,0.0,0.0,0,1
266,11f9d5d4bdf0b3cc,0.0,0.0,0,1
267,12007046178fa32d,0.0,0.0,0,1
268,121cfbc730e5dd73,0.0,0.0,0,1
269,1220ff2d02e5af14,0.0,0.0,0,1
270,1226b5c9879c2155,0.0,0.0,0,1
271,123aa815949801c5,0.0,0.0,0,1
272,12697f23daaa9144,0.0,0.0,0,1
273,1273677eb92c350a,0.0,0.0,0,1
274,127bf1cb254ede77,0.0,0.0,0,1
275,12961583d57c2020,0.0,0.0,0,1
276,12a844a0723523db,0.0,0.0,0,1
277,12ac16982f3a2ad5,0.0,0.0,0,1
278,12bd3c609d5bd8bc,0.0,0.0,0,1
279,12c1248ee1604782,0.0,0.0,0,1
280,12ffa2a9d6572f34,0.0,0.0,0,1
281,130c3901db44605b,0.0,0.0,0,1
282,13103004e22f947f,0.0,0.0,0,1
283,1320c3ed32973279,0.0,0.0,0,1
284,132bd4ce17b7ca43,0.0,0.0,0,1
285,132c601b3f250ca5,0.0,0.0,0,1
286,132e6899fa159c75,0.0,0.0,0,1
287,136518d56ac6c64c,0.0,0.0,0,1
288,13758370cab0439f,0.0,0.0,0,1
289,138c70702ec25d1a,0.0,0.0,0,1
290,139928f9d040945e,0.0,0.0,0,1
291,13a0d5fdd3ff31a1,0.0,0.0,0,1
292,13a34e81dec9a155,0.0,0.0,0,1
293,13ba2e5c6f101437,0.0,0.0,0,1
294,13c5cd740b2268b4,0.0,0.0,0,1
295,13c69f82638ffb3f,0.0,0.0,0,1
296,13dc685157ff20c0,0.0,0.0,0,1
297,1411cf36918f31e6,0.0,0.0,0,1
298,1428c6493f509813,0.0,0.0,0,1
299,142feb39e13e63b2,0.0,0.0,0,1
300,1433f79e89ff77ba,0.0,0.0,0,1
301,1446e1af7fc5c3db,0.0,0.0,0,1
302,1462fe889b3fec61,0.0,0.0,0,1
303,14702d45832b572e,0.0,0.0,0,1
304,14834e4e382484a1,0.0,0.0,0,1
305,149219ab3a147b6d,0.0,0.0,0,1
306,149fc5cdf87deee9,0.0,0.0,0,1
307,149fc813c0cb3653,0.0,0.0,0,1
308,14b69768b11e1683,0.0,0.0,0,1
309,14dc5cf77f627a35,0.0,0.0,0,1
310,14e0e4e457673a38,0.0,0.0,0,1
311,14e5ffb546d519d2,0.0,0.0,0,1
312,14fabd8bd65c13a5,0.0,0.0,0,1
313,15009b38ffaf880d,0.0,0.0,0,1
314,1506031c4e8425f6,0.0,0.0,0,1
315,152dd46b9a8ce1ff,0.0,0.0,0,1
316,153e0bc1648ed3de,0.0,0.0,0,1
317,1544a15fd7eeb689,0.0,0.0,0,1
318,154d1d91605233e7,0.0,0.0,0,1
319,156471c2f999926e,0.0,0.0,0,1
320,156e564e543e5c27,0.0,0.0,0,1
321,15792983c03a283e,0.0,0.0,0,1
322,15a429ce03020417,0.0,0.0,0,1
323,15c1d1dc49255495,0.0,0.0,0,1
324,15fbb60f87af2ff0,0.0,0.0,0,1
325,16056f908541641c,0.0,0.0,0,1
326,161af08f9518d022,0.0,0.0,0,1
327,1627ae1a4c920ec0,0.0,0.0,0,1
328,1631ef8ed34483f6,0.0,0.0,0,1
329,16459add1644100b,0.0,0.0,0,1
330,1645c158b6d25105,0.0,0.0,0,1
331,1659cc80a3137f18,0.0,0.0,0,1
332,165e6bc1c4a6f9a9,0.0,0.0,0,1
333,169e8caa41c4a028,0.0,0.0,0,1
334,16b6be3037c543c3,0.0,0.0,0,1
335,16bb6493dedab5bc,0.0,0.0,0,1
336,16d76f50e589ac02,0.0,0.0,0,1
337,16dc5fc31f2c63ba,0.0,0.0,0,1
338,16dce17b518f8596,0.0,0.0,0,1
339,1730f5fb972a437c,0.0,0.0,0,1
340,175a2757d0049647,0.0,0.0,0,1
341,175fd33a18946d94,0.0,0.0,0,1
342,176f5081f1a7354c,0.0,0.0,0,1
343,1778085e5b2bcde9,0.0,0.0,0,1
344,177f5281c52ccee8,0.0,0.0,0,1
345,17cd18ce4a60728b,0.0,0.0,0,1
346,17d26d6831b3176c,0.0,0.0,0,1
347,17e3f2fb46b4ba5d,0.0,0.0,0,1
348,17ed3c109376d3a2,0.0,0.0,0,1
349,17f831043bb46a6b,0.0,0.0,0,1
350,1864b278039e71d7,0.0,0.0,0,1
351,18822336b775dadc,0.0,0.0,0,1
352,189be6180340902e,0.0,0.0,0,1
353,18adf513c7e3f7c8,0.0,0.0,0,1
354,18d08061c5201c65,0.0,0.0,0,1
355,18d2371cd5a1ed3f,0.0,0.0,0,1
356,18d868404513e208,0.0,0.0,0,1
357,18db5728f81046e8,0.0,0.0,0,1
358,190bdc2b72f7fe72,0.0,0.0,0,1
359,19109dc6ccc445c8,0.0,0.0,0,1
360,1915909ea310202b,0.0,0.0,0,1
361,1915af2123c97904,0.0,0.0,0,1
362,191d22339fed988d,0.0,0.0,0,1
363,194feafb859894ed,0.0,0.0,0,1
364,19501283e910e944,0.0,0.0,0,1
365,19511616625609a4,0.0,0.0,0,1
366,195be617518dc59d,0.0,0.0,0,1
367,195f0213ba2eab33,0.0,0.0,0,1
368,1964f8c753e9a788,0.0,0.0,0,1
369,1985701ffe47fae9,0.0,0.0,0,1
370,199002a844c3bc5f,0.0,0.0,0,1
371,19a0465a7a90f939,0.0,0.0,0,1
372,19abde86f049252f,0.0,0.0,0,1
373,19b01fa24c3032ce,0.0,0.0,0,1
374,19d442a2633f616f,0.0,0.0,0,1
375,19d511a0f1f7cd47,0.0,0.0,0,1
376,19ecdc0abcba8138,0.0,0.0,0,1
377,1a2a58e68a336396,0.0,0.0,0,1
378,1a5cd000e9091cad,0.0,0.0,0,1
379,1a6e92d92b296733,0.0,0.0,0,1
380,1a8d3d8a2c9ea4e6,0.0,0.0,0,1
381,1a90050505628ca2,0.0,0.0,0,1
382,1ab2caca33b46825,0.0,0.0,0,1
383,1ace811e3ad9f579,0.0,0.0,0,1
384,1ad0c1c8bc8f57b1,0.0,0.0,0,1
385,1b0a117532ebcd4b,0.0,0.0,0,1
386,1b0f21f9cae34456,0.0,0.0,0,1
387,1b14dea69bbff2a9,0.0,0.0,0,1
388,1b49b3176e4601cd,0.0,0.0,0,1
389,1b5852493f40f7f1,0.0,0.0,0,1
390,1b6c75f538cdd86a,0.0,0.0,0,1
391,1b720748fb960a49,0.0,0.0,0,1
392,1b7b939c10135617,0.0,0.0,0,1
393,1b7fa2319da2b4a6,0.0,0.0,0,1
394,1b8435a6fabc2aed,0.0,0.0,0,1
395,1b9d71addfd80f78,0.0,0.0,0,1
396,1ba8f54dd588a5cc,0.0,0.0,0,1
397,1bae8477714b1ab2,0.0,0.0,0,1
398,1bb2ecf93917441a,0.0,0.0,0,1
399,1bca7956af33c0e6,0.0,0.0,0,1
400,1be255c6ee3ecd83,0.0,0.0,0,1
401,1be80558f257f314,0.0,0.0,0,1
402,1beb5f2217f9fcc3,0.0,0.0,0,1
403,1c1bdfe34abad492,0.0,0.0,0,1
404,1c256e644c8a5666,0.0,0.0,0,1
405,1c3191cb9e3b4c30,0.0,0.0,0,1
406,1c41ad0193ddce17,0.0,0.0,0,1
407,1c5da78d5d978f0d,0.0,0.0,0,1
408,1c960d199514857c,0.0,0.0,0,1
409,1c96a70e25a0f560,0.0,0.0,0,1
410,1c9a10b0376f5956,0.0,0.0,0,1
411,1c9e0e4eef883f17,0.0,0.0,0,1
412,1c9e63b8807ad7ea,0.0,0.0,0,1
413,1c9f4aded69bd54e,0.0,0.0,0,1
414,1ca51d44c6291f96,0.0,0.0,0,1
415,1cada2020fe281d0,0.0,0.0,0,1
416,1cccb9d086c2a8b9,0.0,0.0,0,1
417,1ce315d1e5e2ebf8,0.0,0.0,0,1
418,1cf4923a80e6f24d,0.0,0.0,0,1
419,1cfafa761164ae3c,0.0,0.0,0,1
420,1d465ae405e1754e,0.0,0.0,0,1
421,1d5a80f05ef8bc53,0.0,0.0,0,1
422,1d6e2c370edfc997,0.0,0.0,0,1
423,1d7e428163119d3c,0.0,0.0,0,1
424,1db0e3f162a033c0,0.0,0.0,0,1
425,1dbd0f5dee27a42d,0.0,0.0,0,1
426,1ded3542b957dd27,0.0,0.0,0,1
427,1dfcfce2ecf1101c,0.0,0.0,0,1
428,1e189fb0783a30db,0.0,0.0,0,1
429,1e3c8988ca2b9ba8,0.0,0.0,0,1
430,1e6175afc9588948,0.0,0.0,0,1
431,1e6e83fdb80f1b31,0.0,0.0,0,1
432,1e75a33058a9107f,0.0,0.0,0,1
433,1e89f4ac761ef960,0.0,0.0,0,1
434,1eaf10c556af6b5b,0.0,0.0,0,1
435,1eb5888dc03e8b8b,0.0,0.0,0,1
436,1eb871a0bcee0c2e,0.0,0.0,0,1
437,1ef461fb33aaaeb1,0.0,0.0,0,1
438,1efacf34022885fb,0.0,0.0,0,1
439,1f1acebbb0d467a9,0.0,0.0,0,1
440,1f490a22eade646d,0.0,0.0,0,1
441,1f5c57b9729bf941,0.0,0.0,0,1
442,1f68cb7e791ae910,0.0,0.0,0,1
443,1f8dd84e3204326d,0.0,0.0,0,1
444,1f9484b7a248b719,0.0,0.0,0,1
445,1fa307362c6e0d63,0.0,0.0,0,1
446,1fd989de75d5dfde,0.0,0.0,0,1
447,1fe6126d405745e4,0.0,0.0,0,1
448,1ffafdee50ad44e5,0.0,0.0,0,1
449,2029c04db44e80be,0.0,0.0,0,1
450,204c120a3757bb3c,0.0,0.0,0,1
451,2054113ae26fdf70,0.0,0.0,0,1
452,2061ad69ce1cfc80,0.0,0.0,0,1
453,2065ce0301c434ef,0.0,0.0,0,1
454,206fde1f2d2b9570,0.0,0.0,0,1
455,20928f196af7a2f9,0.0,0.0,0,1
456,2097385db8cb49b7,0.0,0.0,0,1
457,209eea1de7537ca4,0.0,0.0,0,1
458,20a083546e3a177e,0.0,0.0,0,1
459,20d1170a21126955,0.0,0.0,0,1
460,20daa39e8a676c0d,0.0,0.0,0,1
461,20dbde6eae494230,0.0,0.0,0,1
462,2103d66c4c757e58,0.0,0.0,0,1
463,2119a6ab1912ac64,0.0,0.0,0,1
464,2127da503e383f59,0.0,0.0,0,1
465,2133e3f50663b9be,0.0,0.0,0,1
466,2177fcea7c7c3cf7,0.0,0.0,0,1
467,21d73fab5e1e9b58,0.0,0.0,0,1
468,21e04ba8df753c91,0.0,0.0,0,1
469,220096d7c768b746,0.0,0.0,0,1
470,220dadfd86c3f795,0.0,0.0,0,1
471,220f320465cc0958,0.0,0.0,0,1
472,221a20ae9bf3f6e5,0.0,0.0,0,1
473,222385111d9a5548,0.0,0.0,0,1
474,22292233d0e909e6,0.0,0.0,0,1
475,223ac5800687ee08,0.0,0.0,0,1
476,22633a3ee083c4e2,0.0,0.0,0,1
477,2295996b43978a57,0.0,0.0,0,1
478,22ad7ab85ad0984d,0.0,0.0,0,1
479,22b1488d0b8767ed,0.0,0.0,0,1
480,22b60c819be088ee,0.0,0.0,0,1
481,22bfb30e61e7ec31,0.0,0.0,0,1
482,22db06c8c2f93dad,0.0,0.0,0,1
483,22e6888e8a41aeed,0.0,0.0,0,1
484,22e95ee9c1979c15,0.0,0.0,0,1
485,22e9d7997c0b8cee,0.0,0.0,0,1
486,23299c77b4cf9fc7,0.0,0.0,0,1
487,232d7123f1eecb76,0.0,0.0,0,1
488,233cdb654c2d0098,0.0,0.0,0,1
489,2346ebd630c52baa,0.0,0.0,0,1
490,2357b24897b1af02,0.0,0.0,0,1
491,235bd7c4729cde00,0.0,0.0,0,1
492,237cd5e3aa2eba9e,0.0,0.0,0,1
493,238f7f16190db8f2,0.0,0.0,0,1
494,239a4a00e944a9fb,0.0,0.0,0,1
495,23ae6bd66ca56ec8,0.0,0.0,0,1
496,23bd3d67512afacd,0.0,0.0,0,1
497,23bd8650fef16a7d,0.0,0.0,0,1
498,23c243a5fa26b2c9,0.0,0.0,0,1
499,23e9dc14fe24a528,0.0,0.0,0,1
500,23f5807c0fe5df00,0.0,0.0,0,1
501,24049815586fc53f,0.0,0.0,0,1
502,24053a08bfe016cc,0.0,0.0,0,1
503,240e04c71883af25,0.0,0.0,0,1
504,24204de0a0bbb474,0.0,0.0,0,1
505,242998295ae43173,0.0,0.0,0,1
506,2457b913c322930b,0.0,0.0,0,1
507,245fd42e8d884c9c,0.0,0.0,0,1
508,247f06131da8470e,0.0,0.0,0,1
509,24889b6cb425db87,0.0,0.0,0,1
510,248a141862241279,0.0,0.0,0,1
511,24abf8d784584e38,0.0,0.0,0,1
512,24c18eccf6ffd780,0.0,0.0,0,1
513,24c6226be11a4420,0.0,0.0,0,1
514,24de2a8a342adc15,0.0,0.0,0,1
515,24e65d407761aea8,0.0,0.0,0,1
516,24e8c97409b1f840,0.0,0.0,0,1
517,24fe71c49c62ad7f,0.0,0.0,0,1
518,250223bd692b8dac,0.0,0.0,0,1
519,250b74830fbe69b4,0.0,0.0,0,1
520,252106889bc5f427,0.0,0.0,0,1
521,2526ecbc14fa1000,0.0,0.0,0,1
522,252a5a937a01ff5e,0.0,0.0,0,1
523,253e22c9b980352f,0.0,0.0,0,1
524,254de3360f5247a7,0.0,0.0,0,1
525,256dac9a2c07e9ac,0.0,0.0,0,1
526,25a8d03c336068d5,0.0,0.0,0,1
527,25ccb3125c811591,0.0,0.0,0,1
528,25ce01c28831a540,0.0,0.0,0,1
529,25e446498ab11767,0.0,0.0,0,1
530,25f616f8429f30e2,0.0,0.0,0,1
531,25f97c064e718e26,0.0,0.0,0,1
532,260c37d9623cf2c3,0.0,0.0,0,1
533,2614a4e5af014b2c,0.0,0.0,0,1
534,264fe0666ffe36c2,0.0,0.0,0,1
535,2652990ecf384ff7,0.0,0.0,0,1
536,265e65940b604288,0.0,0.0,0,1
537,267158b545d6c9bc,0.0,0.0,0,1
538,267c5f8d879f2b64,0.0,0.0,0,1
539,267f16bea9c3f1d8,0.0,0.0,0,1
540,2684794b7e13a102,0.0,0.0,0,1
541,26929006088fb7a4,0.0,0.0,0,1
542,26c94cbb8977df50,0.0,0.0,0,1
543,26cfa6cb662a7e8d,0.0,0.0,0,1
544,26ddab0900379add,0.0,0.0,0,1
545,26e69a9d20b04458,0.0,0.0,0,1
546,26ecc461de0f2f74,0.0,0.0,0,1
547,26fd818ad6efd18b,0.0,0.0,0,1
548,2707feb02ac52d68,0.0,0.0,0,1
549,271ae0224254664d,0.0,0.0,0,1
550,2727253f51dee86a,0.0,0.0,0,1
551,27391363c0429fc4,0.0,0.0,0,1
552,275acab4fd0c5241,0.0,0.0,0,1
553,276bad81512f4bcc,0.0,0.0,0,1
554,2777742c042e130b,0.0,0.0,0,1
555,278f0fdecef740a1,0.0,0.0,0,1
556,27915a709b20c38c,0.0,0.0,0,1
557,2797749223bb9288,0.0,0.0,0,1
558,279ea4013f2bb4bb,0.0,0.0,0,1
559,27bc43909f1687ee,0.0,0.0,0,1
560,27e3071c6bf07069,0.0,0.0,0,1
561,27f597b7e6595e90,0.0,0.0,0,1
562,27fd25b50efbd9a3,0.0,0.0,0,1
563,28083dddcfb2767f,0.0,0.0,0,1
564,2825ba8d4096ac35,0.0,0.0,0,1
565,2828fe6977c10554,0.0,0.0,0,1
566,287e3e71561cb84b,0.0,0.0,0,1
567,289de82fe564ac55,0.0,0.0,0,1
568,28a8db6254b852f8,0.0,0.0,0,1
569,28af25d6b6e2b0b3,0.0,0.0,0,1
570,28b439725479c331,0.0,0.0,0,1
571,28b4910f6c71c316,0.0,0.0,0,1
572,28d70d3bd8b8daea,0.0,0.0,0,1
573,28eb3a07c55eadf9,0.0,0.0,0,1
574,28f70228d90da6a3,0.0,0.0,0,1
575,28f793bb097a01c7,0.0,0.0,0,1
576,291f8c8f9c4c194a,0.0,0.0,0,1
577,292fbe971a2b561e,0.0,0.0,0,1
578,294dc55ce0ae5ac9,0.0,0.0,0,1
579,295b317bd117f761,0.0,0.0,0,1
580,29617c578a62a10d,0.0,0.0,0,1
581,2966572be8861d62,0.0,0.0,0,1
582,29699ee0eecd397e,0.0,0.0,0,1
583,297266bf6c55e421,0.0,0.0,0,1
584,2978e933697ae8d5,0.0,0.0,0,1
585,297951d7272ad820,0.0,0.0,0,1
586,298e46e1edbbfb7b,0.0,0.0,0,1
587,29a01322c26bd4c6,0.0,0.0,0,1
588,29a1c5e6c60ff354,0.0,0.0,0,1
589,29a61d862272563a,0.0,0.0,0,1
590,29dfe0633ac86e5b,0.0,0.0,0,1
591,29edc7c8e898e2ba,0.0,0.0,0,1
592,29f92d4eef4a3054,0.0,0.0,0,1
593,2a0333c944b1f78d,0.0,0.0,0,1
594,2a239387ba1d72f8,0.0,0.0,0,1
595,2a2a24dcc10e5e07,0.0,0.0,0,1
596,2a32d6aebf2dcc8d,0.0,0.0,0,1
597,2a3aa087526d0488,0.0,0.0,0,1
598,2a634237a916f8a0,0.0,0.0,0,1
599,2a74c81d3a2c6f1b,0.0,0.0,0,1
600,2ab14aab6d654ea1,0.0,0.0,0,1
601,2ac68d3565232076,0.0,0.0,0,1
602,2ad7ce9eab0dde40,0.0,0.0,0,1
603,2ad97352f7a5c5b6,0.0,0.0,0,1
604,2afdcc8e9d637373,0.0,0.0,0,1
605,2b30ec099994fcbb,0.0,0.0,0,1
606,2b3d2ed7d966d80a,0.0,0.0,0,1
607,2b3fe0309a43be1c,0.0,0.0,0,1
608,2b4c414cb0e20f6e,0.0,0.0,0,1
609,2b645fa7d012d514,0.0,0.0,0,1
610,2ba5fe655fb1b65b,0.0,0.0,0,1
611,2bc0fb27be29f9bb,0.0,0.0,0,1
612,2bc5216c8bdeba90,0.0,0.0,0,1
613,2bc9e89e899cfb04,0.0,0.0,0,1
614,2bd4f9bc4fdfc899,0.0,0.0,0,1
615,2bfb5f93817e7fe8,0.0,0.0,0,1
616,2c0584ff44c8fc01,0.0,0.0,0,1
617,2c23f045b420e122,0.0,0.0,0,1
618,2c3f67be594666c9,0.0,0.0,0,1
619,2c71c01a54754f3a,0.0,0.0,0,1
620,2c7c0effe93806b8,0.0,0.0,0,1
621,2ca7100e4f041376,0.0,0.0,0,1
622,2caedca90a5e9fc7,0.0,0.0,0,1
623,2cc31f8995294b7e,0.0,0.0,0,1
624,2cc4b3b3857a5f9c,0.0,0.0,0,1
625,2cec371f97a4756b,0.0,0.0,0,1
626,2ceeb824e9efc302,0.0,0.0,0,1
627,2cf0174c213bfcf4,0.0,0.0,0,1
628,2cf378dd74ab89f6,0.0,0.0,0,1
629,2d27b830c19734ee,0.0,0.0,0,1
630,2d2903bb90604064,0.0,0.0,0,1
631,2d2cc89f6a3ff413,0.0,0.0,0,1
632,2d2e41a396a5e9e8,0.0,0.0,0,1
633,2d316d44dddccf60,0.0,0.0,0,1
634,2d3bec2550a33aaa,0.0,0.0,0,1
635,2d91d91aadd85789,0.0,0.0,0,1
636,2d92fec17b356e8b,0.0,0.0,0,1
637,2dac508878862b7e,0.0,0.0,0,1
638,2e0358a754d48f62,0.0,0.0,0,1
639,2e256c077b97e4e7,0.0,0.0,0,1
640,2e35f4715d775dec,0.0,0.0,0,1
641,2e4068ac6b394950,0.0,0.0,0,1
642,2e47aba5f7231f22,0.0,0.0,0,1
643,2e4e6cb967fc70c0,0.0,0.0,0,1
644,2e59b9038d6608a3,0.0,0.0,0,1
645,2e887db5dd68dce7,0.0,0.0,0,1
646,2ea3687b5b735d8e,0.0,0.0,0,1
647,2ead4f05f8e88559,0.0,0.0,0,1
648,2eb16b5227f06824,0.0,0.0,0,1
649,2efe8abb6e01650d,0.0,0.0,0,1
650,2f05b6ab95dfe9ec,0.0,0.0,0,1
651,2f06a33b4b75133f,0.0,0.0,0,1
652,2f095a9876d01b92,0.0,0.0,0,1
653,2f0f397d90b9f2af,0.0,0.0,0,1
654,2f2eff5de28808b2,0.0,0.0,0,1
655,2f34fea4fb412526,0.0,0.0,0,1
656,2f616499013850b7,0.0,0.0,0,1
657,2f8af67eb6db66e7,0.0,0.0,0,1
658,2f92e87280d3753c,0.0,0.0,0,1
659,2feaabb667cf4d0c,0.0,0.0,0,1
660,2ffa2e9a193bcadd,0.0,0.0,0,1
661,3009ee6858dc7f3a,0.0,0.0,0,1
662,300c3bdf73a11cec,0.0,0.0,0,1
663,3014744c27ac723a,0.0,0.0,0,1
664,3015f4cc0d0e9fd3,0.0,0.0,0,1
665,301c186b33e7a544,0.0,0.0,0,1
666,303e817565d947fe,0.0,0.0,0,1
667,304d48406c139108,0.0,0.0,0,1
668,30562cb84624b12b,0.0,0.0,0,1
669,306afa5d3965825f,0.0,0.0,0,1
670,30709145b5c645bf,0.0,0.0,0,1
671,3078d15abdf4481e,0.0,0.0,0,1
672,30b767e4632661e6,0.0,0.0,0,1
673,30bd406b990a37c4,0.0,0.0,0,1
674,30cebc609affdedd,0.0,0.0,0,1
675,30d0123680551624,0.0,0.0,0,1
676,30d10590bbb8feb0,0.0,0.0,0,1
677,31181fe86e8cacbc,0.0,0.0,0,1
678,312f303e57ba399c,0.0,0.0,0,1
679,314906dc2f3052cd,0.0,0.0,0,1
680,315556d7c89989c9,0.0,0.0,0,1
681,31559c2a2cf77afb,0.0,0.0,0,1
682,316d022bcdf91bca,0.0,0.0,0,1
683,316d4951f09c15e1,0.0,0.0,0,1
684,318b0eaaa695a386,0.0,0.0,0,1
685,318eef4142300af1,0.0,0.0,0,1
686,3197ca17ab140a3d,0.0,0.0,0,1
687,31982048b89530f4,0.0,0.0,0,1
688,3198b34c08464a92,0.0,0.0,0,1
689,31c874f860ce579d,0.0,0.0,0,1
690,31ca04cc5366a558,0.0,0.0,0,1
691,31cae3ab3a92d22d,0.0,0.0,0,1
692,31de5b4fa6e3f807,0.0,0.0,0,1
693,31df757773dffeb0,0.0,0.0,0,1
694,31e13212aac0da1c,0.0,0.0,0,1
695,31ed6909483f14e0,0.0,0.0,0,1
696,31f50c2ee4effc65,0.0,0.0,0,1
697,321b7a1f3ef8d10b,0.0,0.0,0,1
698,3224c79ca6911677,0.0,0.0,0,1
699,32257f10ef7998a9,0.0,0.0,0,1
700,3249309b96729cc3,0.0,0.0,0,1
701,3260e546c44e4264,0.0,0.0,0,1
702,3260ff27790431b2,0.0,0.0,0,1
703,326fda1970506ed5,0.0,0.0,0,1
704,3276501175dc8278,0.0,0.0,0,1
705,32959c60c35e801b,0.0,0.0,0,1
706,32a210813a7279db,0.0,0.0,0,1
707,32b5b8a0c46ff2de,0.0,0.0,0,1
708,32da01fd2a605306,0.0,0.0,0,1
709,32f1687a639df564,0.0,0.0,0,1
710,32f43033bc07092a,0.0,0.0,0,1
711,32fae9702ae49565,0.0,0.0,0,1
712,33552378f029de03,0.0,0.0,0,1
713,3373409f60670b48,0.0,0.0,0,1
714,3377f43a549fa067,0.0,0.0,0,1
715,3378308acc2f00cf,0.0,0.0,0,1
716,33ac2d95f673a6c7,0.0,0.0,0,1
717,33e24f093232d189,0.0,0.0,0,1
718,33e6fc221368a751,0.0,0.0,0,1
719,33ef05d6a809bef7,0.0,0.0,0,1
720,33f8739ee243f9b8,0.0,0.0,0,1
721,340301f8d1a6b305,0.0,0.0,0,1
722,3404ea43b8a2e12c,0.0,0.0,0,1
723,34071bf3c747febe,0.0,0.0,0,1
724,340f071db03567fc,0.0,0.0,0,1
725,3413f3df5716b03d,0.0,0.0,0,1
726,3417460cef6c8708,0.0,0.0,0,1
727,341eb0e8f912f887,0.0,0.0,0,1
728,343cb3fa0921a10e,0.0,0.0,0,1
729,344db317aece5378,0.0,0.0,0,1
730,3459a695c4e038f6,0.0,0.0,0,1
731,3464e16d5f44f270,0.0,0.0,0,1
732,346faa7e486128e4,0.0,0.0,0,1
733,34a537fc1b61fbc8,0.0,0.0,0,1
734,34b466b544cc4632,0.0,0.0,0,1
735,34b5e44d6e68f6b7,0.0,0.0,0,1
736,34d23674650abca8,0.0,0.0,0,1
737,34d34cf97e4206c9,0.0,0.0,0,1
738,34e5a43241fb1cf9,0.0,0.0,0,1
739,34eb6e79903fdf88,0.0,0.0,0,1
740,34fa843992f0a055,0.0,0.0,0,1
741,350dccf70b37567a,0.0,0.0,0,1
742,3511f4175ef61191,0.0,0.0,0,1
743,35203b190fae1e23,0.0,0.0,0,1
744,35258b081d391ddf,0.0,0.0,0,1
745,355105daa782a0fe,0.0,0.0,0,1
746,35538ae7fc100026,0.0,0.0,0,1
747,3556c9394923a9d5,0.0,0.0,0,1
748,355972a2686021b0,0.0,0.0,0,1
749,355faac3ea63e84f,0.0,0.0,0,1
750,35a8a59ff70f0b10,0.0,0.0,0,1
751,35beb19111e8c2d5,0.0,0.0,0,1
752,36084e200dd6f7bb,0.0,0.0,0,1
753,3622adcf8c065609,0.0,0.0,0,1
754,363de41421b3322a,0.0,0.0,0,1
755,3651ba1181e86268,0.0,0.0,0,1
756,369e882f28f0738b,0.0,0.0,0,1
757,36e09cdd0fbfd42f,0.0,0.0,0,1
758,36f3efc66bc32e9b,0.0,0.0,0,1
759,3700b93025045525,0.0,0.0,0,1
760,370f7bcdf32f85e3,0.0,0.0,0,1
761,3712049398552575,0.0,0.0,0,1
762,371ffb8c2601edf2,0.0,0.0,0,1
763,372bd07dd4594b4f,0.0,0.0,0,1
764,37361b212e3748e8,0.0,0.0,0,1
765,3754bc77cd67bd29,0.0,0.0,0,1
766,3760cfa4a5a15443,0.0,0.0,0,1
767,37939d03da587d7a,0.0,0.0,0,1
768,3797113790eb0002,0.0,0.0,0,1
769,3797bd938fe82a57,0.0,0.0,0,1
770,37983b754abd5c1d,0.0,0.0,0,1
771,37a32923ff38a90f,0.0,0.0,0,1
772,37a66b0bca8a63ee,0.0,0.0,0,1
773,37cd61dc2aa92b6f,0.0,0.0,0,1
774,37dce6cc7c316a0a,0.0,0.0,0,1
775,3834de87a2c75dd6,0.0,0.0,0,1
776,3840fc1f1e7d2a38,0.0,0.0,0,1
777,3848783b040b1327,0.0,0.0,0,1
778,385bc27c2d667954,0.0,0.0,0,1
779,386537f2cd98bbde,0.0,0.0,0,1
780,386eb190ffbd938e,0.0,0.0,0,1
781,3877506fefaf11a4,0.0,0.0,0,1
782,3878c5e8bc67f1fd,0.0,0.0,0,1
783,38a02354aa4f10b4,0.0,0.0,0,1
784,38a9ee2bdcba5d26,0.0,0.0,0,1
785,38be8f01f68fecea,0.0,0.0,0,1
786,38e2f27a8878bc6c,0.0,0.0,0,1
787,38eba6292ff9aaa1,0.0,0.0,0,1
788,38ec709421cb3aaa,0.0,0.0,0,1
789,38f0d4565b2d3eab,0.0,0.0,0,1
790,38f153dd05198176,0.0,0.0,0,1
791,38f472615f6c3146,0.0,0.0,0,1
792,3911ad86e5c6702b,0.0,0.0,0,1
793,39262c3f397ee0b8,0.0,0.0,0,1
794,393585e8ee62e3ab,0.0,0.0,0,1
795,3944c649d0238f04,0.0,0.0,0,1
796,395246e88213d593,0.0,0.0,0,1
797,3983bb666ef91188,0.0,0.0,0,1
798,3988c3bc7cb0554b,0.0,0.0,0,1
799,39b2c8383c4bbf95,0.0,0.0,0,1
800,39cc89e46e122bdb,0.0,0.0,0,1
801,39d28b6fb1a68bef,0.0,0.0,0,1
802,39d89de76e34bb1f,0.0,0.0,0,1
803,39e78ee5087fdb94,0.0,0.0,0,1
804,3a09784a100b6a27,0.0,0.0,0,1
805,3a564cbb4f01f3d0,0.0,0.0,0,1
806,3a6c473f341f4f5c,0.0,0.0,0,1
807,3a86493e28783b09,0.0,0.0,0,1
808,3a96b7066eecee6a,0.0,0.0,0,1
809,3aa8d9a445de668c,0.0,0.0,0,1
810,3aacabfbc740daff,0.0,0.0,0,1
811,3ad0cd2bea88c162,0.0,0.0,0,1
812,3ad53915d7c77ded,0.0,0.0,0,1
813,3b04205de87d2ef5,0.0,0.0,0,1
814,3b35a28778b7a2a4,0.0,0.0,0,1
815,3b3961c3d046a8d4,0.0,0.0,0,1
816,3b4c4c54f8689761,0.0,0.0,0,1
817,3b573f5aa021d3f5,0.0,0.0,0,1
818,3b6d946bfd05a43a,0.0,0.0,0,1
819,3b6f91c84e4cb134,0.0,0.0,0,1
820,3b73bb609157a130,0.0,0.0,0,1
821,3b7f61dfec6b8f9f,0.0,0.0,0,1
822,3b8afba5c697afdc,0.0,0.0,0,1
823,3b8bc836f4f6ca71,0.0,0.0,0,1
824,3b93bbf43f078003,0.0,0.0,0,1
825,3bc5eaee24ca62a3,0.0,0.0,0,1
826,3bd366f369b76e76,0.0,0.0,0,1
827,3bee32d32186fc65,0.0,0.0,0,1
828,3bf085130c88a7e8,0.0,0.0,0,1
829,3bf3ad8074ce0ad0,0.0,0.0,0,1
830,3bf4ecfe6f590fec,0.0,0.0,0,1
831,3c048f4b4f46906f,0.0,0.0,0,1
832,3c30df003a8c243e,0.0,0.0,0,1
833,3c333c06f0bea837,0.0,0.0,0,1
834,3c3f9d719028a895,0.0,0.0,0,1
835,3c49b3ef722cf2fe,0.0,0.0,0,1
836,3c4a0acb3f182a94,0.0,0.0,0,1
837,3c8e1f0a003e09d0,0.0,0.0,0,1
838,3ca6089347608315,0.0,0.0,0,1
839,3ca76f6f11026096,0.0,0.0,0,1
840,3cb3badb99db712c,0.0,0.0,0,1
841,3cbb52ba06fb4625,0.0,0.0,0,1
842,3cc9ace869196369,0.0,0.0,0,1
843,3ccb70e0c9ea9bf0,0.0,0.0,0,1
844,3cd668965744beb2,0.0,0.0,0,1
845,3cdd77d5f4a06fce,0.0,0.0,0,1
846,3ce6a472b1c52e5d,0.0,0.0,0,1
847,3cfc18889d14ed0e,0.0,0.0,0,1
848,3d1f28c69bfbff28,0.0,0.0,0,1
849,3d2b986e9bce7a8b,0.0,0.0,0,1
850,3d47dde40d6910c0,0.0,0.0,0,1
851,3d5dcca7e7ff8cd9,0.0,0.0,0,1
852,3d6435a4ba04fdca,0.0,0.0,0,1
853,3d7e7108c60bcccf,0.0,0.0,0,1
854,3d8fb67df80c9ce7,0.0,0.0,0,1
855,3d984f8c0babd0b7,0.0,0.0,0,1
856,3d990079ea073279,0.0,0.0,0,1
857,3da4c984874fe2b9,0.0,0.0,0,1
858,3dba800cd1a92429,0.0,0.0,0,1
859,3dbde5b55b505f97,0.0,0.0,0,1
860,3dbe5c603591c039,0.0,0.0,0,1
861,3dd68ceb4dd0fb1c,0.0,0.0,0,1
862,3df9be031649af70,0.0,0.0,0,1
863,3e011989fcd90544,0.0,0.0,0,1
864,3e02017999064dc2,0.0,0.0,0,1
865,3e12b8ffcf265fd1,0.0,0.0,0,1
866,3e220470c67bc557,0.0,0.0,0,1
867,3e23f0d1ecec4622,0.0,0.0,0,1
868,3e2bfdf6ba450b57,0.0,0.0,0,1
869,3e4038838ee77ec0,0.0,0.0,0,1
870,3e872b6518af50cb,0.0,0.0,0,1
871,3eea5a02ebfd9415,0.0,0.0,0,1
872,3f03ca3965a4be05,0.0,0.0,0,1
873,3f07733b939633e1,0.0,0.0,0,1
874,3f149ed4c737d88c,0.0,0.0,0,1
875,3f3198f3341c0b84,0.0,0.0,0,1
876,3f491ad09558043a,0.0,0.0,0,1
877,3f85832cb73ad0ba,0.0,0.0,0,1
878,3f8837ddd2dd4f03,0.0,0.0,0,1
879,3fa2b5a8dab94333,0.0,0.0,0,1
880,3fa7963a1d340715,0.0,0.0,0,1
881,3fabee293b3aa7c3,0.0,0.0,0,1
882,3fc3acb540ade011,0.0,0.0,0,1
883,3fd60bafa15df926,0.0,0.0,0,1
884,3fefcd72529736a4,0.0,0.0,0,1
885,401e7fdcdd2f8c39,0.0,0.0,0,1
886,4027c758656cac94,0.0,0.0,0,1
887,402bba35ca072022,0.0,0.0,0,1
888,403882bf10fb20e2,0.0,0.0,0,1
889,4045cb48cab811e4,0.0,0.0,0,1
890,4059d780a5c1a126,0.0,0.0,0,1
891,4083d07201293cd3,0.0,0.0,0,1
892,40a73cf725112cc9,0.0,0.0,0,1
893,40b3e05020fa1b14,0.0,0.0,0,1
894,40cc662d1a3c7b8e,0.0,0.0,0,1
895,40ef2539eeea1dd0,0.0,0.0,0,1
896,40f0dff6d2ac068f,0.0,0.0,0,1
897,4112177016197044,0.0,0.0,0,1
898,412ab3f69104ec07,0.0,0.0,0,1
899,412c05ed7deae09f,0.0,0.0,0,1
900,412e3aa960529f68,0.0,0.0,0,1
901,412fce16d13b8ee2,0.0,0.0,0,1
902,4136bd6fc0756a5d,0.0,0.0,0,1
903,413781d6540ff6d1,0.0,0.0,0,1
904,4143b3dbb4d9b7a4,0.0,0.0,0,1
905,4144d19eb646857c,0.0,0.0,0,1
906,4153dbd738eaaa87,0.0,0.0,0,1
907,415a0ba5cd50021f,0.0,0.0,0,1
908,415d0c497aeb7f3a,0.0,0.0,0,1
909,416ac39b67c29c99,0.0,0.0,0,1
910,41b0ba4f3c658462,0.0,0.0,0,1
911,41babe92edbce66b,0.0,0.0,0,1
912,41d38cfffa589359,0.0,0.0,0,1
913,41d3eb3a313de148,0.0,0.0,0,1
914,41f19e7a9d61d585,0.0,0.0,0,1
915,4207a12a7e044f09,0.0,0.0,0,1
916,42160116d8a2f24a,0.0,0.0,0,1
917,4219c7691a21887e,0.0,0.0,0,1
918,423da25ae5c3fc2e,0.0,0.0,0,1
919,426087b06fd8097b,0.0,0.0,0,1
920,4265e6e8a9a3c712,0.0,0.0,0,1
921,427351c395ffb93f,0.0,0.0,0,1
922,4299e7d259a3a0e2,0.0,0.0,0,1
923,42a4a103208a4884,0.0,0.0,0,1
924,42a7e7049194adc4,0.0,0.0,0,1
925,42abd782f3ef9a9f,0.0,0.0,0,1
926,42ade569fb225201,0.0,0.0,0,1
927,42ba6624d998fefa,0.0,0.0,0,1
928,42c974af9f7c5acc,0.0,0.0,0,1
929,42de98ed61ad0cd1,0.0,0.0,0,1
930,42fc78c12decb7db,0.0,0.0,0,1
931,430e78f12c668033,0.0,0.0,0,1
932,4322dea52fc89ab1,0.0,0.0,0,1
933,4331fb680972f3e1,0.0,0.0,0,1
934,434be422d06438c5,0.0,0.0,0,1
935,434e802f38ff4933,0.0,0.0,0,1
936,435a9221ece4219b,0.0,0.0,0,1
937,436ba08a97d3b911,0.0,0.0,0,1
938,436f03bbc8f55825,0.0,0.0,0,1
939,43889d28b7fa79c0,0.0,0.0,0,1
940,439548f83335463e,0.0,0.0,0,1
941,43a32bff6e3121be,0.0,0.0,0,1
942,43c8bdff53034551,0.0,0.0,0,1
943,43c9384bbdc82b1c,0.0,0.0,0,1
944,43d9477a3219e718,0.0,0.0,0,1
945,43d9b0931880d367,0.0,0.0,0,1
946,44312596daee0378,0.0,0.0,0,1
947,4434e738c3feb95c,0.0,0.0,0,1
948,443a883612639e4d,0.0,0.0,0,1
949,444fb1aa9a2acab5,0.0,0.0,0,1
950,44552a08df1e8bf5,0.0,0.0,0,1
951,446e30970eabf4b6,0.0,0.0,0,1
952,44763b3d724ec87f,0.0,0.0,0,1
953,4479ca3eb5e9e04d,0.0,0.0,0,1
954,44946d56bc366ccf,0.0,0.0,0,1
955,4496303d25b26fd5,0.0,0.0,0,1
956,449f043b2c0fbc63,0.0,0.0,0,1
957,44a079801277f3f1,0.0,0.0,0,1
958,44a347cb73828a9a,0.0,0.0,0,1
959,44afb43bf53a77a6,0.0,0.0,0,1
960,44d74292052059e6,0.0,0.0,0,1
961,44e71b6a70a385dc,0.0,0.0,0,1
962,44ffb442e78058d9,0.0,0.0,0,1
963,450b3524f274412a,0.0,0.0,0,1
964,451b9427bda29dee,0.0,0.0,0,1
965,451f84c4c30ff477,0.0,0.0,0,1
966,4541f0a959aa7763,0.0,0.0,0,1
967,45571b419bddba02,0.0,0.0,0,1
968,455e00197267f0b9,0.0,0.0,0,1
969,455e57ab1c41a5c3,0.0,0.0,0,1
970,4560a6872e8ef815,0.0,0.0,0,1
971,4573862f5e5f3c65,0.0,0.0,0,1
972,458344345a15bb9e,0.0,0.0,0,1
973,45a4e40d259a45d2,0.0,0.0,0,1
974,45af9fba79c1d487,0.0,0.0,0,1
975,45b137de7540f05c,0.0,0.0,0,1
976,4608bbad8810a1a8,0.0,0.0,0,1
977,4616c4f19af5fe91,0.0,0.0,0,1
978,462c92aca5db0c8f,0.0,0.0,0,1
979,462f107c020882ba,0.0,0.0,0,1
980,4635cbcb9405a9e9,0.0,0.0,0,1
981,463b56b5ad2a7c50,0.0,0.0,0,1
982,4643a925eeb6db8f,0.0,0.0,0,1
983,46442ae45f93390b,0.0,0.0,0,1
984,4645f014bb560518,0.0,0.0,0,1
985,4653fd02f5e981b3,0.0,0.0,0,1
986,465f2e5edb00e171,0.0,0.0,0,1
987,466c559ce3899e3a,0.0,0.0,0,1
988,4680d8f148f52c56,0.0,0.0,0,1
989,469044d987d47892,0.0,0.0,0,1
990,469549a4ac2f7b37,0.0,0.0,0,1
991,46d62429f3dcec6f,0.0,0.0,0,1
992,46d80f4cc96d0a3e,0.0,0.0,0,1
993,46e4a48ebac965d8,0.0,0.0,0,1
994,46ecbc13a8c02acc,0.0,0.0,0,1
995,4707d8730b172626,0.0,0.0,0,1
996,47382a31c85279e0,0.0,0.0,0,1
997,476f7c45e1cbbe3d,0.0,0.0,0,1
998,477a40731780915c,0.0,0.0,0,1
999,478d83fe45fac1ac,0.0,0.0,0,1
1000,47d7c39a5b796604,0.0,0.0,0,1
1001,47f1694500887ac2,0.0,0.0,0,1
1002,4801aa84b931a26b,0.0,0.0,0,1
1003,4802ed83108ba544,0.0,0.0,0,1
1004,48381f7ccd7504be,0.0,0.0,0,1
1005,48433744d7bdd0c4,0.0,0.0,0,1
1006,485478e0a0825fb0,0.0,0.0,0,1
1007,48580f03626f0361,0.0,0.0,0,1
1008,4873f4d5afb0fff8,0.0,0.0,0,1
1009,48782b33e5bbc87a,0.0,0.0,0,1
1010,48a4aace57f5d7b7,0.0,0.0,0,1
1011,48a9a045707b14bf,0.0,0.0,0,1
1012,48aa649eae2f477e,0.0,0.0,0,1
1013,48e17beb4f80fe1b,0.0,0.0,0,1
1014,48e4ab3585408bf3,0.0,0.0,0,1
1015,48f54a034496adfd,0.0,0.0,0,1
1016,491cc416bfdde252,0.0,0.0,0,1
1017,491f7dd957760f49,0.0,0.0,0,1
1018,49230eec962613d7,0.0,0.0,0,1
1019,4944d0bba39260d5,0.0,0.0,0,1
1020,49b8d735c6fad059,0.0,0.0,0,1
1021,49d10855e2946d2b,0.0,0.0,0,1
1022,49db5c47151cf1c7,0.0,0.0,0,1
1023,49df71ecfce04987,0.0,0.0,0,1
1024,49e21d6a2ead8369,0.0,0.0,0,1
1025,49ebb1c363db2856,0.0,0.0,0,1
1026,4a0f8ad7b331af17,0.0,0.0,0,1
1027,4a530b2c38197e27,0.0,0.0,0,1
1028,4a62127d0a843398,0.0,0.0,0,1
1029,4a6f660863a2ef09,0.0,0.0,0,1
1030,4a7a9033b562e9d1,0.0,0.0,0,1
1031,4a7d138490664659,0.0,0.0,0,1
1032,4a80cb0552c26910,0.0,0.0,0,1
1033,4a8cbc0defb1cf92,0.0,0.0,0,1
1034,4a95c6100c22d6d8,0.0,0.0,0,1
1035,4a98c0c020c228ff,0.0,0.0,0,1
1036,4adafe917486c6d0,0.0,0.0,0,1
1037,4aec21b86ae28ca0,0.0,0.0,0,1
1038,4af82f8fc01e0ca4,0.0,0.0,0,1
1039,4b0f10bf18ef17cc,0.0,0.0,0,1
1040,4b1faf44eddf7cc8,0.0,0.0,0,1
1041,4b766d62fb92a16a,0.0,0.0,0,1
1042,4b79359db5a18eb8,0.0,0.0,0,1
1043,4b9f3d4a781c8bdd,0.0,0.0,0,1
1044,4baad3e91063145b,0.0,0.0,0,1
1045,4bb5b94779d597c3,0.0,0.0,0,1
1046,4bcf91ccbdd8ab6b,0.0,0.0,0,1
1047,4bd3b8494cd624b2,0.0,0.0,0,1
1048,4bd4c83598fc1f00,0.0,0.0,0,1
1049,4bd6b9c595575081,0.0,0.0,0,1
1050,4bd7c46b73201032,0.0,0.0,0,1
1051,4be3cd8d199aa3c1,0.0,0.0,0,1
1052,4be4d58b52b3fb68,0.0,0.0,0,1
1053,4c17627e34f93149,0.0,0.0,0,1
1054,4c1d2aecdd7df7c2,0.0,0.0,0,1
1055,4c2741acc02d47a2,0.0,0.0,0,1
1056,4c42a181b1ba7e32,0.0,0.0,0,1
1057,4c5550c828af227b,0.0,0.0,0,1
1058,4c559056cb8210ef,0.0,0.0,0,1
1059,4c6002455ddd7759,0.0,0.0,0,1
1060,4c7e594c9d594b2e,0.0,0.0,0,1
1061,4c886f8b45b04b26,0.0,0.0,0,1
1062,4ca5cab935537481,0.0,0.0,0,1
1063,4cafd682301e6c66,0.0,0.0,0,1
1064,4cde94691ed064a2,0.0,0.0,0,1
1065,4cf4c7f86df5335a,0.0,0.0,0,1
1066,4cf78aeda1b46efd,0.0,0.0,0,1
1067,4d068833a8c2b6b3,0.0,0.0,0,1
1068,4d0ad669a9abbc6b,0.0,0.0,0,1
1069,4d1774b97f52d784,0.0,0.0,0,1
1070,4d1e5078ead25aee,0.0,0.0,0,1
1071,4d1e5e8b6ac252bd,0.0,0.0,0,1
1072,4d25f873867636ee,0.0,0.0,0,1
1073,4d537d049afe6ffc,0.0,0.0,0,1
1074,4d7fbc3fdfa2a18d,0.0,0.0,0,1
1075,4d80e48d1e9ad98f,0.0,0.0,0,1
1076,4d83ba64b45e4eec,0.0,0.0,0,1
1077,4d8ad92a29071f87,0.0,0.0,0,1
1078,4d8daf258d336a40,0.0,0.0,0,1
1079,4d9939e5810a05c6,0.0,0.0,0,1
1080,4dac3cbd1ac32850,0.0,0.0,0,1
1081,4dd11bfacade5fae,0.0,0.0,0,1
1082,4dd1458e6901a5ff,0.0,0.0,0,1
1083,4dee8ea718d42e40,0.0,0.0,0,1
1084,4df9dc2b8802dba5,0.0,0.0,0,1
1085,4e10ffd5618fa32c,0.0,0.0,0,1
1086,4e2c3a8ef78192dc,0.0,0.0,0,1
1087,4e53bd6804174586,0.0,0.0,0,1
1088,4e5b8e247eeddb9b,0.0,0.0,0,1
1089,4e696ab07e05a014,0.0,0.0,0,1
1090,4e8c9e70e5dbba52,0.0,0.0,0,1
1091,4ea05e8660e27863,0.0,0.0,0,1
1092,4ec2e0a19c3b95e7,0.0,0.0,0,1
1093,4ee43e8349f163a4,0.0,0.0,0,1
1094,4ee624ee1b413b5b,0.0,0.0,0,1
1095,4ef1d3c4f0200390,0.0,0.0,0,1
1096,4efa76a317a9052b,0.0,0.0,0,1
1097,4f0bb9deb533053e,0.0,0.0,0,1
1098,4f180d3fd911b66f,0.0,0.0,0,1
1099,4f19179ce737aa8d,0.0,0.0,0,1
1100,4f3ab0d414d016b4,0.0,0.0,0,1
1101,4f538eea3a657234,0.0,0.0,0,1
1102,4f53e9f98829d6fb,0.0,0.0,0,1
1103,4f66ece952c5def0,0.0,0.0,0,1
1104,4f97afa10d2cca15,0.0,0.0,0,1
1105,4fbcb979b0f78176,0.0,0.0,0,1
1106,4ff0d1b4f03b2ce2,0.0,0.0,0,1
1107,4ff50b78251d9c04,0.0,0.0,0,1
1108,50178f03b24564f3,0.0,0.0,0,1
1109,5029be2f052ef905,0.0,0.0,0,1
1110,50370e63411a87ea,0.0,0.0,0,1
1111,50640f933aa8dc88,0.0,0.0,0,1
1112,5071dc4eb6b93a82,0.0,0.0,0,1
1113,5073f93449e81f23,0.0,0.0,0,1
1114,508e655e0fc1dce9,0.0,0.0,0,1
1115,50c548477eca1a93,0.0,0.0,0,1
1116,50d2debc1be82ed9,0.0,0.0,0,1
1117,50fa09c4c6116641,0.0,0.0,0,1
1118,50fe9105039e54b7,0.0,0.0,0,1
1119,5102f19e71329726,0.0,0.0,0,1
1120,510352049fba76c4,0.0,0.0,0,1
1121,51092b616f42e3d4,0.0,0.0,0,1
1122,511dbcdde3344105,0.0,0.0,0,1
1123,5127c728bf9dd2dd,0.0,0.0,0,1
1124,513820b802dfef3b,0.0,0.0,0,1
1125,5157261f7937d31c,0.0,0.0,0,1
1126,515865e439e297c5,0.0,0.0,0,1
1127,51b720005559d18f,0.0,0.0,0,1
1128,51d3b0c81776f7ed,0.0,0.0,0,1
1129,51d900deb61d2af8,0.0,0.0,0,1
1130,51df489796ec3a03,0.0,0.0,0,1
1131,521284d9698e0d16,0.0,0.0,0,1
1132,5218b826476ad8bd,0.0,0.0,0,1
1133,521f33fd0c3feb65,0.0,0.0,0,1
1134,526f22e766cc84ec,0.0,0.0,0,1
1135,52767f754e3dd3a2,0.0,0.0,0,1
1136,5276a6b11cf665b4,0.0,0.0,0,1
1137,527dc15169b6aead,0.0,0.0,0,1
1138,527e1d9136104f5d,0.0,0.0,0,1
1139,52a4b7cd5ce1a69e,0.0,0.0,0,1
1140,530f39513dcc883b,0.0,0.0,0,1
1141,532ce26744b60c87,0.0,0.0,0,1
1142,53670b618bc59b06,0.0,0.0,0,1
1143,53b1ce42b52c0f88,0.0,0.0,0,1
1144,53b9eb90c3e05864,0.0,0.0,0,1
1145,53bbb5f63ff8e977,0.0,0.0,0,1
1146,53d40d6ef5f69996,0.0,0.0,0,1
1147,53db27da529cad68,0.0,0.0,0,1
1148,53f8eb1de4c13a49,0.0,0.0,0,1
1149,5408fa863ef79310,0.0,0.0,0,1
1150,541517201671e5bf,0.0,0.0,0,1
1151,544e26c0b5ec7843,0.0,0.0,0,1
1152,545fc4cb7dda7b3c,0.0,0.0,0,1
1153,547cb75b91b6bae8,0.0,0.0,0,1
1154,5487ebd74512b58d,0.0,0.0,0,1
1155,5488cdaafe38a141,0.0,0.0,0,1
1156,548cac537f3db870,0.0,0.0,0,1
1157,5491a48b7269d6c8,0.0,0.0,0,1
1158,549836316f67a63a,0.0,0.0,0,1
1159,54b919abba571a8c,0.0,0.0,0,1
1160,54c7314809c65f59,0.0,0.0,0,1
1161,54c8011c3bb5dcd4,0.0,0.0,0,1
1162,54d0f258c7212eb0,0.0,0.0,0,1
1163,54e158834e70845c,0.0,0.0,0,1
1164,54efa42f5f0a08f8,0.0,0.0,0,1
1165,54f8b775a99e53b3,0.0,0.0,0,1
1166,55018b63e2fb9948,0.0,0.0,0,1
1167,55021c2924b494e7,0.0,0.0,0,1
1168,551ab773c72361ee,0.0,0.0,0,1
1169,5539cb5c282c1340,0.0,0.0,0,1
1170,553e99c9c48314bb,0.0,0.0,0,1
1171,5569d555d6aee10c,0.0,0.0,0,1
1172,55819240da520a94,0.0,0.0,0,1
1173,559511062bc08c06,0.0,0.0,0,1
1174,55afeced8a54a4aa,0.0,0.0,0,1
1175,55bbe86e215e719d,0.0,0.0,0,1
1176,55c49d824bbdf425,0.0,0.0,0,1
1177,55fad0dcf6d53a4c,0.0,0.0,0,1
1178,55fd9b5a55e13921,0.0,0.0,0,1
1179,560c6748036903fc,0.0,0.0,0,1
1180,5639f0dd33476973,0.0,0.0,0,1
1181,56485ab543ef4e55,0.0,0.0,0,1
1182,5691ed8024da1524,0.0,0.0,0,1
1183,56ab5d066462fc14,0.0,0.0,0,1
1184,572524778e78b1ce,0.0,0.0,0,1
1185,5794999efece5d6f,0.0,0.0,0,1
1186,57fc6a123f0728f2,0.0,0.0,0,1
1187,5809178fb1fb895c,0.0,0.0,0,1
1188,580c535990005500,0.0,0.0,0,1
1189,581c6a04c2d0daf8,0.0,0.0,0,1
1190,582c32526e361e4f,0.0,0.0,0,1
1191,5833d2c78848b5b8,0.0,0.0,0,1
1192,5842c064b55df5f0,0.0,0.0,0,1
1193,584da7ad78258cb6,0.0,0.0,0,1
1194,5850c1e1634d5d97,0.0,0.0,0,1
1195,5894ce658a6b582c,0.0,0.0,0,1
1196,58a6e517910ac00a,0.0,0.0,0,1
1197,58b51e66e4bf3dc8,0.0,0.0,0,1
1198,58dd045e383dca2e,0.0,0.0,0,1
1199,58f473dc9c1c59b6,0.0,0.0,0,1
1200,5903ff0b0af260ee,0.0,0.0,0,1
1201,59127516488d9676,0.0,0.0,0,1
1202,5926a7b570ffded6,0.0,0.0,0,1
1203,592fa42cd94d3626,0.0,0.0,0,1
1204,594168687680e419,0.0,0.0,0,1
1205,5946a2abe40967a4,0.0,0.0,0,1
1206,594723463c18915b,0.0,0.0,0,1
1207,5951870cdeff9f17,0.0,0.0,0,1
1208,596cf5e3ca5080c7,0.0,0.0,0,1
1209,599d39dd1f7c39f3,0.0,0.0,0,1
1210,59a4577d2dcf686e,0.0,0.0,0,1
1211,59abee68e7b424ae,0.0,0.0,0,1
1212,59bbe4b503635dc5,0.0,0.0,0,1
1213,59c01a7f880c8f3a,0.0,0.0,0,1
1214,59cc74d7962d502e,0.0,0.0,0,1
1215,59ccc613b6d5d199,0.0,0.0,0,1
1216,59da6577cd5c3fd4,0.0,0.0,0,1
1217,59ea94c4239c50c8,0.0,0.0,0,1
1218,59ed84f6cd28962e,0.0,0.0,0,1
1219,59f6b98c8d8a22c1,0.0,0.0,0,1
1220,59fbbf6e986cb7e0,0.0,0.0,0,1
1221,5a21940c36e54794,0.0,0.0,0,1
1222,5a7a67d3a61b9f28,0.0,0.0,0,1
1223,5a89af89f6662c39,0.0,0.0,0,1
1224,5a8d3613c209af61,0.0,0.0,0,1
1225,5ab3717ec6fd5ce6,0.0,0.0,0,1
1226,5abc5719cbbd40be,0.0,0.0,0,1
1227,5ad9d758921e46e5,0.0,0.0,0,1
1228,5ae58f5e6cddd9ba,0.0,0.0,0,1
1229,5af61bbe9f172f43,0.0,0.0,0,1
1230,5b0364e851300cfc,0.0,0.0,0,1
1231,5b22cd2f7d1ca3fd,0.0,0.0,0,1
1232,5b2ebb4d83f39f3e,0.0,0.0,0,1
1233,5b2ed97e09b4bb1b,0.0,0.0,0,1
1234,5b34c87c9934752c,0.0,0.0,0,1
1235,5b618a68b146f6e3,0.0,0.0,0,1
1236,5b6d2f5f17d1c140,0.0,0.0,0,1
1237,5b8aca7884d6df0a,0.0,0.0,0,1
1238,5b9871071245fe9c,0.0,0.0,0,1
1239,5bab551eca211b9a,0.0,0.0,0,1
1240,5bdd5ff199bcdf3b,0.0,0.0,0,1
1241,5be2b9ee27c1c4ff,0.0,0.0,0,1
1242,5be4d2840abafc60,0.0,0.0,0,1
1243,5c04d6839a45699f,0.0,0.0,0,1
1244,5c2463aa34a2fe17,0.0,0.0,0,1
1245,5c258d4cfa99d5c3,0.0,0.0,0,1
1246,5c31d532970c02d2,0.0,0.0,0,1
1247,5c38244dafb72450,0.0,0.0,0,1
1248,5c496bc9be4276f4,0.0,0.0,0,1
1249,5c5d2d8e79e25edf,0.0,0.0,0,1
1250,5c6147c8b9ada24b,0.0,0.0,0,1
1251,5c662079b5646aa3,0.0,0.0,0,1
1252,5c6e26b071411173,0.0,0.0,0,1
1253,5c853867614eeea4,0.0,0.0,0,1
1254,5c87b7741f9fa1c9,0.0,0.0,0,1
1255,5c898efb7f1673ae,0.0,0.0,0,1
1256,5ca075af11bcf7fd,0.0,0.0,0,1
1257,5cb42e57bac0bc9b,0.0,0.0,0,1
1258,5cc9a37d22cad7da,0.0,0.0,0,1
1259,5cebb821fb35b13f,0.0,0.0,0,1
1260,5d00635b1a9d76a8,0.0,0.0,0,1
1261,5d02260a3a442a36,0.0,0.0,0,1
1262,5d20f7d2ba85c46e,0.0,0.0,0,1
1263,5d3180c3e88c0b45,0.0,0.0,0,1
1264,5d52687f4ef5c81c,0.0,0.0,0,1
1265,5d54597793af57b7,0.0,0.0,0,1
1266,5d573e1c5c6bdbb6,0.0,0.0,0,1
1267,5d92e29f6d9ba80b,0.0,0.0,0,1
1268,5d99e405d9662cc4,0.0,0.0,0,1
1269,5dd91e805104d8e0,0.0,0.0,0,1
1270,5de60d4ded3c20b7,0.0,0.0,0,1
1271,5de9f2ba993e55e8,0.0,0.0,0,1
1272,5dee2fe6301434ad,0.0,0.0,0,1
1273,5df6bec15b24ed44,0.0,0.0,0,1
1274,5dfddef48e98162a,0.0,0.0,0,1
1275,5e1683bc77cd13dd,0.0,0.0,0,1
1276,5e48ed490f0ff171,0.0,0.0,0,1
1277,5e525ec4308d92d3,0.0,0.0,0,1
1278,5e59d573fb12fd64,0.0,0.0,0,1
1279,5e6a0ebf9ea8aaab,0.0,0.0,0,1
1280,5e700120ba66abd5,0.0,0.0,0,1
1281,5e708804fa13dfb7,0.0,0.0,0,1
1282,5e79526b04a22cfd,0.0,0.0,0,1
1283,5eacab1b7d370a29,0.0,0.0,0,1
1284,5ed458371824074d,0.0,0.0,0,1
1285,5ed8341b998f67fa,0.0,0.0,0,1
1286,5edbdf9cd2f34671,0.0,0.0,0,1
1287,5eea710ba8180ec5,0.0,0.0,0,1
1288,5f0707dcfbcd9849,0.0,0.0,0,1
1289,5f33003efccc0a36,0.0,0.0,0,1
1290,5f3be4dff053609e,0.0,0.0,0,1
1291,5f56527c6eb0380d,0.0,0.0,0,1
1292,5f5672f030d752e2,0.0,0.0,0,1
1293,5f69df07bc4c1363,0.0,0.0,0,1
1294,5f8165565a69aaac,0.0,0.0,0,1
1295,5f93955270ebaf40,0.0,0.0,0,1
1296,5fa24c5ce19a8731,0.0,0.0,0,1
1297,5fb44e7ea740fe3c,0.0,0.0,0,1
1298,5fc2567364411ce4,0.0,0.0,0,1
1299,5fd3d8b695a0211e,0.0,0.0,0,1
1300,5fda96c4f8063567,0.0,0.0,0,1
1301,5fe2fa97dca62ba1,0.0,0.0,0,1
1302,600e2731bc816014,0.0,0.0,0,1
1303,6017f8b63dbd1f38,0.0,0.0,0,1
1304,601823e4f0cc268f,0.0,0.0,0,1
1305,6020de35b1793111,0.0,0.0,0,1
1306,60286bdf9258910e,0.0,0.0,0,1
1307,6041b43c708f515f,0.0,0.0,0,1
1308,60468c1a0690aa43,0.0,0.0,0,1
1309,604f2a5265fc8962,0.0,0.0,0,1
1310,6063c0065d3c79b8,0.0,0.0,0,1
1311,60846a878cfb514d,0.0,0.0,0,1
1312,60979ab6b503e2af,0.0,0.0,0,1
1313,609f26b4c0a3b4a8,0.0,0.0,0,1
1314,609f6b34201efa64,0.0,0.0,0,1
1315,60a5e417cd2529e8,0.0,0.0,0,1
1316,60b0fb5add633ac8,0.0,0.0,0,1
1317,60d6ddc3ecb3aa24,0.0,0.0,0,1
1318,60d89d16308d8a9e,0.0,0.0,0,1
1319,60e0a4c09dcec9bd,0.0,0.0,0,1
1320,60e3dc0c5f8ddfcb,0.0,0.0,0,1
1321,60fe24c3825b54d8,0.0,0.0,0,1
1322,6112b3ab014c7297,0.0,0.0,0,1
1323,6132d72106715c71,0.0,0.0,0,1
1324,6142d0500439bda0,0.0,0.0,0,1
1325,6157ae959988f3e7,0.0,0.0,0,1
1326,6178a5a2b4495ca2,0.0,0.0,0,1
1327,617f6d72363d54b2,0.0,0.0,0,1
1328,6182870e1d5ef48e,0.0,0.0,0,1
1329,618cb500da479bce,0.0,0.0,0,1
1330,618ddc031dcfedc8,0.0,0.0,0,1
1331,61bbd116d61e2373,0.0,0.0,0,1
1332,61bc2fc4c82a3354,0.0,0.0,0,1
1333,61c36bab4a038ca6,0.0,0.0,0,1
1334,61d839007d7a03e5,0.0,0.0,0,1
1335,61faadd8643b940b,0.0,0.0,0,1
1336,61fd1f7c9b36a278,0.0,0.0,0,1
1337,620abad31b2a0367,0.0,0.0,0,1
1338,62137dc1c7645db3,0.0,0.0,0,1
1339,6213a8e3a64123c9,0.0,0.0,0,1
1340,62176e019b473590,0.0,0.0,0,1
1341,62346b6e69727003,0.0,0.0,0,1
1342,6235ec192af9bcf1,0.0,0.0,0,1
1343,623b2e1b6759e01c,0.0,0.0,0,1
1344,623b5503229ee206,0.0,0.0,0,1
1345,624324ab1f30424a,0.0,0.0,0,1
1346,6246cdb2f19030e9,0.0,0.0,0,1
1347,625030a7e9bbac9f,0.0,0.0,0,1
1348,62538a558c1d81d3,0.0,0.0,0,1
1349,62646bb86118ce0d,0.0,0.0,0,1
1350,6272273e50bdf400,0.0,0.0,0,1
1351,628bc910a567b4b9,0.0,0.0,0,1
1352,6292bb0cffcf0fe5,0.0,0.0,0,1
1353,62965173084b650d,0.0,0.0,0,1
1354,62a0c38fb6dc9db1,0.0,0.0,0,1
1355,62d47d19d7097920,0.0,0.0,0,1
1356,62dba93b96d6ab81,0.0,0.0,0,1
1357,62e2b80f5aec855d,0.0,0.0,0,1
1358,62f5e3a7114b2854,0.0,0.0,0,1
1359,630e4aff81365542,0.0,0.0,0,1
1360,632597b2f05806b4,0.0,0.0,0,1
1361,633d68e1a6bad596,0.0,0.0,0,1
1362,6343d7e74db51589,0.0,0.0,0,1
1363,63660e948a7f95c5,0.0,0.0,0,1
1364,637235cef525e01a,0.0,0.0,0,1
1365,6375ba68444d4560,0.0,0.0,0,1
1366,63884199a9632228,0.0,0.0,0,1
1367,63891ee4d8aabaa8,0.0,0.0,0,1
1368,63cb349dd4328a86,0.0,0.0,0,1
1369,63e9c3b026ca1ff4,0.0,0.0,0,1
1370,6412832265c1cbcc,0.0,0.0,0,1
1371,6413e67dd30393a2,0.0,0.0,0,1
1372,6448140bf63a0a7f,0.0,0.0,0,1
1373,6457af337f83a04e,0.0,0.0,0,1
1374,6457b18c0ce1b412,0.0,0.0,0,1
1375,64913e4af9e79cb4,0.0,0.0,0,1
1376,64a8fb62a1895107,0.0,0.0,0,1
1377,64ad3626f5f1e5e6,0.0,0.0,0,1
1378,64af22655889a507,0.0,0.0,0,1
1379,64b7e5f535c6f287,0.0,0.0,0,1
1380,64c1ac7a6eed31f0,0.0,0.0,0,1
1381,64c7ba4f83042ad9,0.0,0.0,0,1
1382,64d862168c9437a0,0.0,0.0,0,1
1383,64de886ea8a78d57,0.0,0.0,0,1
1384,64f23a1631a7507f,0.0,0.0,0,1
1385,64fbdaf75aca9810,0.0,0.0,0,1
1386,650d262b575e3ee6,0.0,0.0,0,1
1387,6516cfc2d0eab715,0.0,0.0,0,1
1388,652c2f473582d333,0.0,0.0,0,1
1389,655a05a9ee8ae7ab,0.0,0.0,0,1
1390,655f57b352d34623,0.0,0.0,0,1
1391,6572924728e7e8d1,0.0,0.0,0,1
1392,65746974a945956b,0.0,0.0,0,1
1393,658f4379421c7269,0.0,0.0,0,1
1394,6590545ed8ee861d,0.0,0.0,0,1
1395,6591b669102efee7,0.0,0.0,0,1
1396,659b259765fe4942,0.0,0.0,0,1
1397,65b5810cd460965e,0.0,0.0,0,1
1398,65bf7582f6db1d71,0.0,0.0,0,1
1399,65c45e5a83e59f92,0.0,0.0,0,1
1400,65e4cc83034420d0,0.0,0.0,0,1
1401,6613247891a751d2,0.0,0.0,0,1
1402,6664f55d9ceee855,0.0,0.0,0,1
1403,6668e11b5d2e062d,0.0,0.0,0,1
1404,6682f00da54a8875,0.0,0.0,0,1
1405,668c1261da0ef10e,0.0,0.0,0,1
1406,6694182c3c33a23d,0.0,0.0,0,1
1407,66a4a52d5edaf58f,0.0,0.0,0,1
1408,66a75b7aaaa1a94b,0.0,0.0,0,1
1409,66ada37273619cae,0.0,0.0,0,1
1410,66ada44eee674fe7,0.0,0.0,0,1
1411,66b86595c2fcfd01,0.0,0.0,0,1
1412,66d890ab448686fb,0.0,0.0,0,1
1413,66d896a986031a09,0.0,0.0,0,1
1414,66e5c91b1bd02d98,0.0,0.0,0,1
1415,66facd9fddebef7f,0.0,0.0,0,1
1416,66fe75988fc040c1,0.0,0.0,0,1
1417,66fffbf6b778d2a8,0.0,0.0,0,1
1418,6708193112e4e330,0.0,0.0,0,1
1419,671d96be9f705433,0.0,0.0,0,1
1420,6720aeaa9ea78e15,0.0,0.0,0,1
1421,672d677b3d69d737,0.0,0.0,0,1
1422,6734854a08fb174d,0.0,0.0,0,1
1423,6738af14135aee23,0.0,0.0,0,1
1424,67470fb162109f8c,0.0,0.0,0,1
1425,678308d1762a4865,0.0,0.0,0,1
1426,6784a5e323459deb,0.0,0.0,0,1
1427,67ae8b7a0effba10,0.0,0.0,0,1
1428,67b49bfc53fb9374,0.0,0.0,0,1
1429,67c705633a6840c5,0.0,0.0,0,1
1430,67e197e7e9ff38dc,0.0,0.0,0,1
1431,67f1774a51f13cc1,0.0,0.0,0,1
1432,68066a623f58d549,0.0,0.0,0,1
1433,6812cf561ea735a1,0.0,0.0,0,1
1434,682aeb14355adf1a,0.0,0.0,0,1
1435,6834832eee8ac8b4,0.0,0.0,0,1
1436,68375e65bf16e811,0.0,0.0,0,1
1437,68424a56fa04e2c5,0.0,0.0,0,1
1438,688b37b3311be373,0.0,0.0,0,1
1439,689ceb1888006b35,0.0,0.0,0,1
1440,68aba1cf5006a6cf,0.0,0.0,0,1
1441,69099c1d5772285c,0.0,0.0,0,1
1442,691530a43a0c4235,0.0,0.0,0,1
1443,696410b733ba7e59,0.0,0.0,0,1
1444,6965297f2b00d8ac,0.0,0.0,0,1
1445,698580b923e5ed67,0.0,0.0,0,1
1446,6985ebeb3dfe25ea,0.0,0.0,0,1
1447,69eb74f6ad237239,0.0,0.0,0,1
1448,69ed004df65ce50a,0.0,0.0,0,1
1449,69efcb9c24a6fc3c,0.0,0.0,0,1
1450,69f5bb8764e69ad8,0.0,0.0,0,1
1451,69f5bbe1e10b7235,0.0,0.0,0,1
1452,6a02f79de99c3030,0.0,0.0,0,1
1453,6a092b72cda7a82a,0.0,0.0,0,1
1454,6a0ea8cac67d0b2a,0.0,0.0,0,1
1455,6a1b0a5c5e693741,0.0,0.0,0,1
1456,6a25814a57c733e8,0.0,0.0,0,1
1457,6a29fd1ddde4ac16,0.0,0.0,0,1
1458,6a4d050ad060ed38,0.0,0.0,0,1
1459,6a7767931d6394a3,0.0,0.0,0,1
1460,6a7998df5f0d23d4,0.0,0.0,0,1
1461,6a8622fa24d44f65,0.0,0.0,0,1
1462,6a8bd6c3bdd6a33b,0.0,0.0,0,1
1463,6ab6110cdd64be84,0.0,0.0,0,1
1464,6ab8de1b7f9d63b0,0.0,0.0,0,1
1465,6ab9d6707e8d8efd,0.0,0.0,0,1
1466,6ac5569ec5c78b07,0.0,0.0,0,1
1467,6ad8336247f77f68,0.0,0.0,0,1
1468,6af5901e4cce9ade,0.0,0.0,0,1
1469,6b06ea64db9035c2,0.0,0.0,0,1
1470,6b0f772482ac6fb9,0.0,0.0,0,1
1471,6b4f59086ff5f670,0.0,0.0,0,1
1472,6b5bdfade009056a,0.0,0.0,0,1
1473,6b6c4cb92276a868,0.0,0.0,0,1
1474,6b6e4a210eaefbea,0.0,0.0,0,1
1475,6b7756c14ed4ed9b,0.0,0.0,0,1
1476,6b7a3aa3978e6349,0.0,0.0,0,1
1477,6b7fb8c6d1a86c44,0.0,0.0,0,1
1478,6bd0c80cc2078c2f,0.0,0.0,0,1
1479,6bd95cecc6b123e5,0.0,0.0,0,1
1480,6bea57f9b8c0e469,0.0,0.0,0,1
1481,6c0b9c07d21d000f,0.0,0.0,0,1
1482,6c1eb4f72d141cb7,0.0,0.0,0,1
1483,6c1eb84abbb3a5b5,0.0,0.0,0,1
1484,6c2e3e569cd1d45b,0.0,0.0,0,1
1485,6c3958df6cd71620,0.0,0.0,0,1
1486,6c656fbb96260298,0.0,0.0,0,1
1487,6c6dfe0207d45bf2,0.0,0.0,0,1
1488,6c6e48eb5af9aa7b,0.0,0.0,0,1
1489,6c7a9ca8696986fd,0.0,0.0,0,1
1490,6ca2bb811f399c1a,0.0,0.0,0,1
1491,6cb6dbc674aff44f,0.0,0.0,0,1
1492,6ccbd5d28b611189,0.0,0.0,0,1
1493,6cd0e1f9f9548166,0.0,0.0,0,1
1494,6cdaf3a29b16134a,0.0,0.0,0,1
1495,6cdef286e42dc1d0,0.0,0.0,0,1
1496,6ce212d5dd14421d,0.0,0.0,0,1
1497,6ce770b559f7f0f1,0.0,0.0,0,1
1498,6ced83f2564013a2,0.0,0.0,0,1
1499,6ceead34cf64923e,0.0,0.0,0,1
1500,6cf35fa7aa92cae0,0.0,0.0,0,1
1501,6d0193a3696839e6,0.0,0.0,0,1
1502,6d16cad0a2ddbf2e,0.0,0.0,0,1
1503,6d2828df16345d30,0.0,0.0,0,1
1504,6d2dfe166b5e54bc,0.0,0.0,0,1
1505,6d3fe277bbc1c720,0.0,0.0,0,1
1506,6d6ea38308a01e8c,0.0,0.0,0,1
1507,6d7bde4aff4e29ce,0.0,0.0,0,1
1508,6d93b7e2de0aea69,0.0,0.0,0,1
1509,6d9761ffbbf91654,0.0,0.0,0,1
1510,6da0e985a5f4f848,0.0,0.0,0,1
1511,6da1ff65b3788ebb,0.0,0.0,0,1
1512,6da37d2c7191168c,0.0,0.0,0,1
1513,6daab9b03a4219f1,0.0,0.0,0,1
1514,6dc94a1dea722e00,0.0,0.0,0,1
1515,6dcfe9b501b24a63,0.0,0.0,0,1
1516,6dda0cc4a6961704,0.0,0.0,0,1
1517,6de6ad5914a59088,0.0,0.0,0,1
1518,6dfa5bd8857d270f,0.0,0.0,0,1
1519,6dfd62c1722ce45f,0.0,0.0,0,1
1520,6e03d6fb4d244cd4,0.0,0.0,0,1
1521,6e0fb662fa17bd7f,0.0,0.0,0,1
1522,6e1dbfafd08f97ec,0.0,0.0,0,1
1523,6e2524f9c1f26ed6,0.0,0.0,0,1
1524,6e2f2fe91c5291cc,0.0,0.0,0,1
1525,6e52ae1083e50d4f,0.0,0.0,0,1
1526,6e56067541c2fc3d,0.0,0.0,0,1
1527,6e5a3d824cd8bc22,0.0,0.0,0,1
1528,6e6f3662a5dbe8cd,0.0,0.0,0,1
1529,6e7f22acc92edc6d,0.0,0.0,0,1
1530,6ea1d6bf6014598d,0.0,0.0,0,1
1531,6ea215209a413bd0,0.0,0.0,0,1
1532,6ea5d724359c0cb4,0.0,0.0,0,1
1533,6eb12044b370b869,0.0,0.0,0,1
1534,6ed1452f26ad9e0c,0.0,0.0,0,1
1535,6ef0e741cd965847,0.0,0.0,0,1
1536,6f0e6682446be50f,0.0,0.0,0,1
1537,6f0ebbf5852dbf0b,0.0,0.0,0,1
1538,6f6c018477373c8b,0.0,0.0,0,1
1539,6f75562c3834efbf,0.0,0.0,0,1
1540,6f76044b1b311a21,0.0,0.0,0,1
1541,6f81e2eb22d71835,0.0,0.0,0,1
1542,6f8b2093d53eeb0c,0.0,0.0,0,1
1543,6fb1d0a924a30665,0.0,0.0,0,1
1544,6fb1f5e55f3313aa,0.0,0.0,0,1
1545,6fd0598e23f277b1,0.0,0.0,0,1
1546,6fee8ef28f00947e,0.0,0.0,0,1
1547,6fee90dfa7ae9784,0.0,0.0,0,1
1548,6ff1a6725c207ed2,0.0,0.0,0,1
1549,70045c4478613302,0.0,0.0,0,1
1550,702356ff679318a7,0.0,0.0,0,1
1551,7027817c295889ec,0.0,0.0,0,1
1552,703ee8acc34127e0,0.0,0.0,0,1
1553,7063deaa8f028f49,0.0,0.0,0,1
1554,706af1397ebaeed8,0.0,0.0,0,1
1555,7072f17888c5ff54,0.0,0.0,0,1
1556,70a71986e3227f96,0.0,0.0,0,1
1557,70bfd2eda6ce8af6,0.0,0.0,0,1
1558,70cf0f0c4dc8ee1a,0.0,0.0,0,1
1559,70db786ece40a244,0.0,0.0,0,1
1560,70e4a9da0174fc9a,0.0,0.0,0,1
1561,70e87dacf9008d9c,0.0,0.0,0,1
1562,7111a8d59146b0c8,0.0,0.0,0,1
1563,71358a2ac9ac01fd,0.0,0.0,0,1
1564,713705278f73bea9,0.0,0.0,0,1
1565,71548d1dd5fd596a,0.0,0.0,0,1
1566,7165fed5bcee4519,0.0,0.0,0,1
1567,7168341c9bf07a60,0.0,0.0,0,1
1568,719a0576000a919c,0.0,0.0,0,1
1569,71b58262bd75e432,0.0,0.0,0,1
1570,71bf5147dcc4dcc3,0.0,0.0,0,1
1571,71bf7739ec750110,0.0,0.0,0,1
1572,71dc9c3a77765597,0.0,0.0,0,1
1573,71df0d6a314f75cf,0.0,0.0,0,1
1574,71e204045d11a3ef,0.0,0.0,0,1
1575,71f1e47c38acd940,0.0,0.0,0,1
1576,722ad25d6b958fd4,0.0,0.0,0,1
1577,723f755818a108f9,0.0,0.0,0,1
1578,723fbe460c1543c8,0.0,0.0,0,1
1579,724533789ddac545,0.0,0.0,0,1
1580,7250fc4e84bac877,0.0,0.0,0,1
1581,72745883b492be1d,0.0,0.0,0,1
1582,7280b81d8f94f0bd,0.0,0.0,0,1
1583,72a93a5404e26f5d,0.0,0.0,0,1
1584,72aa5dc913a374d3,0.0,0.0,0,1
1585,72de8e833c0ee3f9,0.0,0.0,0,1
1586,72def62f116b9916,0.0,0.0,0,1
1587,72e92f3b63ae2ef3,0.0,0.0,0,1
1588,72f6c63150a4c1e9,0.0,0.0,0,1
1589,72fde322e63d1f8a,0.0,0.0,0,1
1590,731fd20577f796b5,0.0,0.0,0,1
1591,732ae4bfd2906101,0.0,0.0,0,1
1592,732c481c0f279fc2,0.0,0.0,0,1
1593,7345feacc9f35833,0.0,0.0,0,1
1594,734ef87a73d91b57,0.0,0.0,0,1
1595,7358876f6b53c3a2,0.0,0.0,0,1
1596,7362f4f01daec2ef,0.0,0.0,0,1
1597,736ba52c897182bb,0.0,0.0,0,1
1598,737b763e3cafd7d0,0.0,0.0,0,1
1599,737b979a4cc5224d,0.0,0.0,0,1
1600,73a455731e537bbe,0.0,0.0,0,1
1601,73be4de3d5fc4586,0.0,0.0,0,1
1602,73c966b521909645,0.0,0.0,0,1
1603,73cc001e478b53fa,0.0,0.0,0,1
1604,73d1acd702e068b9,0.0,0.0,0,1
1605,7401490b391f1e18,0.0,0.0,0,1
1606,7401efc298999df5,0.0,0.0,0,1
1607,741477f04f404d2b,0.0,0.0,0,1
1608,741d1f153acae9dc,0.0,0.0,0,1
1609,741e4c90f267773e,0.0,0.0,0,1
1610,743509ba2e6c8632,0.0,0.0,0,1
1611,746646f247b5eb5f,0.0,0.0,0,1
1612,749ccbe5e8bae753,0.0,0.0,0,1
1613,749e7e55cefd8c39,0.0,0.0,0,1
1614,74ce72c7f8527839,0.0,0.0,0,1
1615,74d70d51954c1c42,0.0,0.0,0,1
1616,74e31d58a2178601,0.0,0.0,0,1
1617,75061983e153ee8b,0.0,0.0,0,1
1618,75126f652a361c95,0.0,0.0,0,1
1619,752303ee47cdd1a4,0.0,0.0,0,1
1620,75343a23beef59eb,0.0,0.0,0,1
1621,7537091d91657bd7,0.0,0.0,0,1
1622,753a9e997edcf927,0.0,0.0,0,1
1623,7544f45385d6e297,0.0,0.0,0,1
1624,75735fa182106f4f,0.0,0.0,0,1
1625,7596ab7a7ae0b48d,0.0,0.0,0,1
1626,75a0f0004e32ac0c,0.0,0.0,0,1
1627,75b9a4f26a1db6a5,0.0,0.0,0,1
1628,75effad1ffb47b60,0.0,0.0,0,1
1629,75f6956dc671c684,0.0,0.0,0,1
1630,75faaa2fe2e87d96,0.0,0.0,0,1
1631,760027b15ae78fb3,0.0,0.0,0,1
1632,760099e4dc1c7fbb,0.0,0.0,0,1
1633,7620402dc5328917,0.0,0.0,0,1
1634,7621db462fccae98,0.0,0.0,0,1
1635,76491eaffb67c5dd,0.0,0.0,0,1
1636,7657428385d4bf2b,0.0,0.0,0,1
1637,7658a95a56def5f7,0.0,0.0,0,1
1638,765f941fd67a0070,0.0,0.0,0,1
1639,7661e3649915f956,0.0,0.0,0,1
1640,766a374a128786ff,0.0,0.0,0,1
1641,7681034bbf1bc911,0.0,0.0,0,1
1642,768b6a441ca5b650,0.0,0.0,0,1
1643,76bcb01286c5d2d5,0.0,0.0,0,1
1644,76cad78898a1b845,0.0,0.0,0,1
1645,76cc8c5d699f3e09,0.0,0.0,0,1
1646,76fd2687e3ec314b,0.0,0.0,0,1
1647,76fd9e9baeac6a2a,0.0,0.0,0,1
1648,770bd43d7203df9c,0.0,0.0,0,1
1649,7725168c895a71c9,0.0,0.0,0,1
1650,7742cb5c263469f9,0.0,0.0,0,1
1651,7753c7c0cc9acae2,0.0,0.0,0,1
1652,775ce1ac9ef2a93c,0.0,0.0,0,1
1653,777f4a29d8f361af,0.0,0.0,0,1
1654,777fc7e486a7dfa6,0.0,0.0,0,1
1655,77962f1107392bc1,0.0,0.0,0,1
1656,779961160a848046,0.0,0.0,0,1
1657,77a1fb3e7d0ca09b,0.0,0.0,0,1
1658,77b189107739f563,0.0,0.0,0,1
1659,77bfb229fa87de4b,0.0,0.0,0,1
1660,7809aac75c3f4225,0.0,0.0,0,1
1661,781e6ce1844c392f,0.0,0.0,0,1
1662,782ab08ae0c56784,0.0,0.0,0,1
1663,7845e6ef6568d8d4,0.0,0.0,0,1
1664,7846682cf63298b6,0.0,0.0,0,1
1665,785777a540974056,0.0,0.0,0,1
1666,785d95be7e4c5608,0.0,0.0,0,1
1667,78632c6c9c5fd865,0.0,0.0,0,1
1668,786bd915841a106f,0.0,0.0,0,1
1669,7873cc4e2e5ed349,0.0,0.0,0,1
1670,78bad4573240bfb3,0.0,0.0,0,1
1671,78be502366c4d2f3,0.0,0.0,0,1
1672,78f25586d6912dbc,0.0,0.0,0,1
1673,78f6f0107300648b,0.0,0.0,0,1
1674,78f7b035f5dcc83e,0.0,0.0,0,1
1675,78fcc24c6aa70c93,0.0,0.0,0,1
1676,7938a833d0f8f372,0.0,0.0,0,1
1677,794d51e700625297,0.0,0.0,0,1
1678,797c7ec22c0fd573,0.0,0.0,0,1
1679,79817b9623af338f,0.0,0.0,0,1
1680,7985b752112ba4ff,0.0,0.0,0,1
1681,799fcdd5f02472ac,0.0,0.0,0,1
1682,79a914cb57063496,0.0,0.0,0,1
1683,79d0a4ddf59eb04b,0.0,0.0,0,1
1684,79d4d895d42333f8,0.0,0.0,0,1
1685,79dab3c7ae07724b,0.0,0.0,0,1
1686,79e1265013f6572e,0.0,0.0,0,1
1687,79e8d34f4c78d652,0.0,0.0,0,1
1688,79f748f86867df69,0.0,0.0,0,1
1689,7a081cd5c8fb487b,0.0,0.0,0,1
1690,7a28b90f0904f064,0.0,0.0,0,1
1691,7a28dca02ed0040f,0.0,0.0,0,1
1692,7a32f9451633fc8a,0.0,0.0,0,1
1693,7a911f92e8bc7371,0.0,0.0,0,1
1694,7abc395faeced08a,0.0,0.0,0,1
1695,7abc501049ae714c,0.0,0.0,0,1
1696,7af3e70b9c7d3913,0.0,0.0,0,1
1697,7af4a07c10510ebe,0.0,0.0,0,1
1698,7b1146084bfa3eea,0.0,0.0,0,1
1699,7b3657743a688e00,0.0,0.0,0,1
1700,7b57ae4595acbede,0.0,0.0,0,1
1701,7b583ec6ea5f3be9,0.0,0.0,0,1
1702,7b858a22731f9ed9,0.0,0.0,0,1
1703,7b866cddbd70d40d,0.0,0.0,0,1
1704,7b89c570718520cd,0.0,0.0,0,1
1705,7bb3eb792d381d50,0.0,0.0,0,1
1706,7bbf3ab289fd865a,0.0,0.0,0,1
1707,7bc90414da89dfed,0.0,0.0,0,1
1708,7beb4dbcc9bc4374,0.0,0.0,0,1
1709,7bf7c2880d054c24,0.0,0.0,0,1
1710,7c0ed6b012a78d41,0.0,0.0,0,1
1711,7c230b3d9074c4b3,0.0,0.0,0,1
1712,7c36e24b00410648,0.0,0.0,0,1
1713,7c46809af2cdaad0,0.0,0.0,0,1
1714,7c470c2cf04853e7,0.0,0.0,0,1
1715,7c57f44ed186553d,0.0,0.0,0,1
1716,7c5db9f2d062915c,0.0,0.0,0,1
1717,7c6e992cc82a4cf0,0.0,0.0,0,1
1718,7c717ff0a6d969f5,0.0,0.0,0,1
1719,7c8c75fdfc09d882,0.0,0.0,0,1
1720,7c8fdc29126d5637,0.0,0.0,0,1
1721,7cac664d6fbfd7da,0.0,0.0,0,1
1722,7cad0cdfe2a21966,0.0,0.0,0,1
1723,7ce2162a8ac3d364,0.0,0.0,0,1
1724,7ce3487edb809ec5,0.0,0.0,0,1
1725,7d00362744a986cf,0.0,0.0,0,1
1726,7d0625e3a6f02d1c,0.0,0.0,0,1
1727,7d112d0dddd1000f,0.0,0.0,0,1
1728,7d76a2d632ef93f4,0.0,0.0,0,1
1729,7d8bd440d11b7b9c,0.0,0.0,0,1
1730,7d8ea25694fff77d,0.0,0.0,0,1
1731,7da699906ab4b7ce,0.0,0.0,0,1
1732,7db2f97b706fe946,0.0,0.0,0,1
1733,7dbe4c1d33a01549,0.0,0.0,0,1
1734,7dd5bd61ef5a4b86,0.0,0.0,0,1
1735,7de34864a463f074,0.0,0.0,0,1
1736,7e1b9de312182b39,0.0,0.0,0,1
1737,7e33a77f6338cb99,0.0,0.0,0,1
1738,7e49f7c281371c52,0.0,0.0,0,1
1739,7e4e9433bd5ebbc6,0.0,0.0,0,1
1740,7e5852210d28f403,0.0,0.0,0,1
1741,7e61fd5ad3cb7505,0.0,0.0,0,1
1742,7e69e20e0f024061,0.0,0.0,0,1
1743,7e8ab12392f18b6f,0.0,0.0,0,1
1744,7eb6c21d10437e6f,0.0,0.0,0,1
1745,7ecf8f1ba5b8c67f,0.0,0.0,0,1
1746,7edfebfbaa1e57d1,0.0,0.0,0,1
1747,7ef694b6a733da99,0.0,0.0,0,1
1748,7efb4b964c73e152,0.0,0.0,0,1
1749,7f1c649b50335821,0.0,0.0,0,1
1750,7f322beee7950147,0.0,0.0,0,1
1751,7f3357a8e9ab3e88,0.0,0.0,0,1
1752,7f3902077a59a2a5,0.0,0.0,0,1
1753,7f3f47c591422202,0.0,0.0,0,1
1754,7f5742610df9651c,0.0,0.0,0,1
1755,7f5b6eaa77e189f7,0.0,0.0,0,1
1756,7f5d6fc164a9c813,0.0,0.0,0,1
1757,7f68dfd861b37cf3,0.0,0.0,0,1
1758,7f7a65e95fea8639,0.0,0.0,0,1
1759,7f87a72a89991086,0.0,0.0,0,1
1760,7f8de745f199d8bd,0.0,0.0,0,1
1761,7f9a8261eb857248,0.0,0.0,0,1
1762,7fa9132f6f5e96ce,0.0,0.0,0,1
1763,7fae72e2f4b4d46e,0.0,0.0,0,1
1764,7fb4b9f8268646ac,0.0,0.0,0,1
1765,7fbf98bec049c7d7,0.0,0.0,0,1
1766,7ffa1600d83094c8,0.0,0.0,0,1
1767,7ffea3cf31abfd6c,0.0,0.0,0,1
1768,800a6cb02adfc011,0.0,0.0,0,1
1769,802cfd61fa147493,0.0,0.0,0,1
1770,8077f6eb0bb3e9b9,0.0,0.0,0,1
1771,807a78a31a6e1b40,0.0,0.0,0,1
1772,80a0d1b72b150308,0.0,0.0,0,1
1773,80a79d1139357f08,0.0,0.0,0,1
1774,80b5edfe05b539d4,0.0,0.0,0,1
1775,80bf96582ee6ac9a,0.0,0.0,0,1
1776,80ce926907a3d3e4,0.0,0.0,0,1
1777,80d34a747d5a63d5,0.0,0.0,0,1
1778,80d531c098a399dc,0.0,0.0,0,1
1779,80dd075ff3e06028,0.0,0.0,0,1
1780,80eb04710deda09a,0.0,0.0,0,1
1781,80f46e4122490b28,0.0,0.0,0,1
1782,817b837d89ff7273,0.0,0.0,0,1
1783,819497b10e2b871e,0.0,0.0,0,1
1784,8198b0467da38221,0.0,0.0,0,1
1785,81998436df844311,0.0,0.0,0,1
1786,819a05c47931fb74,0.0,0.0,0,1
1787,81c0430facf946e5,0.0,0.0,0,1
1788,81c1f7f06c6cb8ed,0.0,0.0,0,1
1789,81d36323af371bf1,0.0,0.0,0,1
1790,81f86fc4bde52760,0.0,0.0,0,1
1791,822e3315f9a052f1,0.0,0.0,0,1
1792,8250080f1f99351c,0.0,0.0,0,1
1793,82526d998340a22f,0.0,0.0,0,1
1794,825e1b7c4de9c652,0.0,0.0,0,1
1795,8287394fedf60b00,0.0,0.0,0,1
1796,82ae5fb3d77aef38,0.0,0.0,0,1
1797,82c0a83dfe39e668,0.0,0.0,0,1
1798,82d01c0452cd97be,0.0,0.0,0,1
1799,82e2801f84726298,0.0,0.0,0,1
1800,82eadcc172b077d5,0.0,0.0,0,1
1801,82ebbf318a4fdb75,0.0,0.0,0,1
1802,82ef1311d648e4e5,0.0,0.0,0,1
1803,830952589679b78b,0.0,0.0,0,1
1804,8327676c097bd4c3,0.0,0.0,0,1
1805,8333d51e11368fbe,0.0,0.0,0,1
1806,833602017b0c06e4,0.0,0.0,0,1
1807,835580f7d9a89669,0.0,0.0,0,1
1808,835800376868b3ef,0.0,0.0,0,1
1809,83650c8ef6921c3c,0.0,0.0,0,1
1810,83696014c8e16a2f,0.0,0.0,0,1
1811,837a608a1e001503,0.0,0.0,0,1
1812,8384b23b365d1c71,0.0,0.0,0,1
1813,838fc99b9f4887f2,0.0,0.0,0,1
1814,8399e3e759e6e144,0.0,0.0,0,1
1815,83a054c89648206d,0.0,0.0,0,1
1816,83aea4987dbc82c8,0.0,0.0,0,1
1817,83bf9a08fba38bc5,0.0,0.0,0,1
1818,83cf43b06b9bcd70,0.0,0.0,0,1
1819,83d1d8c661191e43,0.0,0.0,0,1
1820,83e71a9d265bd45d,0.0,0.0,0,1
1821,841d40e845a7b15e,0.0,0.0,0,1
1822,8447c728989efeaa,0.0,0.0,0,1
1823,844e8ea621132f94,0.0,0.0,0,1
1824,846e7dbf74476b39,0.0,0.0,0,1
1825,84705b5d280ea292,0.0,0.0,0,1
1826,849342d921f1cfdd,0.0,0.0,0,1
1827,84a0cd0834a84fa4,0.0,0.0,0,1
1828,84ad5bd780c637f0,0.0,0.0,0,1
1829,84bde43f0ac22a68,0.0,0.0,0,1
1830,84dfe83da7974c3b,0.0,0.0,0,1
1831,84eac4fe23eec7af,0.0,0.0,0,1
1832,85051f253fda4a37,0.0,0.0,0,1
1833,85112ed846f114fa,0.0,0.0,0,1
1834,851d6a2c1d655581,0.0,0.0,0,1
1835,8520365a5c4a0232,0.0,0.0,0,1
1836,85209d249ccab203,0.0,0.0,0,1
1837,8522403f508887a8,0.0,0.0,0,1
1838,853ef2631e3ae422,0.0,0.0,0,1
1839,855edcaec4c48118,0.0,0.0,0,1
1840,856421f28a2652c1,0.0,0.0,0,1
1841,85828a66b842b472,0.0,0.0,0,1
1842,85e16d9a292a13fa,0.0,0.0,0,1
1843,85e88674d0afb3c8,0.0,0.0,0,1
1844,85f0334a36778452,0.0,0.0,0,1
1845,86118340dcf7d0a2,0.0,0.0,0,1
1846,86264ff35567c028,0.0,0.0,0,1
1847,864bb1d3a32b20b0,0.0,0.0,0,1
1848,8654044483aa1e57,0.0,0.0,0,1
1849,8677d2a917e62f15,0.0,0.0,0,1
1850,868c0d528efc2476,0.0,0.0,0,1
1851,8692bddc28d011d9,0.0,0.0,0,1
1852,86aecbc0d0d1db82,0.0,0.0,0,1
1853,86d2723247979f54,0.0,0.0,0,1
1854,86d49b4ad73ccd8d,0.0,0.0,0,1
1855,86f19dab67fe6623,0.0,0.0,0,1
1856,8713aca516a424ed,0.0,0.0,0,1
1857,873e5e161c30cd35,0.0,0.0,0,1
1858,8751510d973ffee1,0.0,0.0,0,1
1859,875b96582174a2d3,0.0,0.0,0,1
1860,876528e73a3cbfe6,0.0,0.0,0,1
1861,877437aaa416d000,0.0,0.0,0,1
1862,8776cebeaa96da97,0.0,0.0,0,1
1863,8790408db5bada22,0.0,0.0,0,1
1864,87c599280f2015fd,0.0,0.0,0,1
1865,87cfc367cd9759ff,0.0,0.0,0,1
1866,87d01fce1ad2b884,0.0,0.0,0,1
1867,87f7e9e96bdef6e4,0.0,0.0,0,1
1868,88002548f671990c,0.0,0.0,0,1
1869,8808ee4346ebaa37,0.0,0.0,0,1
1870,880d83b2f7eb9257,0.0,0.0,0,1
1871,882e9e63ce740175,0.0,0.0,0,1
1872,882fa5244f4216cc,0.0,0.0,0,1
1873,88320d65f08541e6,0.0,0.0,0,1
1874,883450d214c0ce17,0.0,0.0,0,1
1875,8839309c4c1bbc4e,0.0,0.0,0,1
1876,88507198c4831aaf,0.0,0.0,0,1
1877,8851edd996903474,0.0,0.0,0,1
1878,8859bfcc1e82c879,0.0,0.0,0,1
1879,8881f9d43542f80e,0.0,0.0,0,1
1880,88940a2b7e7616ad,0.0,0.0,0,1
1881,88a495df598f43d5,0.0,0.0,0,1
1882,88b7f2a7b03450f9,0.0,0.0,0,1
1883,88c4d6c6a72cf9ef,0.0,0.0,0,1
1884,88ceb2068a3e2d3e,0.0,0.0,0,1
1885,88d8da504c8c0d4e,0.0,0.0,0,1
1886,88e77fb5622e466d,0.0,0.0,0,1
1887,88f79b5c358ad37f,0.0,0.0,0,1
1888,8920fd02af6cb80c,0.0,0.0,0,1
1889,89315ff3c5979d17,0.0,0.0,0,1
1890,893331938d1aad07,0.0,0.0,0,1
1891,895180d24061b780,0.0,0.0,0,1
1892,8951ecb815e6cc41,0.0,0.0,0,1
1893,897570af7d41cc56,0.0,0.0,0,1
1894,897a4a10ab6af6b3,0.0,0.0,0,1
1895,89b71efd8f385309,0.0,0.0,0,1
1896,89d477f3f7d2d883,0.0,0.0,0,1
1897,8a3aaff6c4913274,0.0,0.0,0,1
1898,8a3dea134ce65f4d,0.0,0.0,0,1
1899,8a3e16c33db6aa75,0.0,0.0,0,1
1900,8a4f8f34b6cc2db0,0.0,0.0,0,1
1901,8a5d42729d9ed366,0.0,0.0,0,1
1902,8a7bbe3f7821c35f,0.0,0.0,0,1
1903,8a7be6929bbdfdc8,0.0,0.0,0,1
1904,8a7dd70b1d77e0b5,0.0,0.0,0,1
1905,8a855c9a303f6602,0.0,0.0,0,1
1906,8aa21c8c849f3aff,0.0,0.0,0,1
1907,8aaf4af2cad508d3,0.0,0.0,0,1
1908,8b30f68f8cb6ba5b,0.0,0.0,0,1
1909,8b3c62105a6a8961,0.0,0.0,0,1
1910,8b3d615d11e2a43f,0.0,0.0,0,1
1911,8b6790cfc7a16a26,0.0,0.0,0,1
1912,8b67ee7fd7c976a3,0.0,0.0,0,1
1913,8b68097d72a103f0,0.0,0.0,0,1
1914,8b6ae4153b68d5bb,0.0,0.0,0,1
1915,8ba365cfac793594,0.0,0.0,0,1
1916,8ba84d389e96c94e,0.0,0.0,0,1
1917,8bbf666041378cf8,0.0,0.0,0,1
1918,8be213e39bce8570,0.0,0.0,0,1
1919,8bed2ed9bf1d5193,0.0,0.0,0,1
1920,8bf55bf02698cfec,0.0,0.0,0,1
1921,8c06504a6eb49b0c,0.0,0.0,0,1
1922,8c08398d2e0710a8,0.0,0.0,0,1
1923,8c38e41dd42f4785,0.0,0.0,0,1
1924,8c3f1abf69fb83b9,0.0,0.0,0,1
1925,8c48fc1763077f5e,0.0,0.0,0,1
1926,8c4e0dd287856148,0.0,0.0,0,1
1927,8c55b3c83958d1b4,0.0,0.0,0,1
1928,8c6b7bd81853d26b,0.0,0.0,0,1
1929,8c916d69387280ee,0.0,0.0,0,1
1930,8cc9bde29e08c6e7,0.0,0.0,0,1
1931,8ced3e9ec3f24033,0.0,0.0,0,1
1932,8d07282a43c25331,0.0,0.0,0,1
1933,8d0e3b086ed6d21d,0.0,0.0,0,1
1934,8d218bf39287f687,0.0,0.0,0,1
1935,8d37565aa6b5e090,0.0,0.0,0,1
1936,8d489c60cd1d3ffe,0.0,0.0,0,1
1937,8d4e1f4491ec3d9c,0.0,0.0,0,1
1938,8d6299a5af50b158,0.0,0.0,0,1
1939,8da60d53654ef13e,0.0,0.0,0,1
1940,8dab162170313aa9,0.0,0.0,0,1
1941,8db802477c568502,0.0,0.0,0,1
1942,8dd035a23f20f196,0.0,0.0,0,1
1943,8dd218c945d319a5,0.0,0.0,0,1
1944,8dee191ef411d9c5,0.0,0.0,0,1
1945,8df19eae31b57a59,0.0,0.0,0,1
1946,8e1799a9b3e03180,0.0,0.0,0,1
1947,8e281072d30e8ca7,0.0,0.0,0,1
1948,8e3113e4ff54caf8,0.0,0.0,0,1
1949,8e312c07b1b83819,0.0,0.0,0,1
1950,8e7053c58d1b709d,0.0,0.0,0,1
1951,8e79ef3487484ede,0.0,0.0,0,1
1952,8e7a8d4c2448692a,0.0,0.0,0,1
1953,8e7bc27185fbc445,0.0,0.0,0,1
1954,8e7f5ae7478bb49b,0.0,0.0,0,1
1955,8ea224152780354d,0.0,0.0,0,1
1956,8ebcfb0784ab1717,0.0,0.0,0,1
1957,8ed34733a749e670,0.0,0.0,0,1
1958,8eea6230dd79cebf,0.0,0.0,0,1
1959,8ef18fdb7a78c0b5,0.0,0.0,0,1
1960,8f16159e90b4a275,0.0,0.0,0,1
1961,8f228f73fcc3307d,0.0,0.0,0,1
1962,8f2d2039111bb110,0.0,0.0,0,1
1963,8f302e91e4172734,0.0,0.0,0,1
1964,8f485dd98ce681d0,0.0,0.0,0,1
1965,8f4896d53a09cc56,0.0,0.0,0,1
1966,8f495b98ff1f802b,0.0,0.0,0,1
1967,8f60f62c2adfe73c,0.0,0.0,0,1
1968,8f6774e7d5390f48,0.0,0.0,0,1
1969,8f6964322809a5b6,0.0,0.0,0,1
1970,8faec8e1b490aec9,0.0,0.0,0,1
1971,8fceffa9a2250cb0,0.0,0.0,0,1
1972,8fd20af90baf9b54,0.0,0.0,0,1
1973,8ff0d53e70b6bd0d,0.0,0.0,0,1
1974,9002e6519a86d69a,0.0,0.0,0,1
1975,900b49b036feed33,0.0,0.0,0,1
1976,902df20c3f57190b,0.0,0.0,0,1
1977,903a084c4155dc4c,0.0,0.0,0,1
1978,908ef95c1cf59185,0.0,0.0,0,1
1979,909f379e8e075815,0.0,0.0,0,1
1980,90a47d021cc66e81,0.0,0.0,0,1
1981,9124f081ae01ed76,0.0,0.0,0,1
1982,913da594d3d4bdf6,0.0,0.0,0,1
1983,913db9efa81c682d,0.0,0.0,0,1
1984,915a8552243e9929,0.0,0.0,0,1
1985,9167bf1037469f53,0.0,0.0,0,1
1986,919131a303da29e5,0.0,0.0,0,1
1987,91b0beecb39f0d06,0.0,0.0,0,1
1988,91c663161bbd208c,0.0,0.0,0,1
1989,91cfbb7ee293961d,0.0,0.0,0,1
1990,91d7408f6d36c425,0.0,0.0,0,1
1991,91dbc5aaa04a7b27,0.0,0.0,0,1
1992,91e49cc0fb3f4aca,0.0,0.0,0,1
1993,91ebd58274d04bdd,0.0,0.0,0,1
1994,91f0e65bded4c1d2,0.0,0.0,0,1
1995,91f938a8a4ea0bfc,0.0,0.0,0,1
1996,9215b2f104baede5,0.0,0.0,0,1
1997,92172f797f278f0b,0.0,0.0,0,1
1998,921c7a2ce10dda55,0.0,0.0,0,1
1999,9235e7c98d544233,0.0,0.0,0,1
2000,923d6f4d8eaa7d38,0.0,0.0,0,1
2001,924e01bc385bab2d,0.0,0.0,0,1
2002,926d97f4dd26977a,0.0,0.0,0,1
2003,928e466ab6cdb667,0.0,0.0,0,1
2004,92a8787217d00bbf,0.0,0.0,0,1
2005,92b01935284f80ae,0.0,0.0,0,1
2006,92be64b8d295045b,0.0,0.0,0,1
2007,92cb4ee2d503a419,0.0,0.0,0,1
2008,92cf170065b61b47,0.0,0.0,0,1
2009,92e71c881eaa2c14,0.0,0.0,0,1
2010,92fe3d41e25e0447,0.0,0.0,0,1
2011,93058bf42e58d6aa,0.0,0.0,0,1
2012,930d37595736bbcf,0.0,0.0,0,1
2013,931276be60893b4d,0.0,0.0,0,1
2014,9347907e59a3c1a5,0.0,0.0,0,1
2015,93664c330f89db06,0.0,0.0,0,1
2016,9386d34196b2a6cf,0.0,0.0,0,1
2017,93a30abf828970b7,0.0,0.0,0,1
2018,93d25d87c8c8a66b,0.0,0.0,0,1
2019,93d3662def412462,0.0,0.0,0,1
2020,93e22732f77d6698,0.0,0.0,0,1
2021,93f7c39bb102d812,0.0,0.0,0,1
2022,941b5c8f55bb8895,0.0,0.0,0,1
2023,942180176b4a18cf,0.0,0.0,0,1
2024,942e3ee2d66ac56c,0.0,0.0,0,1
2025,94342e2616979eb7,0.0,0.0,0,1
2026,94368f46142b41ae,0.0,0.0,0,1
2027,943deab6b577ebac,0.0,0.0,0,1
2028,943fa4244f08a56e,0.0,0.0,0,1
2029,94a5920bc539e38f,0.0,0.0,0,1
2030,94a8980001ceac94,0.0,0.0,0,1
2031,94baf6a12a66d6e8,0.0,0.0,0,1
2032,94d0e9026d88b8ed,0.0,0.0,0,1
2033,952178a686e1e008,0.0,0.0,0,1
2034,9521d59cae609fe7,0.0,0.0,0,1
2035,9536638549429f32,0.0,0.0,0,1
2036,953b8d0bfef65e3c,0.0,0.0,0,1
2037,95433b85fbc35c85,0.0,0.0,0,1
2038,9544d3f2f67b6f10,0.0,0.0,0,1
2039,954c570fc4e6e119,0.0,0.0,0,1
2040,957614fa347adcca,0.0,0.0,0,1
2041,9594f2767fdf1cf8,0.0,0.0,0,1
2042,95aadb3bc5a6eeea,0.0,0.0,0,1
2043,95bee1c23d26f372,0.0,0.0,0,1
2044,95bfe5e8cd7d6773,0.0,0.0,0,1
2045,95f1de8bd47b0685,0.0,0.0,0,1
2046,9613f30069ef85f3,0.0,0.0,0,1
2047,961c6cf54ee2e31d,0.0,0.0,0,1
2048,961f4575dd6bf10b,0.0,0.0,0,1
2049,9636a6b52ec41f38,0.0,0.0,0,1
2050,9639ffbd69eb9723,0.0,0.0,0,1
2051,963d2d4db9137355,0.0,0.0,0,1
2052,963f0821d3aeccd1,0.0,0.0,0,1
2053,96435288ff34af61,0.0,0.0,0,1
2054,96517df5a9a230da,0.0,0.0,0,1
2055,966d08405fafcb8a,0.0,0.0,0,1
2056,9672110688a392c1,0.0,0.0,0,1
2057,968cafb570c5a5e6,0.0,0.0,0,1
2058,96a7a012f30b80e3,0.0,0.0,0,1
2059,96bd3401405eca31,0.0,0.0,0,1
2060,96dc325ca621e9d7,0.0,0.0,0,1
2061,96ec64d38c5c6a36,0.0,0.0,0,1
2062,97024978fcc15bc3,0.0,0.0,0,1
2063,9718a99e45e76dbf,0.0,0.0,0,1
2064,973235bc588f868f,0.0,0.0,0,1
2065,97387ddee61d1cb5,0.0,0.0,0,1
2066,9740f1ad7256669a,0.0,0.0,0,1
2067,9750435ece30f97a,0.0,0.0,0,1
2068,975cc0808ae59e91,0.0,0.0,0,1
2069,97713de896ea778f,0.0,0.0,0,1
2070,97826cc8e6dbd10c,0.0,0.0,0,1
2071,9794e407c2a4aac3,0.0,0.0,0,1
2072,97a4828f45604b33,0.0,0.0,0,1
2073,97b716172383aa1a,0.0,0.0,0,1
2074,97c3e5ec37dbe173,0.0,0.0,0,1
2075,97c5ef416bf025b9,0.0,0.0,0,1
2076,97cd441c7f4d69b6,0.0,0.0,0,1
2077,97d3d17121588c20,0.0,0.0,0,1
2078,97d591430e2ef7b9,0.0,0.0,0,1
2079,97ef28719aac08cc,0.0,0.0,0,1
2080,984b32e7c770570d,0.0,0.0,0,1
2081,986d44ea96d18285,0.0,0.0,0,1
2082,98918511be0eced9,0.0,0.0,0,1
2083,9894a6f7ce68fe4c,0.0,0.0,0,1
2084,9896441d910380a2,0.0,0.0,0,1
2085,98a20942eb4c5acd,0.0,0.0,0,1
2086,98a6c2f47e84bb48,0.0,0.0,0,1
2087,98bdd9cd0f94c995,0.0,0.0,0,1
2088,98c79ae6bba33a40,0.0,0.0,0,1
2089,98d614294803c6cb,0.0,0.0,0,1
2090,98d9b65270d0beed,0.0,0.0,0,1
2091,98e02f1bf98b851b,0.0,0.0,0,1
2092,98e1b8d3ace021f9,0.0,0.0,0,1
2093,98ed0c4647452b31,0.0,0.0,0,1
2094,98ef55f055ceacc0,0.0,0.0,0,1
2095,98fffb0581e0c423,0.0,0.0,0,1
2096,990d9fffa4b0ade2,0.0,0.0,0,1
2097,990e059aa46eef28,0.0,0.0,0,1
2098,991a7b76b92074c8,0.0,0.0,0,1
2099,9933ab446e276b42,0.0,0.0,0,1
2100,9941ddf7c736acbd,0.0,0.0,0,1
2101,9943140218ff5654,0.0,0.0,0,1
2102,99485aa91d818ca4,0.0,0.0,0,1
2103,994a880214dddde3,0.0,0.0,0,1
2104,99894e6720299e55,0.0,0.0,0,1
2105,998c2ba95b274ccc,0.0,0.0,0,1
2106,99989ee3b7292274,0.0,0.0,0,1
2107,9998f69da25dd82f,0.0,0.0,0,1
2108,99a1542f1c198512,0.0,0.0,0,1
2109,99a838d1d3547e4a,0.0,0.0,0,1
2110,99bb8a969f5f28cf,0.0,0.0,0,1
2111,99e2fb595e290f47,0.0,0.0,0,1
2112,99f2bc70aad39deb,0.0,0.0,0,1
2113,99f81b13ed196c2f,0.0,0.0,0,1
2114,9a03170c5d0e3864,0.0,0.0,0,1
2115,9a0580ff99c427a0,0.0,0.0,0,1
2116,9a0a778e89a69fd6,0.0,0.0,0,1
2117,9a101780d8ef9207,0.0,0.0,0,1
2118,9a3afd408073e795,0.0,0.0,0,1
2119,9a41380ca18c2a58,0.0,0.0,0,1
2120,9a6cb19ffb81901e,0.0,0.0,0,1
2121,9a73517ba641a0ae,0.0,0.0,0,1
2122,9a7ebb15dd9777b9,0.0,0.0,0,1
2123,9a86546143530289,0.0,0.0,0,1
2124,9aa680b7db5b9ae9,0.0,0.0,0,1
2125,9aade5ee08c76221,0.0,0.0,0,1
2126,9ab1cbcc4ab04258,0.0,0.0,0,1
2127,9ab222db173f1332,0.0,0.0,0,1
2128,9ab286483967ffd6,0.0,0.0,0,1
2129,9abcf095f30fade5,0.0,0.0,0,1
2130,9ac2b17963286545,0.0,0.0,0,1
2131,9ac452abfbf1449d,0.0,0.0,0,1
2132,9ae38c2cdafb4b16,0.0,0.0,0,1
2133,9afa2a6f2e607cd0,0.0,0.0,0,1
2134,9afb45d4ba6b6c35,0.0,0.0,0,1
2135,9b0e1b310e66b378,0.0,0.0,0,1
2136,9b1562b02a232e5d,0.0,0.0,0,1
2137,9b2b6f6e55330a9d,0.0,0.0,0,1
2138,9b526dcb88097d22,0.0,0.0,0,1
2139,9b5eef857ca26fbf,0.0,0.0,0,1
2140,9b61cbe361fb750d,0.0,0.0,0,1
2141,9b744cb2ba2d17cc,0.0,0.0,0,1
2142,9b7850c9f328ec63,0.0,0.0,0,1
2143,9b8024f8a95590a6,0.0,0.0,0,1
2144,9b8b2ebc3bed345c,0.0,0.0,0,1
2145,9b945fdcd4f2ce4a,0.0,0.0,0,1
2146,9b962744f2c12a66,0.0,0.0,0,1
2147,9b9d65ebe0d40034,0.0,0.0,0,1
2148,9bb29174c026f789,0.0,0.0,0,1
2149,9bd9cff53507a31f,0.0,0.0,0,1
2150,9beee650202f3676,0.0,0.0,0,1
2151,9c01907e01fce8d1,0.0,0.0,0,1
2152,9c18e3209e298ebc,0.0,0.0,0,1
2153,9c4eea77301982d5,0.0,0.0,0,1
2154,9c5374891ee10372,0.0,0.0,0,1
2155,9c70976959e9f11a,0.0,0.0,0,1
2156,9c7d5b5b585b9df6,0.0,0.0,0,1
2157,9c81c15c637cff0e,0.0,0.0,0,1
2158,9c9db0c98b523cfe,0.0,0.0,0,1
2159,9cbd8b10c66d7518,0.0,0.0,0,1
2160,9cc5014194906728,0.0,0.0,0,1
2161,9cde3d5e1b155f26,0.0,0.0,0,1
2162,9ce6b578ea914275,0.0,0.0,0,1
2163,9cf2d76427ac4ca8,0.0,0.0,0,1
2164,9cf80b754b14031a,0.0,0.0,0,1
2165,9cff3e5973023a4e,0.0,0.0,0,1
2166,9d24c5450d300d18,0.0,0.0,0,1
2167,9d5423b929b4fddc,0.0,0.0,0,1
2168,9d6c9e7bb7452999,0.0,0.0,0,1
2169,9d74245ccecf3fd8,0.0,0.0,0,1
2170,9d82840ff8ce613d,0.0,0.0,0,1
2171,9d84eb52207fe66e,0.0,0.0,0,1
2172,9d9a8a92d65272c9,0.0,0.0,0,1
2173,9d9f1f2b82878d53,0.0,0.0,0,1
2174,9dc256a7737512f6,0.0,0.0,0,1
2175,9dcee0a5b3d915ca,0.0,0.0,0,1
2176,9df44068cd141a2c,0.0,0.0,0,1
2177,9e01ff664e60808f,0.0,0.0,0,1
2178,9e053bb2f0794197,0.0,0.0,0,1
2179,9e081eecf1223e45,0.0,0.0,0,1
2180,9e0ef8767143d1be,0.0,0.0,0,1
2181,9e23df6a7227e5f4,0.0,0.0,0,1
2182,9e305fbb9fdfc342,0.0,0.0,0,1
2183,9e5aaa08830bfb49,0.0,0.0,0,1
2184,9e68b1fb3e0c292d,0.0,0.0,0,1
2185,9e908718632507e9,0.0,0.0,0,1
2186,9ec274a6701e65b6,0.0,0.0,0,1
2187,9eeddb05ef719ebb,0.0,0.0,0,1
2188,9ef3a7bc77b511fd,0.0,0.0,0,1
2189,9eff11ada6c144ec,0.0,0.0,0,1
2190,9f0d50dc2308af2f,0.0,0.0,0,1
2191,9f11387dd2eb3e18,0.0,0.0,0,1
2192,9f1f8f06841cadc5,0.0,0.0,0,1
2193,9f2aa094ca4fb393,0.0,0.0,0,1
2194,9f3bda7e3455d6a8,0.0,0.0,0,1
2195,9f3d9ad1c4290c16,0.0,0.0,0,1
2196,9f4245f1a85897d7,0.0,0.0,0,1
2197,9f542b672e7be384,0.0,0.0,0,1
2198,9f58a8d49d61fc5b,0.0,0.0,0,1
2199,9f61cf74e4095354,0.0,0.0,0,1
2200,9f695efc27312605,0.0,0.0,0,1
2201,9f709a37dd49d641,0.0,0.0,0,1
2202,9f87f13f1ada1621,0.0,0.0,0,1
2203,9f99de2150f2d9d3,0.0,0.0,0,1
2204,a013f3a8228a22e3,0.0,0.0,0,1
2205,a017658437ab0611,0.0,0.0,0,1
2206,a018bae5befd8a82,0.0,0.0,0,1
2207,a027f1e35750d0c4,0.0,0.0,0,1
2208,a029892ffe83db48,0.0,0.0,0,1
2209,a029d31941a8dc10,0.0,0.0,0,1
2210,a02e452f50e15446,0.0,0.0,0,1
2211,a04bfd75dc12364a,0.0,0.0,0,1
2212,a0768ff51b0d8574,0.0,0.0,0,1
2213,a08a9e96db6bd3d1,0.0,0.0,0,1
2214,a0c2ebccd390d79a,0.0,0.0,0,1
2215,a0f14a54b27169c4,0.0,0.0,0,1
2216,a12a857f38c4b98b,0.0,0.0,0,1
2217,a16f91f2867f3f9c,0.0,0.0,0,1
2218,a180fae4113cd8f6,0.0,0.0,0,1
2219,a1829404b308b684,0.0,0.0,0,1
2220,a188924f2cbfd917,0.0,0.0,0,1
2221,a1cde1e1151675b6,0.0,0.0,0,1
2222,a1d75e4ad6b39cb6,0.0,0.0,0,1
2223,a1da4f9f7e2aca37,0.0,0.0,0,1
2224,a1f0536df0342f4f,0.0,0.0,0,1
2225,a1f143efa2866694,0.0,0.0,0,1
2226,a1f1a4b940173deb,0.0,0.0,0,1
2227,a203750353d81aff,0.0,0.0,0,1
2228,a225d08d2d62d006,0.0,0.0,0,1
2229,a232aecc143fcfc2,0.0,0.0,0,1
2230,a2337780ad6d5a32,0.0,0.0,0,1
2231,a265c8b1217cbace,0.0,0.0,0,1
2232,a268fe26a008c9d7,0.0,0.0,0,1
2233,a271372cb0a79138,0.0,0.0,0,1
2234,a284d9f31989a183,0.0,0.0,0,1
2235,a29c20f148f573aa,0.0,0.0,0,1
2236,a2ab78b78d5e670d,0.0,0.0,0,1
2237,a2ae8d3d3b87f550,0.0,0.0,0,1
2238,a2c1eb3ef72f22f0,0.0,0.0,0,1
2239,a2d2eb34ce456bf1,0.0,0.0,0,1
2240,a2d897e64fab925d,0.0,0.0,0,1
2241,a2e638d8683440fe,0.0,0.0,0,1
2242,a2f868c7cf3770d6,0.0,0.0,0,1
2243,a2fd4d214bf7b4ab,0.0,0.0,0,1
2244,a2fde64d5b91f5d4,0.0,0.0,0,1
2245,a311f0c1f613a766,0.0,0.0,0,1
2246,a32c7b56c33088c6,0.0,0.0,0,1
2247,a342bcb17bdc54af,0.0,0.0,0,1
2248,a344a6d01cbf7686,0.0,0.0,0,1
2249,a365dd6737c06a5f,0.0,0.0,0,1
2250,a3797aa2636632a3,0.0,0.0,0,1
2251,a3940ca6b366736b,0.0,0.0,0,1
2252,a3a844460848b3af,0.0,0.0,0,1
2253,a3b94fcef32b3e8c,0.0,0.0,0,1
2254,a3bd8bf1246fa145,0.0,0.0,0,1
2255,a3ca0daaa1b8061d,0.0,0.0,0,1
2256,a3ce3262126e9ee6,0.0,0.0,0,1
2257,a404a73efe8a8152,0.0,0.0,0,1
2258,a405f2bca2ef7491,0.0,0.0,0,1
2259,a4079ed2c15cdb61,0.0,0.0,0,1
2260,a4206a54ebe9a743,0.0,0.0,0,1
2261,a421ac347f84a35d,0.0,0.0,0,1
2262,a423efd603094b8c,0.0,0.0,0,1
2263,a42e679a134cc022,0.0,0.0,0,1
2264,a4391b199e6dc40f,0.0,0.0,0,1
2265,a43fe8755b208b18,0.0,0.0,0,1
2266,a44d9675a8f16507,0.0,0.0,0,1
2267,a451fe146c137f6a,0.0,0.0,0,1
2268,a47b16a7e497e647,0.0,0.0,0,1
2269,a49c4e0ea5e277bc,0.0,0.0,0,1
2270,a4b007e698361707,0.0,0.0,0,1
2271,a4b060849c8948e6,0.0,0.0,0,1
2272,a4b319787988a3e6,0.0,0.0,0,1
2273,a4e6f45cfead7577,0.0,0.0,0,1
2274,a4e9b46cac3f5027,0.0,0.0,0,1
2275,a50f6b2c69bf9eae,0.0,0.0,0,1
2276,a524c855664ad7c5,0.0,0.0,0,1
2277,a52dead7f5751937,0.0,0.0,0,1
2278,a5393a9b2546adfb,0.0,0.0,0,1
2279,a53cdfe179a97a03,0.0,0.0,0,1
2280,a558ca6f720f0cb2,0.0,0.0,0,1
2281,a57620aba6b40343,0.0,0.0,0,1
2282,a576eeeafe440d74,0.0,0.0,0,1
2283,a578742eab2946b0,0.0,0.0,0,1
2284,a5906c7623ec12a2,0.0,0.0,0,1
2285,a5d295f5c9ed2062,0.0,0.0,0,1
2286,a5dc68dfb20bf5c6,0.0,0.0,0,1
2287,a5e2431d6dd07df0,0.0,0.0,0,1
2288,a5eff1df080676d1,0.0,0.0,0,1
2289,a628a712391abfa7,0.0,0.0,0,1
2290,a639b5fe479d8bba,0.0,0.0,0,1
2291,a64e9e822dd61896,0.0,0.0,0,1
2292,a662acee02c65633,0.0,0.0,0,1
2293,a68e36ab7cc5cf85,0.0,0.0,0,1
2294,a69d5e129cc38e1a,0.0,0.0,0,1
2295,a69dab239059ad22,0.0,0.0,0,1
2296,a6a7d4d6327421aa,0.0,0.0,0,1
2297,a6b21952776a4315,0.0,0.0,0,1
2298,a6cfca3cfa13b52f,0.0,0.0,0,1
2299,a6f4da5387261506,0.0,0.0,0,1
2300,a6ff5ae55e2ca4d5,0.0,0.0,0,1
2301,a716507039566dd9,0.0,0.0,0,1
2302,a753c9551f274318,0.0,0.0,0,1
2303,a7594ac23cf72dbf,0.0,0.0,0,1
2304,a7653a6dd214334e,0.0,0.0,0,1
2305,a793659b068064d2,0.0,0.0,0,1
2306,a7a5f2f744a63e59,0.0,0.0,0,1
2307,a7acba2fbde3e692,0.0,0.0,0,1
2308,a7b779651fcec696,0.0,0.0,0,1
2309,a7ca5fe4d8bdd5a4,0.0,0.0,0,1
2310,a7d603e1bc04c843,0.0,0.0,0,1
2311,a7ddc8f1d64d791c,0.0,0.0,0,1
2312,a7de46ff4005c438,0.0,0.0,0,1
2313,a80a9e219f83969f,0.0,0.0,0,1
2314,a80ea160baa9376d,0.0,0.0,0,1
2315,a815c5abc066c2e0,0.0,0.0,0,1
2316,a828b3f08487ba8a,0.0,0.0,0,1
2317,a84dbd233f18c400,0.0,0.0,0,1
2318,a8629041deaf4b3a,0.0,0.0,0,1
2319,a876a20ba3cc6e04,0.0,0.0,0,1
2320,a87a020c30fd936f,0.0,0.0,0,1
2321,a88d878ab31e9de3,0.0,0.0,0,1
2322,a8a88f6ad70fc376,0.0,0.0,0,1
2323,a8db659c7e7faf92,0.0,0.0,0,1
2324,a8dd8dc96fdb1445,0.0,0.0,0,1
2325,a8f66f8684bf269f,0.0,0.0,0,1
2326,a8fbb5e3c5400c9b,0.0,0.0,0,1
2327,a8feeef49f6dec22,0.0,0.0,0,1
2328,a90619f131a9c8be,0.0,0.0,0,1
2329,a90d0f25bd096239,0.0,0.0,0,1
2330,a90ddbeb09d50e1a,0.0,0.0,0,1
2331,a91e205c3a2e8a2b,0.0,0.0,0,1
2332,a91f08490b8dfd99,0.0,0.0,0,1
2333,a93a20974a3fcd4c,0.0,0.0,0,1
2334,a9464aa381cf7fd7,0.0,0.0,0,1
2335,a9469023563d8a4c,0.0,0.0,0,1
2336,a95d048b782853de,0.0,0.0,0,1
2337,a9627f7c6d091287,0.0,0.0,0,1
2338,a976e56a60eca8c3,0.0,0.0,0,1
2339,a97e1e558c30d7fa,0.0,0.0,0,1
2340,a9ab2f21682329ed,0.0,0.0,0,1
2341,a9b5c2c930b5a262,0.0,0.0,0,1
2342,a9bd40d6f8f14ef1,0.0,0.0,0,1
2343,a9c893018a46ce65,0.0,0.0,0,1
2344,a9ca75285e3461e1,0.0,0.0,0,1
2345,a9ef879b278ce02b,0.0,0.0,0,1
2346,aa0f4e5c6a8e8303,0.0,0.0,0,1
2347,aa14c03ed13662b5,0.0,0.0,0,1
2348,aa2d501b1743e647,0.0,0.0,0,1
2349,aa389e3d38827549,0.0,0.0,0,1
2350,aa4776a0589d5739,0.0,0.0,0,1
2351,aa507774da34c40c,0.0,0.0,0,1
2352,aa9f4e051d7a68c6,0.0,0.0,0,1
2353,aabdddea2250ead1,0.0,0.0,0,1
2354,aac0de8f1f0d0113,0.0,0.0,0,1
2355,aac3e14d50693f8c,0.0,0.0,0,1
2356,aac5cae6e90fa3c6,0.0,0.0,0,1
2357,aacd00565e6ae235,0.0,0.0,0,1
2358,aae31b482497eb81,0.0,0.0,0,1
2359,aaee65b461cf345c,0.0,0.0,0,1
2360,aaeec5da5d52ba69,0.0,0.0,0,1
2361,ab1060395571d1f0,0.0,0.0,0,1
2362,ab1a31c0559a68e1,0.0,0.0,0,1
2363,ab279ec5211c464d,0.0,0.0,0,1
2364,ab33f332fdaba6e4,0.0,0.0,0,1
2365,ab40954bfd1fd092,0.0,0.0,0,1
2366,ab6832b2864ef509,0.0,0.0,0,1
2367,ab6a505670306d27,0.0,0.0,0,1
2368,ab76c98b77d944e6,0.0,0.0,0,1
2369,ab7ed5ba28142904,0.0,0.0,0,1
2370,ab92399ea5ee626b,0.0,0.0,0,1
2371,aba2301ca3b83a00,0.0,0.0,0,1
2372,abb626f68d3212e9,0.0,0.0,0,1
2373,ac0a51934c495c69,0.0,0.0,0,1
2374,ac418cab62c75057,0.0,0.0,0,1
2375,ac457d3d1717a44f,0.0,0.0,0,1
2376,ac491c77c2cbd573,0.0,0.0,0,1
2377,ac496e8f3cf1c0d1,0.0,0.0,0,1
2378,ac66842899aa5019,0.0,0.0,0,1
2379,ac6d239cec308893,0.0,0.0,0,1
2380,ac8ff201beb94062,0.0,0.0,0,1
2381,ac9710e76c918b04,0.0,0.0,0,1
2382,aca0001ac5e9107e,0.0,0.0,0,1
2383,aca2075483500b8f,0.0,0.0,0,1
2384,aca2b62cea80b118,0.0,0.0,0,1
2385,acb5690d5c9fba04,0.0,0.0,0,1
2386,acc02756057f76a0,0.0,0.0,0,1
2387,acd27c579ba08682,0.0,0.0,0,1
2388,ad1eb716e4ae06aa,0.0,0.0,0,1
2389,ad36f825a84869ca,0.0,0.0,0,1
2390,ad91030c86c48fd4,0.0,0.0,0,1
2391,ad9a578ad42c9c08,0.0,0.0,0,1
2392,adce25efc0cfff07,0.0,0.0,0,1
2393,adea79f62c13cda6,0.0,0.0,0,1
2394,ae0a16763031d358,0.0,0.0,0,1
2395,ae0c6be28d0a9ef8,0.0,0.0,0,1
2396,ae0cd21d932ccb69,0.0,0.0,0,1
2397,ae1462d82e50d74f,0.0,0.0,0,1
2398,ae2e0e9150041a80,0.0,0.0,0,1
2399,ae5e8729501553ce,0.0,0.0,0,1
2400,ae61ecdd025d581a,0.0,0.0,0,1
2401,ae8b26164e63e72d,0.0,0.0,0,1
2402,ae8e80fc503c53d6,0.0,0.0,0,1
2403,ae99a71f55b4ca6e,0.0,0.0,0,1
2404,aea54f821ce0ee06,0.0,0.0,0,1
2405,aeb09f39fc0a9d8c,0.0,0.0,0,1
2406,aeb54a4ad4782ff0,0.0,0.0,0,1
2407,aed6d3993267ebe4,0.0,0.0,0,1
2408,aedcde6bf7f6ca57,0.0,0.0,0,1
2409,aeec18868244186e,0.0,0.0,0,1
2410,af01a874ed65f561,0.0,0.0,0,1
2411,af21bae4f25f31cb,0.0,0.0,0,1
2412,af3190b1ac845f51,0.0,0.0,0,1
2413,af469c9c39d9fcd7,0.0,0.0,0,1
2414,af4b8289d5f45bc7,0.0,0.0,0,1
2415,af54c1da25d13035,0.0,0.0,0,1
2416,af5ca6d84adb4592,0.0,0.0,0,1
2417,af6c5fce442bdc0b,0.0,0.0,0,1
2418,af819760ddce84c9,0.0,0.0,0,1
2419,af90c800a3568c5c,0.0,0.0,0,1
2420,af9c00c90853e46c,0.0,0.0,0,1
2421,afb1eda5149f6c74,0.0,0.0,0,1
2422,afd22381258fcb8e,0.0,0.0,0,1
2423,afd8cc714704355a,0.0,0.0,0,1
2424,afdacb26e5ed782a,0.0,0.0,0,1
2425,afde587d963e9797,0.0,0.0,0,1
2426,afe2e63a5705c42f,0.0,0.0,0,1
2427,afefe98069e4fe43,0.0,0.0,0,1
2428,aff8442e004bafa8,0.0,0.0,0,1
2429,b00acb4038bc3184,0.0,0.0,0,1
2430,b011f71ad65d72b3,0.0,0.0,0,1
2431,b014fc4be437e46a,0.0,0.0,0,1
2432,b01ffef77fb5cbc4,0.0,0.0,0,1
2433,b02e7b88599449e4,0.0,0.0,0,1
2434,b0349c03583b9707,0.0,0.0,0,1
2435,b037e3648e19c455,0.0,0.0,0,1
2436,b0616cfca48c6808,0.0,0.0,0,1
2437,b06822def458c86a,0.0,0.0,0,1
2438,b089816e76da9594,0.0,0.0,0,1
2439,b08ede45fd1e14b0,0.0,0.0,0,1
2440,b0985fe44320ad9d,0.0,0.0,0,1
2441,b0cc5c38097e093d,0.0,0.0,0,1
2442,b0e1b99d0886a6bb,0.0,0.0,0,1
2443,b10bb7cec41e8a07,0.0,0.0,0,1
2444,b10eae06f01ba51e,0.0,0.0,0,1
2445,b115707dce58b887,0.0,0.0,0,1
2446,b13b3656b0274d08,0.0,0.0,0,1
2447,b14378a638b4c414,0.0,0.0,0,1
2448,b148033aab83a09c,0.0,0.0,0,1
2449,b16772ea4add1bb9,0.0,0.0,0,1
2450,b173d74c67ff820d,0.0,0.0,0,1
2451,b179d701eb005c4c,0.0,0.0,0,1
2452,b19170492ad2ab15,0.0,0.0,0,1
2453,b19bbede1f1adf1f,0.0,0.0,0,1
2454,b1a75b162c696550,0.0,0.0,0,1
2455,b1b54e4f97ffdd0a,0.0,0.0,0,1
2456,b1be368521af9040,0.0,0.0,0,1
2457,b1befbecd0198c57,0.0,0.0,0,1
2458,b1d6ada6b911dbee,0.0,0.0,0,1
2459,b1efe571c659d1c9,0.0,0.0,0,1
2460,b1f181fc5635963d,0.0,0.0,0,1
2461,b20b52f2e447dacb,0.0,0.0,0,1
2462,b21d16a1a2c8d539,0.0,0.0,0,1
2463,b22883de7d642abf,0.0,0.0,0,1
2464,b22fb5e6b02ddc6b,0.0,0.0,0,1
2465,b242aef72f2d2335,0.0,0.0,0,1
2466,b248502c9b71bc1a,0.0,0.0,0,1
2467,b25f29ff3b3d2b6b,0.0,0.0,0,1
2468,b297ff657a307be6,0.0,0.0,0,1
2469,b29cc0af41478fa1,0.0,0.0,0,1
2470,b2ac0e8f3e5d8e12,0.0,0.0,0,1
2471,b2ffbfb6799d9ab1,0.0,0.0,0,1
2472,b32753f0fbe869f7,0.0,0.0,0,1
2473,b349e68d617afc9f,0.0,0.0,0,1
2474,b361cd07da58a24d,0.0,0.0,0,1
2475,b37abc940037e44a,0.0,0.0,0,1
2476,b38cc44aecb2eacb,0.0,0.0,0,1
2477,b3b370c4e287a290,0.0,0.0,0,1
2478,b3d0aca5cd6ba60f,0.0,0.0,0,1
2479,b3ddfeded64a2e70,0.0,0.0,0,1
2480,b3e1bf9bdaf958d5,0.0,0.0,0,1
2481,b3e8161bd9402425,0.0,0.0,0,1
2482,b3f5881fb38d78f0,0.0,0.0,0,1
2483,b3f5f69bea1e50d7,0.0,0.0,0,1
2484,b3f67e737e1a0ebb,0.0,0.0,0,1
2485,b425b309342d9994,0.0,0.0,0,1
2486,b43171677697125f,0.0,0.0,0,1
2487,b438cc098b92823d,0.0,0.0,0,1
2488,b475a270828d2e17,0.0,0.0,0,1
2489,b496de6fd16ca691,0.0,0.0,0,1
2490,b4a5c9949363db3b,0.0,0.0,0,1
2491,b4bfdf0ab5ead46a,0.0,0.0,0,1
2492,b4c354ca487a7962,0.0,0.0,0,1
2493,b4c40034db07ea38,0.0,0.0,0,1
2494,b520118a0db09b4b,0.0,0.0,0,1
2495,b521751b608f3d4b,0.0,0.0,0,1
2496,b5290b3285bb6c47,0.0,0.0,0,1
2497,b54509162137a883,0.0,0.0,0,1
2498,b54efe9c278e7c40,0.0,0.0,0,1
2499,b563637db4a36199,0.0,0.0,0,1
2500,b5691df897b76fa4,0.0,0.0,0,1
2501,b56b4be2b83352eb,0.0,0.0,0,1
2502,b582597d8c4780da,0.0,0.0,0,1
2503,b59d0b1c183a67a7,0.0,0.0,0,1
2504,b5c4a47dc7c4eab3,0.0,0.0,0,1
2505,b5ed33026caf1288,0.0,0.0,0,1
2506,b5fbfb72e64bfdbe,0.0,0.0,0,1
2507,b624b459cff81af9,0.0,0.0,0,1
2508,b62dbc1638402328,0.0,0.0,0,1
2509,b62ddaae11f00df1,0.0,0.0,0,1
2510,b631189b3615be0b,0.0,0.0,0,1
2511,b6316d6d262c634e,0.0,0.0,0,1
2512,b632a3455529a931,0.0,0.0,0,1
2513,b63c94cdb4380fef,0.0,0.0,0,1
2514,b66510aa6eb42819,0.0,0.0,0,1
2515,b6b5626af4f35352,0.0,0.0,0,1
2516,b6b59681d9ba298d,0.0,0.0,0,1
2517,b6be460c852b2980,0.0,0.0,0,1
2518,b6cf069e7ff411bc,0.0,0.0,0,1
2519,b6d938a3aa3d2532,0.0,0.0,0,1
2520,b70c7622e81c3fe1,0.0,0.0,0,1
2521,b70d29e92d557478,0.0,0.0,0,1
2522,b7113daec33ffb28,0.0,0.0,0,1
2523,b7138265751e78c3,0.0,0.0,0,1
2524,b71d90c4a634c806,0.0,0.0,0,1
2525,b727323edcbd583e,0.0,0.0,0,1
2526,b7285c397962e08c,0.0,0.0,0,1
2527,b72f33c3d914fef3,0.0,0.0,0,1
2528,b7394f5eaa7cfc76,0.0,0.0,0,1
2529,b73cd089ac84bedd,0.0,0.0,0,1
2530,b73e7b369c61f2d4,0.0,0.0,0,1
2531,b7542831e7002192,0.0,0.0,0,1
2532,b75c92c0234c5cc3,0.0,0.0,0,1
2533,b766bf4233f7def3,0.0,0.0,0,1
2534,b7777fe8baa47239,0.0,0.0,0,1
2535,b77c0810323b1047,0.0,0.0,0,1
2536,b78b7a6cb1bbba56,0.0,0.0,0,1
2537,b78d98124645a9b7,0.0,0.0,0,1
2538,b79c0c92e5ac050a,0.0,0.0,0,1
2539,b7a22c6b1bad3180,0.0,0.0,0,1
2540,b7d3135ddb994f11,0.0,0.0,0,1
2541,b7e5b1d509ee4225,0.0,0.0,0,1
2542,b7eb42e67851b669,0.0,0.0,0,1
2543,b8163511a3867dbc,0.0,0.0,0,1
2544,b82c8d8a1e5ed81e,0.0,0.0,0,1
2545,b836b00bef6fc55c,0.0,0.0,0,1
2546,b842fae31ea78978,0.0,0.0,0,1
2547,b848f50adfc5d456,0.0,0.0,0,1
2548,b86828c573138ea7,0.0,0.0,0,1
2549,b87c43da263c1526,0.0,0.0,0,1
2550,b88c5e2a0f176ad5,0.0,0.0,0,1
2551,b8da7c4024b52f66,0.0,0.0,0,1
2552,b8e71886308f9861,0.0,0.0,0,1
2553,b8f93c5338f9c1ce,0.0,0.0,0,1
2554,b907acff7bd2999c,0.0,0.0,0,1
2555,b925e0abe5eb94e7,0.0,0.0,0,1
2556,b92fb816a0037d3e,0.0,0.0,0,1
2557,b9390fac85070679,0.0,0.0,0,1
2558,b93a4af5a7a0f289,0.0,0.0,0,1
2559,b93b5c2a54289318,0.0,0.0,0,1
2560,b94e4090f663a5af,0.0,0.0,0,1
2561,b966097a1ca8ced4,0.0,0.0,0,1
2562,b9760473b316cfd1,0.0,0.0,0,1
2563,b97701bf4b95d6da,0.0,0.0,0,1
2564,b988906157a29510,0.0,0.0,0,1
2565,b98d17d78e94082d,0.0,0.0,0,1
2566,b99cb76e4f004d96,0.0,0.0,0,1
2567,b9a0e2513045f281,0.0,0.0,0,1
2568,b9c2f649e73f4a75,0.0,0.0,0,1
2569,b9c7f8ea0de8d180,0.0,0.0,0,1
2570,b9e51b3449c6d475,0.0,0.0,0,1
2571,b9f135d6c3250297,0.0,0.0,0,1
2572,ba0255418737f0bf,0.0,0.0,0,1
2573,ba18596f2079b4d8,0.0,0.0,0,1
2574,ba1c4a8b1add8dae,0.0,0.0,0,1
2575,baa49c5fbd37be0b,0.0,0.0,0,1
2576,baa7852e05c4dfab,0.0,0.0,0,1
2577,baad00522e01b524,0.0,0.0,0,1
2578,bab29c9deef65275,0.0,0.0,0,1
2579,bac10782e08fac65,0.0,0.0,0,1
2580,bacb6bccd03ac429,0.0,0.0,0,1
2581,bae18823f19c209c,0.0,0.0,0,1
2582,bb04361b9d39c5d6,0.0,0.0,0,1
2583,bb29018f878f3d7c,0.0,0.0,0,1
2584,bb373dbc9768be9d,0.0,0.0,0,1
2585,bb50c7767fdc8aeb,0.0,0.0,0,1
2586,bb6470d27f5056be,0.0,0.0,0,1
2587,bb851ed0f323c961,0.0,0.0,0,1
2588,bb8912f53d3591b8,0.0,0.0,0,1
2589,bb95055124c2edfe,0.0,0.0,0,1
2590,bbae7099f22cd75c,0.0,0.0,0,1
2591,bbdd48afc45bb9a1,0.0,0.0,0,1
2592,bbf3c5e655a23e44,0.0,0.0,0,1
2593,bc01b3acf8ab4312,0.0,0.0,0,1
2594,bc0a0039e12de917,0.0,0.0,0,1
2595,bc101abcd373adc8,0.0,0.0,0,1
2596,bc118a79f7ff6ebc,0.0,0.0,0,1
2597,bc2599b0b34a7323,0.0,0.0,0,1
2598,bc4d7355f65b064a,0.0,0.0,0,1
2599,bc69123ddd3a35b1,0.0,0.0,0,1
2600,bc70f47b4e7f2667,0.0,0.0,0,1
2601,bc7d64dcd870e458,0.0,0.0,0,1
2602,bc86a3a720d8daf0,0.0,0.0,0,1
2603,bc884f4635851bc3,0.0,0.0,0,1
2604,bc98b2962e492797,0.0,0.0,0,1
2605,bc9bf44e96f0867a,0.0,0.0,0,1
2606,bcacb8ed343d0e4f,0.0,0.0,0,1
2607,bcb85160653317ab,0.0,0.0,0,1
2608,bcba1d74c2cd5499,0.0,0.0,0,1
2609,bcbc88ce5f4bb080,0.0,0.0,0,1
2610,bce24cd815ba49f1,0.0,0.0,0,1
2611,bcf62bdd0dd0045a,0.0,0.0,0,1
2612,bd0dbc2ae1abd717,0.0,0.0,0,1
2613,bd265c47cf6d0dec,0.0,0.0,0,1
2614,bd299b9e8710ac23,0.0,0.0,0,1
2615,bd39f2131a50aec3,0.0,0.0,0,1
2616,bd3b83fde9cbe0b6,0.0,0.0,0,1
2617,bd5578ee4bf12a1f,0.0,0.0,0,1
2618,bd7b732638048391,0.0,0.0,0,1
2619,bd854515b9e45c2f,0.0,0.0,0,1
2620,bd9db7dc7b006f2b,0.0,0.0,0,1
2621,bd9dcb4fe4014ffd,0.0,0.0,0,1
2622,bda30f67575a9abe,0.0,0.0,0,1
2623,bdbda59d728715d4,0.0,0.0,0,1
2624,bddc1c380061ce1e,0.0,0.0,0,1
2625,bddc5dad2c22c02c,0.0,0.0,0,1
2626,be0f9f0f90269483,0.0,0.0,0,1
2627,be17f0dae44fd465,0.0,0.0,0,1
2628,be2c577f059dc3a4,0.0,0.0,0,1
2629,be3b9eaf635edddb,0.0,0.0,0,1
2630,be74052ee2d53d3a,0.0,0.0,0,1
2631,be92bc71dc3bd1cf,0.0,0.0,0,1
2632,be943adabb3eef28,0.0,0.0,0,1
2633,bebf96fe56f66787,0.0,0.0,0,1
2634,bee1c29d61990d21,0.0,0.0,0,1
2635,bef2a6cd84a87b7e,0.0,0.0,0,1
2636,bef886ce857e82c6,0.0,0.0,0,1
2637,bf125851c6c7c842,0.0,0.0,0,1
2638,bf15fff2694715f9,0.0,0.0,0,1
2639,bf3cd8df06adf1c7,0.0,0.0,0,1
2640,bf3d8fcbc770e8fe,0.0,0.0,0,1
2641,bf4308e0e2e54d29,0.0,0.0,0,1
2642,bf43a8ef0a668954,0.0,0.0,0,1
2643,bf56a0ab3f5764fb,0.0,0.0,0,1
2644,bf72bf4542e8cc28,0.0,0.0,0,1
2645,bf8f8d72cc530446,0.0,0.0,0,1
2646,bfa149a67ef5f757,0.0,0.0,0,1
2647,bface919f44c80f7,0.0,0.0,0,1
2648,bfb2f708bbe81f62,0.0,0.0,0,1
2649,bfc55567b25521fe,0.0,0.0,0,1
2650,bfee7315df48988b,0.0,0.0,0,1
2651,c00e759fa6da9f35,0.0,0.0,0,1
2652,c0267ef5092616a9,0.0,0.0,0,1
2653,c02e06492d567544,0.0,0.0,0,1
2654,c053dc126241055f,0.0,0.0,0,1
2655,c074bf7f8d77fdf0,0.0,0.0,0,1
2656,c079b1e7b496c88e,0.0,0.0,0,1
2657,c07bb52167277208,0.0,0.0,0,1
2658,c07e26a56a3141f4,0.0,0.0,0,1
2659,c092c60ba3649055,0.0,0.0,0,1
2660,c0b8463c95d27f28,0.0,0.0,0,1
2661,c0bc7061fb45cb84,0.0,0.0,0,1
2662,c0e1694e5428e2dd,0.0,0.0,0,1
2663,c0e34a3658403119,0.0,0.0,0,1
2664,c0e364ce4be1c0a3,0.0,0.0,0,1
2665,c0f6e65c47b4c796,0.0,0.0,0,1
2666,c0fbc43022c9b306,0.0,0.0,0,1
2667,c149db7c7b09450f,0.0,0.0,0,1
2668,c1609fb493dc43d7,0.0,0.0,0,1
2669,c18dc9b0ca050244,0.0,0.0,0,1
2670,c1ac6731d1381498,0.0,0.0,0,1
2671,c1cace31c867c45a,0.0,0.0,0,1
2672,c1de8a13c4bf9b07,0.0,0.0,0,1
2673,c1ec2770081ee089,0.0,0.0,0,1
2674,c1f2c92937a80b65,0.0,0.0,0,1
2675,c1fcedcded4e2cd7,0.0,0.0,0,1
2676,c2044d327f2e696d,0.0,0.0,0,1
2677,c20a7bc6dce3db11,0.0,0.0,0,1
2678,c215d2f605e39d38,0.0,0.0,0,1
2679,c2375c405de88c72,0.0,0.0,0,1
2680,c25795f2ccb774f6,0.0,0.0,0,1
2681,c27a9f18748f1875,0.0,0.0,0,1
2682,c2ada09e8c71d82a,0.0,0.0,0,1
2683,c2bc7bf0ede2b6dc,0.0,0.0,0,1
2684,c2dfb99cc79087c8,0.0,0.0,0,1
2685,c2e056deb0db2329,0.0,0.0,0,1
2686,c2fec83ccea95733,0.0,0.0,0,1
2687,c2ff1d6e2cde29ba,0.0,0.0,0,1
2688,c32268484059c60f,0.0,0.0,0,1
2689,c32b580cfac3d1cd,0.0,0.0,0,1
2690,c337e111e1575e35,0.0,0.0,0,1
2691,c343c3a31177f17b,0.0,0.0,0,1
2692,c35711f6909d00ce,0.0,0.0,0,1
2693,c36557a8544ba44e,0.0,0.0,0,1
2694,c36f20a97c46ce70,0.0,0.0,0,1
2695,c3ccd6e1da5d3e44,0.0,0.0,0,1
2696,c3e3681c14292177,0.0,0.0,0,1
2697,c3ee892fbef33bf0,0.0,0.0,0,1
2698,c3f0b6bce8cdddd4,0.0,0.0,0,1
2699,c3f186fbf47219bb,0.0,0.0,0,1
2700,c3f7298381c9937e,0.0,0.0,0,1
2701,c410d8a70978578b,0.0,0.0,0,1
2702,c415c37ffd5005d5,0.0,0.0,0,1
2703,c419b328dc57d56f,0.0,0.0,0,1
2704,c43373fd9ea8fdaf,0.0,0.0,0,1
2705,c439318d2eea88d2,0.0,0.0,0,1
2706,c453d6218835ad75,0.0,0.0,0,1
2707,c4647f67c38ee955,0.0,0.0,0,1
2708,c4769b520ab0d337,0.0,0.0,0,1
2709,c486281cf2a4afa2,0.0,0.0,0,1
2710,c486eae1fde41929,0.0,0.0,0,1
2711,c4a7ee75db5b9423,0.0,0.0,0,1
2712,c4a8f0c6f7f24fbb,0.0,0.0,0,1
2713,c4ab27e95b0fa7fb,0.0,0.0,0,1
2714,c4adfb697a4e015e,0.0,0.0,0,1
2715,c4b88911d28cba22,0.0,0.0,0,1
2716,c4f6fd4433b46b6c,0.0,0.0,0,1
2717,c4fcdbcffb055c81,0.0,0.0,0,1
2718,c502b831b3413315,0.0,0.0,0,1
2719,c52923d74a9621d1,0.0,0.0,0,1
2720,c52a9d3d70de0760,0.0,0.0,0,1
2721,c5340d013d75ce28,0.0,0.0,0,1
2722,c53ce4c3a7216dba,0.0,0.0,0,1
2723,c550bdb180f10943,0.0,0.0,0,1
2724,c556fda5bfa4d112,0.0,0.0,0,1
2725,c55e40a3c6b0bca2,0.0,0.0,0,1
2726,c57548195cbabd10,0.0,0.0,0,1
2727,c57905a1381a487f,0.0,0.0,0,1
2728,c58d00a542748f5f,0.0,0.0,0,1
2729,c5a46ac43ac8f108,0.0,0.0,0,1
2730,c5cf3af6a1602094,0.0,0.0,0,1
2731,c5d25978187a74a9,0.0,0.0,0,1
2732,c5db050e69bd4d18,0.0,0.0,0,1
2733,c603c39c89f35cfa,0.0,0.0,0,1
2734,c60b7b3b99af79d6,0.0,0.0,0,1
2735,c6298efbc52dd19d,0.0,0.0,0,1
2736,c635a1235add96ff,0.0,0.0,0,1
2737,c64c8e34666e183a,0.0,0.0,0,1
2738,c64f1083d0843489,0.0,0.0,0,1
2739,c67807509159af03,0.0,0.0,0,1
2740,c67f3a4f7e2111be,0.0,0.0,0,1
2741,c687f09c019649a3,0.0,0.0,0,1
2742,c68bf6074885b5a3,0.0,0.0,0,1
2743,c68c1a70a9dda949,0.0,0.0,0,1
2744,c6918fdb938c8c77,0.0,0.0,0,1
2745,c69702fe393b1564,0.0,0.0,0,1
2746,c698094daf874e18,0.0,0.0,0,1
2747,c6dc117aa9ce5ee0,0.0,0.0,0,1
2748,c71ab89fe9be63c5,0.0,0.0,0,1
2749,c723516e370662a8,0.0,0.0,0,1
2750,c726794cee6eb79d,0.0,0.0,0,1
2751,c75b14a2facbab66,0.0,0.0,0,1
2752,c77d23d69b5c67dc,0.0,0.0,0,1
2753,c788b73b973ea428,0.0,0.0,0,1
2754,c796a7a5b9b7ccb8,0.0,0.0,0,1
2755,c7bd6db9f6029b33,0.0,0.0,0,1
2756,c7d923c67eb689e2,0.0,0.0,0,1
2757,c7eb2a2eb104c17a,0.0,0.0,0,1
2758,c7f37ce3bc0bdf98,0.0,0.0,0,1
2759,c7f687907b8f2888,0.0,0.0,0,1
2760,c802e3ef7501151d,0.0,0.0,0,1
2761,c814ab34044ebf2e,0.0,0.0,0,1
2762,c8216b1f5ff0124a,0.0,0.0,0,1
2763,c8226c9498cb0559,0.0,0.0,0,1
2764,c82894ee43690ac5,0.0,0.0,0,1
2765,c838dd7ad53825c1,0.0,0.0,0,1
2766,c83e3f33b63065ca,0.0,0.0,0,1
2767,c840c3f892d27b59,0.0,0.0,0,1
2768,c85dc26e4d738637,0.0,0.0,0,1
2769,c88383ae6247c02d,0.0,0.0,0,1
2770,c888b3859a39814c,0.0,0.0,0,1
2771,c88aefb55bc88cc0,0.0,0.0,0,1
2772,c89c9f58134619f2,0.0,0.0,0,1
2773,c8d45a3fe25b95fc,0.0,0.0,0,1
2774,c8d98d277faf2181,0.0,0.0,0,1
2775,c91dba8275337ea2,0.0,0.0,0,1
2776,c9350b19c339dce6,0.0,0.0,0,1
2777,c95c91de69197cc1,0.0,0.0,0,1
2778,c95d9d110a194e02,0.0,0.0,0,1
2779,c974d7cf48761782,0.0,0.0,0,1
2780,c9792eae92654304,0.0,0.0,0,1
2781,c98b0c7cbe5cc224,0.0,0.0,0,1
2782,c991a7aa5f00b011,0.0,0.0,0,1
2783,c9b8856b4fcfed5c,0.0,0.0,0,1
2784,c9baf9eaf46dfbba,0.0,0.0,0,1
2785,c9dc1b1768c917d6,0.0,0.0,0,1
2786,c9e20df49e87269a,0.0,0.0,0,1
2787,ca0f1d4465f8f342,0.0,0.0,0,1
2788,ca2b0cc78edff32b,0.0,0.0,0,1
2789,ca318a7d00998f81,0.0,0.0,0,1
2790,ca31c6eab3703ff5,0.0,0.0,0,1
2791,ca35ab200d93af50,0.0,0.0,0,1
2792,ca38d92de9de0a72,0.0,0.0,0,1
2793,ca4398614b7b9e0f,0.0,0.0,0,1
2794,ca48c4052e1ac06a,0.0,0.0,0,1
2795,ca5d5e6244f52bcd,0.0,0.0,0,1
2796,ca5da93497c73b5e,0.0,0.0,0,1
2797,ca640232e68dc34b,0.0,0.0,0,1
2798,ca6a88f97affaccd,0.0,0.0,0,1
2799,ca84bdefc53ccf84,0.0,0.0,0,1
2800,ca8f73d68cdf3000,0.0,0.0,0,1
2801,ca93d505f9086b89,0.0,0.0,0,1
2802,ca9bf0496752300d,0.0,0.0,0,1
2803,cab683298d730ac5,0.0,0.0,0,1
2804,caba96bc94d5aa69,0.0,0.0,0,1
2805,cac59ec216a90be4,0.0,0.0,0,1
2806,cae2193bd62f0393,0.0,0.0,0,1
2807,cb0ca9e6f630641f,0.0,0.0,0,1
2808,cb1b842e3400179c,0.0,0.0,0,1
2809,cb4ba5d07f1510cc,0.0,0.0,0,1
2810,cb6f102603f8e51b,0.0,0.0,0,1
2811,cb74dbf259de48db,0.0,0.0,0,1
2812,cb8ad63faab50952,0.0,0.0,0,1
2813,cb8bbbb52e5c420a,0.0,0.0,0,1
2814,cba5459ce9b61ba4,0.0,0.0,0,1
2815,cba7775d9a72f1eb,0.0,0.0,0,1
2816,cbae927c62226cf6,0.0,0.0,0,1
2817,cbf6bcbac9198a7b,0.0,0.0,0,1
2818,cbf71b93dbfec504,0.0,0.0,0,1
2819,cbfb9a46fa213938,0.0,0.0,0,1
2820,cc0941d12b7edabd,0.0,0.0,0,1
2821,cc0b7459da9e8be4,0.0,0.0,0,1
2822,cc1895adcd4953d0,0.0,0.0,0,1
2823,cc45ca19054ebbed,0.0,0.0,0,1
2824,cc6006c204f34797,0.0,0.0,0,1
2825,cc635d8a85bd52ed,0.0,0.0,0,1
2826,cc9e4c1d48abaaa6,0.0,0.0,0,1
2827,ccc360f0a0bee739,0.0,0.0,0,1
2828,cccaffe50492308e,0.0,0.0,0,1
2829,ccdba24de5e2e338,0.0,0.0,0,1
2830,ccefd14e42a81783,0.0,0.0,0,1
2831,ccf2d923a9a69151,0.0,0.0,0,1
2832,ccff6214c37da5a2,0.0,0.0,0,1
2833,cd0a7f23b72dbef5,0.0,0.0,0,1
2834,cd0eb76394531999,0.0,0.0,0,1
2835,cd6c694e1b1f5fff,0.0,0.0,0,1
2836,cd70064be20551a8,0.0,0.0,0,1
2837,cd77150a9e67441d,0.0,0.0,0,1
2838,cd7914ef139f10e5,0.0,0.0,0,1
2839,cd8f7fc0a940ee67,0.0,0.0,0,1
2840,cdd3ce1095cbab82,0.0,0.0,0,1
2841,cde20e275ed62605,0.0,0.0,0,1
2842,ce02e35b54e76d59,0.0,0.0,0,1
2843,ce13642dfad4aa60,0.0,0.0,0,1
2844,ce2a9b24aa01e16c,0.0,0.0,0,1
2845,ce2d26bc5374fd18,0.0,0.0,0,1
2846,ce316ce11ba9f693,0.0,0.0,0,1
2847,ce3309647e8aab8c,0.0,0.0,0,1
2848,ce3ea515983197cb,0.0,0.0,0,1
2849,ce5c3e7f53df6a67,0.0,0.0,0,1
2850,ce60edce40f88044,0.0,0.0,0,1
2851,ce65640fc4186b8b,0.0,0.0,0,1
2852,ce65aa2b5aa2efa8,0.0,0.0,0,1
2853,ce6d6080bd765969,0.0,0.0,0,1
2854,ce7c4d5eb159abfc,0.0,0.0,0,1
2855,ce970844bb1f5558,0.0,0.0,0,1
2856,ce9e83ad615adc9a,0.0,0.0,0,1
2857,cea6f705ce72e465,0.0,0.0,0,1
2858,cea7318f7856593b,0.0,0.0,0,1
2859,cebd5201c824d0d3,0.0,0.0,0,1
2860,cef6d0c54eedc52f,0.0,0.0,0,1
2861,cefaaa8d949cb20d,0.0,0.0,0,1
2862,cf08a7bc75bfd35d,0.0,0.0,0,1
2863,cf18467d8aeaf705,0.0,0.0,0,1
2864,cf2b75f693a906a0,0.0,0.0,0,1
2865,cf399c311f1d181b,0.0,0.0,0,1
2866,cf5e28c35a189d9b,0.0,0.0,0,1
2867,cf6386197c56d601,0.0,0.0,0,1
2868,cf65668a89ec98e8,0.0,0.0,0,1
2869,cf6ea84657d992a9,0.0,0.0,0,1
2870,cf6f630ebae061cb,0.0,0.0,0,1
2871,cf7b7f9fbaf05f3e,0.0,0.0,0,1
2872,cf91d594d52bf5fb,0.0,0.0,0,1
2873,cfa86b28b66d9846,0.0,0.0,0,1
2874,cfb0435cc311d4c6,0.0,0.0,0,1
2875,cfb4eebd64070287,0.0,0.0,0,1
2876,cfb9981dc6cf899d,0.0,0.0,0,1
2877,cfb9ab082b05850d,0.0,0.0,0,1
2878,cfc274624bb106f8,0.0,0.0,0,1
2879,cfc734c08816fd0b,0.0,0.0,0,1
2880,cfd9b4834c031371,0.0,0.0,0,1
2881,cfef6c732f147998,0.0,0.0,0,1
2882,cfffd716d3c4e412,0.0,0.0,0,1
2883,d010aa197c21ade7,0.0,0.0,0,1
2884,d039a4b5e788b1ca,0.0,0.0,0,1
2885,d03e91c04320ef40,0.0,0.0,0,1
2886,d0402cd7172c79a5,0.0,0.0,0,1
2887,d04953f6231da01c,0.0,0.0,0,1
2888,d06992affb13d776,0.0,0.0,0,1
2889,d06d4b8bf825be32,0.0,0.0,0,1
2890,d083e720e7a9293f,0.0,0.0,0,1
2891,d08636797e73f0bd,0.0,0.0,0,1
2892,d08bc29b8e1cb14c,0.0,0.0,0,1
2893,d0a8cdc424247784,0.0,0.0,0,1
2894,d0a9db126f028d8f,0.0,0.0,0,1
2895,d0cb7bf9c9a112fe,0.0,0.0,0,1
2896,d0d3e55848066cf4,0.0,0.0,0,1
2897,d0d4b939d3c2b732,0.0,0.0,0,1
2898,d0f8d494456d110d,0.0,0.0,0,1
2899,d100d1480f8c277e,0.0,0.0,0,1
2900,d108b3be0abc4fec,0.0,0.0,0,1
2901,d11088015556848d,0.0,0.0,0,1
2902,d148110abf624a00,0.0,0.0,0,1
2903,d14a244838cb6438,0.0,0.0,0,1
2904,d15d48b62b731941,0.0,0.0,0,1
2905,d16181b22a2bda0c,0.0,0.0,0,1
2906,d180f83792007f58,0.0,0.0,0,1
2907,d1c96df4358354b2,0.0,0.0,0,1
2908,d1cf7a3ba1039caa,0.0,0.0,0,1
2909,d1db8365a6068586,0.0,0.0,0,1
2910,d1e6e20e3fe1d428,0.0,0.0,0,1
2911,d1ea4f6b40e9293f,0.0,0.0,0,1
2912,d1f3ba946304a91b,0.0,0.0,0,1
2913,d208bde004107e43,0.0,0.0,0,1
2914,d22e263454449a3a,0.0,0.0,0,1
2915,d23d7e11d6aed273,0.0,0.0,0,1
2916,d24f87f7ef4af4c7,0.0,0.0,0,1
2917,d2527bf089c136d9,0.0,0.0,0,1
2918,d25a0c2c6365e6c6,0.0,0.0,0,1
2919,d25bf3ad4073cbb2,0.0,0.0,0,1
2920,d27ba83467a67288,0.0,0.0,0,1
2921,d27fc58a885701fc,0.0,0.0,0,1
2922,d281474aa0025245,0.0,0.0,0,1
2923,d282ebacb4a46afa,0.0,0.0,0,1
2924,d299812b7213abc0,0.0,0.0,0,1
2925,d29a964b9668234a,0.0,0.0,0,1
2926,d2b246054428a353,0.0,0.0,0,1
2927,d2be1fd490f7fc7d,0.0,0.0,0,1
2928,d2c76d42699cefbd,0.0,0.0,0,1
2929,d2ca486ce4139e4e,0.0,0.0,0,1
2930,d2cb9afe76602d08,0.0,0.0,0,1
2931,d2d3f9def3b5aa64,0.0,0.0,0,1
2932,d2db23bf386602ff,0.0,0.0,0,1
2933,d2e587bb6961862d,0.0,0.0,0,1
2934,d2e5f792ea54a630,0.0,0.0,0,1
2935,d2fb07ca42831907,0.0,0.0,0,1
2936,d2fddfb1c27fd7c6,0.0,0.0,0,1
2937,d30d3093fa81abc1,0.0,0.0,0,1
2938,d3125ae45cda2203,0.0,0.0,0,1
2939,d316fb365f75a6ca,0.0,0.0,0,1
2940,d3300c196ef4b584,0.0,0.0,0,1
2941,d333fe521ae0a1b9,0.0,0.0,0,1
2942,d33da5e53b780472,0.0,0.0,0,1
2943,d3420e66be4f3a25,0.0,0.0,0,1
2944,d348d692ea15e03c,0.0,0.0,0,1
2945,d34b656e376adae2,0.0,0.0,0,1
2946,d34ce975c2600ab1,0.0,0.0,0,1
2947,d36ea8e1c4efcdfd,0.0,0.0,0,1
2948,d3747093c509918b,0.0,0.0,0,1
2949,d374df010f4803eb,0.0,0.0,0,1
2950,d3785b68f5f2fa3d,0.0,0.0,0,1
2951,d38c585299965f1d,0.0,0.0,0,1
2952,d396f508c09b8e3d,0.0,0.0,0,1
2953,d3b291084eec86aa,0.0,0.0,0,1
2954,d3c937ba5cd52409,0.0,0.0,0,1
2955,d3d173479395ffd0,0.0,0.0,0,1
2956,d3db248766f63788,0.0,0.0,0,1
2957,d3fd3f988e2bcd38,0.0,0.0,0,1
2958,d4087ba37fd75b8e,0.0,0.0,0,1
2959,d413cf173e22fbcc,0.0,0.0,0,1
2960,d414e03610aafba9,0.0,0.0,0,1
2961,d4306b4bbe1c6c04,0.0,0.0,0,1
2962,d445ac8c3251efa7,0.0,0.0,0,1
2963,d452373309b351e8,0.0,0.0,0,1
2964,d458285c094ed3ae,0.0,0.0,0,1
2965,d45f06a4b5f61ee9,0.0,0.0,0,1
2966,d46ecd90ea610f64,0.0,0.0,0,1
2967,d4760f725f9b80c4,0.0,0.0,0,1
2968,d48bc725d875dad1,0.0,0.0,0,1
2969,d496a30cce441224,0.0,0.0,0,1
2970,d498a807745da0ef,0.0,0.0,0,1
2971,d49d6abe97fd2f85,0.0,0.0,0,1
2972,d49e881c1fbaf5e7,0.0,0.0,0,1
2973,d4acbab2f0ede27e,0.0,0.0,0,1
2974,d4afdd9be2392d11,0.0,0.0,0,1
2975,d4ba1cb529c18960,0.0,0.0,0,1
2976,d4d7424b4941b916,0.0,0.0,0,1
2977,d4e106a59deb03a5,0.0,0.0,0,1
2978,d4e33daf6be07244,0.0,0.0,0,1
2979,d4ed88a9cf607bc2,0.0,0.0,0,1
2980,d4fb83add2cfd2d0,0.0,0.0,0,1
2981,d5756691974ed2c3,0.0,0.0,0,1
2982,d57bac177b510768,0.0,0.0,0,1
2983,d5889bbedc6eb33b,0.0,0.0,0,1
2984,d590bc95249ba0a5,0.0,0.0,0,1
2985,d59298d2817ab525,0.0,0.0,0,1
2986,d594b974c0d95aac,0.0,0.0,0,1
2987,d5955074471f9eb7,0.0,0.0,0,1
2988,d59676235e9103a5,0.0,0.0,0,1
2989,d5a51d0af3054952,0.0,0.0,0,1
2990,d5bb87b9aab207e7,0.0,0.0,0,1
2991,d5db652b0190da7a,0.0,0.0,0,1
2992,d5e60e8d1008b088,0.0,0.0,0,1
2993,d5f5f2c9b6b1b1a3,0.0,0.0,0,1
2994,d5feefcbdc3f0c5c,0.0,0.0,0,1
2995,d6087c0dfb065f19,0.0,0.0,0,1
2996,d61610cb68f5a28c,0.0,0.0,0,1
2997,d62d8e20dff7cf6a,0.0,0.0,0,1
2998,d63737f3bf3466f4,0.0,0.0,0,1
2999,d640e78a6a23c969,0.0,0.0,0,1
3000,d64bf4568c94ba71,0.0,0.0,0,1
3001,d66f8fab311583c3,0.0,0.0,0,1
3002,d67b6984665644c4,0.0,0.0,0,1
3003,d6d4f1f7fc7a1cc4,0.0,0.0,0,1
3004,d701b9578ada41a4,0.0,0.0,0,1
3005,d729010cf74a36e7,0.0,0.0,0,1
3006,d741c59928527b35,0.0,0.0,0,1
3007,d7622ffb44743739,0.0,0.0,0,1
3008,d77d1bb4162a8647,0.0,0.0,0,1
3009,d79a35ffc84ea445,0.0,0.0,0,1
3010,d7a54d173d8628c8,0.0,0.0,0,1
3011,d7e2e3ba0660c98b,0.0,0.0,0,1
3012,d7e3e2daf3e6e3fe,0.0,0.0,0,1
3013,d7e80159833e2830,0.0,0.0,0,1
3014,d7f7d97f92a3e29a,0.0,0.0,0,1
3015,d7f8a5bcc4f2d60d,0.0,0.0,0,1
3016,d801945bd971c4b6,0.0,0.0,0,1
3017,d811e173c74c5a63,0.0,0.0,0,1
3018,d81d576cdf079ac3,0.0,0.0,0,1
3019,d826ff11d872cae8,0.0,0.0,0,1
3020,d83b57e06f0a9a9a,0.0,0.0,0,1
3021,d84413c1eebe3d4e,0.0,0.0,0,1
3022,d86224417dd53577,0.0,0.0,0,1
3023,d873d13b05c2c1f5,0.0,0.0,0,1
3024,d87f7d89804f9857,0.0,0.0,0,1
3025,d89611ff5426a414,0.0,0.0,0,1
3026,d899af55bcbd0f40,0.0,0.0,0,1
3027,d8accc6cd765e776,0.0,0.0,0,1
3028,d8aed064bc36adfe,0.0,0.0,0,1
3029,d8b17c4f6cc5d654,0.0,0.0,0,1
3030,d8c3cd4f746f4763,0.0,0.0,0,1
3031,d8de8b2169ca2430,0.0,0.0,0,1
3032,d8e60bf99f90bc57,0.0,0.0,0,1
3033,d8f9299eba16a228,0.0,0.0,0,1
3034,d91e0cb620bc9d0e,0.0,0.0,0,1
3035,d924766237ef2df9,0.0,0.0,0,1
3036,d924a0073e68523a,0.0,0.0,0,1
3037,d94cb450e0b3411e,0.0,0.0,0,1
3038,d94d2986c940f145,0.0,0.0,0,1
3039,d992b6630ff8f4c6,0.0,0.0,0,1
3040,d9a3a2df3c350a87,0.0,0.0,0,1
3041,d9adc02aee2bf206,0.0,0.0,0,1
3042,d9c62b8cb4ba2d50,0.0,0.0,0,1
3043,d9d9ca5fc0302978,0.0,0.0,0,1
3044,d9dafbe69078ab6a,0.0,0.0,0,1
3045,d9f5d6e68e10aafd,0.0,0.0,0,1
3046,da291b6fcea23919,0.0,0.0,0,1
3047,da3026be5ea80ffd,0.0,0.0,0,1
3048,da33192bad09afec,0.0,0.0,0,1
3049,da53052ab36355b4,0.0,0.0,0,1
3050,da538b05880114ed,0.0,0.0,0,1
3051,da5502e13e0b2fd3,0.0,0.0,0,1
3052,da616ca8f44b618a,0.0,0.0,0,1
3053,da634ca0f2baa213,0.0,0.0,0,1
3054,da6f6b7f8339dd9c,0.0,0.0,0,1
3055,da7f501ca02dce40,0.0,0.0,0,1
3056,da854c606467a175,0.0,0.0,0,1
3057,da8be54f69341aeb,0.0,0.0,0,1
3058,da97d828ff39dee8,0.0,0.0,0,1
3059,daaa12965510fdf6,0.0,0.0,0,1
3060,dab25ede1b4bf2be,0.0,0.0,0,1
3061,dad364350d0c6b23,0.0,0.0,0,1
3062,dae860bfe31d39ef,0.0,0.0,0,1
3063,daef4d09f561f8c5,0.0,0.0,0,1
3064,db0b3d32d15280e7,0.0,0.0,0,1
3065,db1a6da804a53492,0.0,0.0,0,1
3066,db59d7cdf7da3f9a,0.0,0.0,0,1
3067,db68dcb360ddefb5,0.0,0.0,0,1
3068,db68f83aee09327f,0.0,0.0,0,1
3069,db74b2b5c6769839,0.0,0.0,0,1
3070,db901db966327e71,0.0,0.0,0,1
3071,db9303b8c06d6ab9,0.0,0.0,0,1
3072,dbcaf1b60114769e,0.0,0.0,0,1
3073,dbd252df42d6984a,0.0,0.0,0,1
3074,dbd96620b77a77b9,0.0,0.0,0,1
3075,dbe59bc71a1e7721,0.0,0.0,0,1
3076,dbf039e848c921e8,0.0,0.0,0,1
3077,dbf94a8142c6a193,0.0,0.0,0,1
3078,dc21b8c5f580a457,0.0,0.0,0,1
3079,dc226c80f1564b0a,0.0,0.0,0,1
3080,dc3d7a7ebbdf9a17,0.0,0.0,0,1
3081,dc4c8ebff4b51e89,0.0,0.0,0,1
3082,dc4e39520c43ba72,0.0,0.0,0,1
3083,dc723ff36a259c31,0.0,0.0,0,1
3084,dc906e7ca9ac3080,0.0,0.0,0,1
3085,dc99a24728a8d0c7,0.0,0.0,0,1
3086,dc9a0d1dfd614211,0.0,0.0,0,1
3087,dcb8e33916558e11,0.0,0.0,0,1
3088,dcc2d95412fabe40,0.0,0.0,0,1
3089,dcd1cfe642455365,0.0,0.0,0,1
3090,dcd494de74f65cc5,0.0,0.0,0,1
3091,dce55493bbd57179,0.0,0.0,0,1
3092,dce9e9177b2cc6f1,0.0,0.0,0,1
3093,dd04411d865b4252,0.0,0.0,0,1
3094,dd0495e1d908ce1d,0.0,0.0,0,1
3095,dd148bd6f979b145,0.0,0.0,0,1
3096,dd1a9080dbcecb11,0.0,0.0,0,1
3097,dd2c2b51f821c158,0.0,0.0,0,1
3098,dd3f817726a6c47e,0.0,0.0,0,1
3099,dd4fc7902257b6e8,0.0,0.0,0,1
3100,dd5bcac3e859a924,0.0,0.0,0,1
3101,dd5e3d1f338b9dbc,0.0,0.0,0,1
3102,dd7313535fe969b2,0.0,0.0,0,1
3103,dd78ca21fed526f0,0.0,0.0,0,1
3104,dd79866d66468627,0.0,0.0,0,1
3105,dd89ddaa0c6ac191,0.0,0.0,0,1
3106,dda717ac79ae3d6d,0.0,0.0,0,1
3107,ddae30f44e2c1cbe,0.0,0.0,0,1
3108,ddaebb9b28ad05c4,0.0,0.0,0,1
3109,ddd2683543094532,0.0,0.0,0,1
3110,dddccd2f28177791,0.0,0.0,0,1
3111,dde15570c8f0bdfa,0.0,0.0,0,1
3112,ddec6a43e2f0f2d5,0.0,0.0,0,1
3113,de030fd136bf984a,0.0,0.0,0,1
3114,de1f22a72883b1e6,0.0,0.0,0,1
3115,de5acac03727fc8a,0.0,0.0,0,1
3116,de9a766108e5add8,0.0,0.0,0,1
3117,dea240b510bd3d9e,0.0,0.0,0,1
3118,dee14264f8a1fa37,0.0,0.0,0,1
3119,def48487b856af96,0.0,0.0,0,1
3120,defa3c89b1be9021,0.0,0.0,0,1
3121,df06ca961563075a,0.0,0.0,0,1
3122,df60dbfc438ba004,0.0,0.0,0,1
3123,df63cf52491cdf8a,0.0,0.0,0,1
3124,df77d4e59069ddb9,0.0,0.0,0,1
3125,df83088adc39e797,0.0,0.0,0,1
3126,dfa4f93b982dbd0f,0.0,0.0,0,1
3127,dfbff37327cd0cbe,0.0,0.0,0,1
3128,dfc250448fd556d9,0.0,0.0,0,1
3129,dfca21d44a8f1800,0.0,0.0,0,1
3130,dfe78a14ec1ccb82,0.0,0.0,0,1
3131,dff528a630c7282c,0.0,0.0,0,1
3132,dff95064114f2aeb,0.0,0.0,0,1
3133,e0083e3521957d91,0.0,0.0,0,1
3134,e026809c4a4aaaa4,0.0,0.0,0,1
3135,e02b92005b21ddcb,0.0,0.0,0,1
3136,e04baabd10eee58b,0.0,0.0,0,1
3137,e083453ef29a4816,0.0,0.0,0,1
3138,e08b8625782996a4,0.0,0.0,0,1
3139,e0adaf357fc3ad6b,0.0,0.0,0,1
3140,e0caeaf260b0e9d8,0.0,0.0,0,1
3141,e0caf5fc087871a7,0.0,0.0,0,1
3142,e0e0483e5e8cb6e1,0.0,0.0,0,1
3143,e0eed1580b12f885,0.0,0.0,0,1
3144,e0f74d7977e4e495,0.0,0.0,0,1
3145,e0ffae681c5792a9,0.0,0.0,0,1
3146,e1303ad7e6bd6d91,0.0,0.0,0,1
3147,e13e0b5a0d581bb6,0.0,0.0,0,1
3148,e153ef52dda9288f,0.0,0.0,0,1
3149,e16a4493a662a9d3,0.0,0.0,0,1
3150,e183eb82d474cf41,0.0,0.0,0,1
3151,e186c749d70e2468,0.0,0.0,0,1
3152,e194822e9480cc80,0.0,0.0,0,1
3153,e1b6440116e9801c,0.0,0.0,0,1
3154,e1cbcebe09efc973,0.0,0.0,0,1
3155,e1e2b8f35dc5a77b,0.0,0.0,0,1
3156,e1fbbbace0a3fe21,0.0,0.0,0,1
3157,e20fe3ea3fef245e,0.0,0.0,0,1
3158,e21424cbb69b5bc0,0.0,0.0,0,1
3159,e218bf8dbbb13ecf,0.0,0.0,0,1
3160,e224bbb572021f80,0.0,0.0,0,1
3161,e242c5c3952dc77b,0.0,0.0,0,1
3162,e2462aeb3c131b26,0.0,0.0,0,1
3163,e24b4600805fdf0f,0.0,0.0,0,1
3164,e25863c6ff6bb139,0.0,0.0,0,1
3165,e260be8a80312983,0.0,0.0,0,1
3166,e26b96c3dffe45a9,0.0,0.0,0,1
3167,e29ba9d74f53f176,0.0,0.0,0,1
3168,e2ac1b23484c60f9,0.0,0.0,0,1
3169,e2dffa2316435637,0.0,0.0,0,1
3170,e2e44cc8c1aa23f8,0.0,0.0,0,1
3171,e2e64c4afd61d758,0.0,0.0,0,1
3172,e2f46486092b41d8,0.0,0.0,0,1
3173,e2f6ba072bc05461,0.0,0.0,0,1
3174,e2f8e6581cdd4cef,0.0,0.0,0,1
3175,e316577a92d2ae6f,0.0,0.0,0,1
3176,e31e3152e36ef150,0.0,0.0,0,1
3177,e323c507df70b493,0.0,0.0,0,1
3178,e3284a86aeee302d,0.0,0.0,0,1
3179,e32a5c421774a208,0.0,0.0,0,1
3180,e34511e375236f65,0.0,0.0,0,1
3181,e3512272ec8f745f,0.0,0.0,0,1
3182,e3540617fcbebfab,0.0,0.0,0,1
3183,e356aa62c420300d,0.0,0.0,0,1
3184,e368cf2e11446c1f,0.0,0.0,0,1
3185,e369e0c83a4a97b7,0.0,0.0,0,1
3186,e386320ce1e56a62,0.0,0.0,0,1
3187,e3a0b47d8bd252ab,0.0,0.0,0,1
3188,e3b23dfafba309b0,0.0,0.0,0,1
3189,e3cdf16295991516,0.0,0.0,0,1
3190,e3d372d52bf543f0,0.0,0.0,0,1
3191,e3d97a5f61768e56,0.0,0.0,0,1
3192,e3da511289869074,0.0,0.0,0,1
3193,e3f16238726f722a,0.0,0.0,0,1
3194,e4017c7b6f1ebb79,0.0,0.0,0,1
3195,e41d5c079789631e,0.0,0.0,0,1
3196,e4257c28f1da6931,0.0,0.0,0,1
3197,e426207cb880d4bd,0.0,0.0,0,1
3198,e426ec87ebd2c1fd,0.0,0.0,0,1
3199,e43cfac6f6ec7c7d,0.0,0.0,0,1
3200,e44791639624f4f7,0.0,0.0,0,1
3201,e44a48e99993c1a5,0.0,0.0,0,1
3202,e456cec5c3b6eeeb,0.0,0.0,0,1
3203,e45bc50d402a1eb3,0.0,0.0,0,1
3204,e45cf106bf4633c5,0.0,0.0,0,1
3205,e480c1788f213191,0.0,0.0,0,1
3206,e4835dd5b94eb511,0.0,0.0,0,1
3207,e491fa31c6aebfe0,0.0,0.0,0,1
3208,e4a8f69c11841a9d,0.0,0.0,0,1
3209,e4b1d55b6b56bbd9,0.0,0.0,0,1
3210,e4e395a4384afc9d,0.0,0.0,0,1
3211,e4e4ea842a5305a4,0.0,0.0,0,1
3212,e4fa7fbe5d792673,0.0,0.0,0,1
3213,e50006d73c4544e2,0.0,0.0,0,1
3214,e503228cd42b4636,0.0,0.0,0,1
3215,e5044a77c2cf0e3b,0.0,0.0,0,1
3216,e50ab530b7215911,0.0,0.0,0,1
3217,e5292d03d9157b5f,0.0,0.0,0,1
3218,e535458eb021a4a5,0.0,0.0,0,1
3219,e5382338fcc50e76,0.0,0.0,0,1
3220,e54dd5dcfb17c352,0.0,0.0,0,1
3221,e58d348f3b03499f,0.0,0.0,0,1
3222,e5c82f42d4e35e89,0.0,0.0,0,1
3223,e5d3324f1fb75147,0.0,0.0,0,1
3224,e5d7ddae00a000b0,0.0,0.0,0,1
3225,e5f80198c6f4f322,0.0,0.0,0,1
3226,e60169d3f028762c,0.0,0.0,0,1
3227,e61236f98a5e251a,0.0,0.0,0,1
3228,e631182d32311044,0.0,0.0,0,1
3229,e64fdf10311ff652,0.0,0.0,0,1
3230,e6512151aa11680b,0.0,0.0,0,1
3231,e67459692b6de634,0.0,0.0,0,1
3232,e685d80df5905190,0.0,0.0,0,1
3233,e6c85e3a9905e39b,0.0,0.0,0,1
3234,e6db3853959f1066,0.0,0.0,0,1
3235,e6dc88339b9445b6,0.0,0.0,0,1
3236,e6e8a2253106c9d9,0.0,0.0,0,1
3237,e6ed3069dd8779a1,0.0,0.0,0,1
3238,e71c328255d36569,0.0,0.0,0,1
3239,e74f574a9cbbdcb8,0.0,0.0,0,1
3240,e751f86263f62d75,0.0,0.0,0,1
3241,e7544efd7eb26477,0.0,0.0,0,1
3242,e75b1be4356f1095,0.0,0.0,0,1
3243,e76b7bd9b86865da,0.0,0.0,0,1
3244,e79bd4e129ea3333,0.0,0.0,0,1
3245,e7b5ef9ae70e7fb3,0.0,0.0,0,1
3246,e7b94442974d752e,0.0,0.0,0,1
3247,e8000f47d495e85a,0.0,0.0,0,1
3248,e82f9a35f427d530,0.0,0.0,0,1
3249,e83bf123946aecab,0.0,0.0,0,1
3250,e8580b660e2c6700,0.0,0.0,0,1
3251,e8581eb2769ea731,0.0,0.0,0,1
3252,e869f47d7001d422,0.0,0.0,0,1
3253,e86a0e4ec6031d3d,0.0,0.0,0,1
3254,e87d189653a1d44b,0.0,0.0,0,1
3255,e87e454b0a270b92,0.0,0.0,0,1
3256,e881c5f605ed87af,0.0,0.0,0,1
3257,e8a2a91a8d7c09fe,0.0,0.0,0,1
3258,e8a919b531a5f590,0.0,0.0,0,1
3259,e8b7f90fa158ed90,0.0,0.0,0,1
3260,e8b95417c97f8995,0.0,0.0,0,1
3261,e8c26fa19ad3f523,0.0,0.0,0,1
3262,e8c308e903ff8308,0.0,0.0,0,1
3263,e8c8002e35263143,0.0,0.0,0,1
3264,e8c9f3935a7a5e64,0.0,0.0,0,1
3265,e8cdb2ddbff12354,0.0,0.0,0,1
3266,e90345864ad6ddbe,0.0,0.0,0,1
3267,e9068d99a8ccb4e5,0.0,0.0,0,1
3268,e9304705fad5553d,0.0,0.0,0,1
3269,e9492faa4ab2b525,0.0,0.0,0,1
3270,e94d6faae1259934,0.0,0.0,0,1
3271,e96558fe3bd5e01d,0.0,0.0,0,1
3272,e9657854c26449aa,0.0,0.0,0,1
3273,e966192179500e80,0.0,0.0,0,1
3274,e979c65ffecac813,0.0,0.0,0,1
3275,e97e996a9272d36b,0.0,0.0,0,1
3276,e9a2bb4187a75d17,0.0,0.0,0,1
3277,e9a76509083cfa55,0.0,0.0,0,1
3278,e9b7a24417b0d7a3,0.0,0.0,0,1
3279,e9f2d1a307940d40,0.0,0.0,0,1
3280,ea145dd7eaf1b0a9,0.0,0.0,0,1
3281,ea1747fdf93abefa,0.0,0.0,0,1
3282,ea1ef9531d6aca55,0.0,0.0,0,1
3283,ea2b1fb1b3f467cd,0.0,0.0,0,1
3284,ea86a5cf5e612c1d,0.0,0.0,0,1
3285,ea88844a123ec0bc,0.0,0.0,0,1
3286,ea89a6d79192b0e8,0.0,0.0,0,1
3287,ea8f82076cf966a3,0.0,0.0,0,1
3288,eac911db05a09b54,0.0,0.0,0,1
3289,eaed3062fed2b301,0.0,0.0,0,1
3290,eaf55984a4b01921,0.0,0.0,0,1
3291,eaf837ea7924c882,0.0,0.0,0,1
3292,eafbe8c9456d1749,0.0,0.0,0,1
3293,eb2abf0719e5fae9,0.0,0.0,0,1
3294,eb3f4ff538d1af0c,0.0,0.0,0,1
3295,eb4ccf22cb9c1d1d,0.0,0.0,0,1
3296,eb4da423caa4f0c0,0.0,0.0,0,1
3297,eb5094b91cb4bedd,0.0,0.0,0,1
3298,eb526c7e032b2785,0.0,0.0,0,1
3299,eb5637912055bb9f,0.0,0.0,0,1
3300,eb6d45522e10f75d,0.0,0.0,0,1
3301,eb90e74a61b1cc8b,0.0,0.0,0,1
3302,eba94708891aadbf,0.0,0.0,0,1
3303,eba9c4e67384d1e0,0.0,0.0,0,1
3304,ebb172c5a1536497,0.0,0.0,0,1
3305,ebc3baa72915a955,0.0,0.0,0,1
3306,ebc9478fbbdcb971,0.0,0.0,0,1
3307,ebe42713e0c9c753,0.0,0.0,0,1
3308,ec0dfb55a46811e9,0.0,0.0,0,1
3309,ec1c98e8589bcf82,0.0,0.0,0,1
3310,ec371217ab7cdc67,0.0,0.0,0,1
3311,ec3c584d9232ce09,0.0,0.0,0,1
3312,ec635dfe82943afe,0.0,0.0,0,1
3313,ec79b52f10d41be8,0.0,0.0,0,1
3314,ec9cb4a2c928f713,0.0,0.0,0,1
3315,eca8ff3fa4c698cf,0.0,0.0,0,1
3316,ecb6fe10be49d2f2,0.0,0.0,0,1
3317,ecbc7be3c0dc7efa,0.0,0.0,0,1
3318,ecbe7a62ec7d9e75,0.0,0.0,0,1
3319,ecc02ddfce862207,0.0,0.0,0,1
3320,ecc1dce6adbdff08,0.0,0.0,0,1
3321,eccc745c35750460,0.0,0.0,0,1
3322,ecd4be21a6cc3b47,0.0,0.0,0,1
3323,ecd9d7e24d42f8fd,0.0,0.0,0,1
3324,ecdb1a6e583d1853,0.0,0.0,0,1
3325,ece6dad89de19c6d,0.0,0.0,0,1
3326,ececb3891a091efd,0.0,0.0,0,1
3327,ecfd6d116a012838,0.0,0.0,0,1
3328,ed062e356dbaecf3,0.0,0.0,0,1
3329,ed0a4de3891fb7f4,0.0,0.0,0,1
3330,ed1c72f3dc5018d5,0.0,0.0,0,1
3331,ed1ea622dac43f61,0.0,0.0,0,1
3332,ed65748148d2685d,0.0,0.0,0,1
3333,ed68c478bb52885b,0.0,0.0,0,1
3334,ed6ed4d7845905eb,0.0,0.0,0,1
3335,ed71a4bce8bd4082,0.0,0.0,0,1
3336,ed8f97272b1d38f9,0.0,0.0,0,1
3337,edbf440857687d2f,0.0,0.0,0,1
3338,edca06b1214ea381,0.0,0.0,0,1
3339,eddfe45db48354b1,0.0,0.0,0,1
3340,ee1e624b2fe1e38e,0.0,0.0,0,1
3341,ee2c4fe7a4f74139,0.0,0.0,0,1
3342,ee6bc86a50372f7b,0.0,0.0,0,1
3343,ee7a847675543dd8,0.0,0.0,0,1
3344,ee873aa3271ff6c0,0.0,0.0,0,1
3345,ee8b69c24a0d46bc,0.0,0.0,0,1
3346,eeb50d2fbaea27c4,0.0,0.0,0,1
3347,eecd5c566a9fc51f,0.0,0.0,0,1
3348,eeddbda8c7ae3758,0.0,0.0,0,1
3349,eee4aa955a15e362,0.0,0.0,0,1
3350,eee55da255951714,0.0,0.0,0,1
3351,eee85cfa10cc5b72,0.0,0.0,0,1
3352,eef2e307d393efe4,0.0,0.0,0,1
3353,eef428972b0bcff5,0.0,0.0,0,1
3354,eef58b4a3940b613,0.0,0.0,0,1
3355,ef139d61f3d8ee5f,0.0,0.0,0,1
3356,ef1ffdb1fa4c9b72,0.0,0.0,0,1
3357,ef2d5a28db04c2bb,0.0,0.0,0,1
3358,ef3c72330a3fa022,0.0,0.0,0,1
3359,ef4434094784877a,0.0,0.0,0,1
3360,ef60c031237eab30,0.0,0.0,0,1
3361,ef70908db475d5b6,0.0,0.0,0,1
3362,ef8ca5742a71cfc8,0.0,0.0,0,1
3363,efce98e51b1e5cb9,0.0,0.0,0,1
3364,efcefeb2b961358f,0.0,0.0,0,1
3365,efd5f649beb1b24a,0.0,0.0,0,1
3366,efde26f8a870b58a,0.0,0.0,0,1
3367,efdfda09290f5688,0.0,0.0,0,1
3368,efe04987441a01a5,0.0,0.0,0,1
3369,efe06cf8d306350b,0.0,0.0,0,1
3370,effa8366dd8932fe,0.0,0.0,0,1
3371,effb132d48ff10bd,0.0,0.0,0,1
3372,efff13bd0aca51f4,0.0,0.0,0,1
3373,efff37583f260e1c,0.0,0.0,0,1
3374,f000df440d35bf11,0.0,0.0,0,1
3375,f005b5413a6919db,0.0,0.0,0,1
3376,f008884062316a66,0.0,0.0,0,1
3377,f02bc2d7fe7dfc00,0.0,0.0,0,1
3378,f02cff789cb50654,0.0,0.0,0,1
3379,f05914fcd9a47ca3,0.0,0.0,0,1
3380,f059d266cf0d932e,0.0,0.0,0,1
3381,f060808be7e6e282,0.0,0.0,0,1
3382,f0738db041c8cfdf,0.0,0.0,0,1
3383,f09e3a877703a491,0.0,0.0,0,1
3384,f0c0c33a2f7ccc7e,0.0,0.0,0,1
3385,f0d3624e9e885010,0.0,0.0,0,1
3386,f0ecbb578b893a60,0.0,0.0,0,1
3387,f0f1d8db6e60e808,0.0,0.0,0,1
3388,f1044c2df1db3db0,0.0,0.0,0,1
3389,f143a9f6cfe60135,0.0,0.0,0,1
3390,f162a6616d09b57e,0.0,0.0,0,1
3391,f17c9fbe148d00af,0.0,0.0,0,1
3392,f18853f6d1e7c304,0.0,0.0,0,1
3393,f18e740eed7e43a3,0.0,0.0,0,1
3394,f1be9bc96495bb97,0.0,0.0,0,1
3395,f1dcfb917d65fea3,0.0,0.0,0,1
3396,f1fd6485b836d6cc,0.0,0.0,0,1
3397,f204184dbbde9d7f,0.0,0.0,0,1
3398,f204c5257b050895,0.0,0.0,0,1
3399,f2304753fdcb0a28,0.0,0.0,0,1
3400,f2329eb9ec24d594,0.0,0.0,0,1
3401,f23aa2508d043ba0,0.0,0.0,0,1
3402,f247eb67db9657ec,0.0,0.0,0,1
3403,f24d74f0d384a4ee,0.0,0.0,0,1
3404,f25f526e8d1a2e75,0.0,0.0,0,1
3405,f277ac1f3bea7da7,0.0,0.0,0,1
3406,f28d413801768b50,0.0,0.0,0,1
3407,f29be5f7e2f39cb7,0.0,0.0,0,1
3408,f2a4610febc9f42c,0.0,0.0,0,1
3409,f2b3957e56542bae,0.0,0.0,0,1
3410,f2da3ff1b756cbc5,0.0,0.0,0,1
3411,f2e12a1cf548146f,0.0,0.0,0,1
3412,f2ea077c8c141360,0.0,0.0,0,1
3413,f2ee0b256ff3e3cc,0.0,0.0,0,1
3414,f2fd3ff74414ed5b,0.0,0.0,0,1
3415,f3231f7f69908c48,0.0,0.0,0,1
3416,f32fe3538607070a,0.0,0.0,0,1
3417,f3332500f9dd2e1f,0.0,0.0,0,1
3418,f340db3620e149ff,0.0,0.0,0,1
3419,f34419f2babb638a,0.0,0.0,0,1
3420,f3453510c374c859,0.0,0.0,0,1
3421,f34aab3d3ede2fdf,0.0,0.0,0,1
3422,f34aac6507b1f65a,0.0,0.0,0,1
3423,f37f1ca4822aaca3,0.0,0.0,0,1
3424,f3801e78a9cc36f6,0.0,0.0,0,1
3425,f380cf4ba8881a90,0.0,0.0,0,1
3426,f3895a76b9bb2526,0.0,0.0,0,1
3427,f38afe41e41d17ee,0.0,0.0,0,1
3428,f396af65f83f7a79,0.0,0.0,0,1
3429,f39ee96300053cd1,0.0,0.0,0,1
3430,f3b50ba2699036c0,0.0,0.0,0,1
3431,f3b6d0de37bfb6ed,0.0,0.0,0,1
3432,f3b72d86d6f73253,0.0,0.0,0,1
3433,f3b7b3d2d62e67d0,0.0,0.0,0,1
3434,f3cf380eab7cee34,0.0,0.0,0,1
3435,f3dbc42d9ff17535,0.0,0.0,0,1
3436,f3e0c41930d7dcbc,0.0,0.0,0,1
3437,f3e1fc61be9ec89b,0.0,0.0,0,1
3438,f3ee86345abfe31e,0.0,0.0,0,1
3439,f41d7bef1bea8d18,0.0,0.0,0,1
3440,f43446aa5fc16aa3,0.0,0.0,0,1
3441,f43cee7d515efb40,0.0,0.0,0,1
3442,f43fb3c6f9c8a423,0.0,0.0,0,1
3443,f46e4dbcd2040b8f,0.0,0.0,0,1
3444,f46f982f4b2847b4,0.0,0.0,0,1
3445,f478e461e4359a33,0.0,0.0,0,1
3446,f49457036e8c3209,0.0,0.0,0,1
3447,f49771cd24d66d75,0.0,0.0,0,1
3448,f49b2a5580246371,0.0,0.0,0,1
3449,f49effc16c25dcb4,0.0,0.0,0,1
3450,f4bc9e320ceb5412,0.0,0.0,0,1
3451,f4d14a9c9dfaaecc,0.0,0.0,0,1
3452,f4d14fb47958e7f6,0.0,0.0,0,1
3453,f4e2b9009d8d388c,0.0,0.0,0,1
3454,f4e514970d721f57,0.0,0.0,0,1
3455,f4f1c649184f92a0,0.0,0.0,0,1
3456,f4f46db0da1ac3e6,0.0,0.0,0,1
3457,f4f7bf474b077fe0,0.0,0.0,0,1
3458,f5404517dfb625db,0.0,0.0,0,1
3459,f57005bbb1c5364a,0.0,0.0,0,1
3460,f58b83b8045c9557,0.0,0.0,0,1
3461,f59a982da5074cd8,0.0,0.0,0,1
3462,f5b5cc06eeb0b0f5,0.0,0.0,0,1
3463,f5d846be170ae9bb,0.0,0.0,0,1
3464,f5e4de5ecc76d4d8,0.0,0.0,0,1
3465,f5ea9d2b7e1fbe9b,0.0,0.0,0,1
3466,f5f9f03b1531424a,0.0,0.0,0,1
3467,f614d449c17a68f4,0.0,0.0,0,1
3468,f667c6ca3f08b4af,0.0,0.0,0,1
3469,f66bf107f3b82a2c,0.0,0.0,0,1
3470,f67447c20ecc0100,0.0,0.0,0,1
3471,f674bf12a14104c2,0.0,0.0,0,1
3472,f676013884e7a702,0.0,0.0,0,1
3473,f680e3beb2f20cfa,0.0,0.0,0,1
3474,f68817a25dcf9e8d,0.0,0.0,0,1
3475,f6979e0e73329773,0.0,0.0,0,1
3476,f6b299b39290d865,0.0,0.0,0,1
3477,f6b7b2fea7b9c5b3,0.0,0.0,0,1
3478,f6c0edf82873b9ff,0.0,0.0,0,1
3479,f6d106b075e57eb4,0.0,0.0,0,1
3480,f703dbef3cbf6825,0.0,0.0,0,1
3481,f71b08ccf4476832,0.0,0.0,0,1
3482,f71dcbe44bf8f788,0.0,0.0,0,1
3483,f7387e5e89f76514,0.0,0.0,0,1
3484,f75b898c32502467,0.0,0.0,0,1
3485,f78d1fd80c17c6e2,0.0,0.0,0,1
3486,f79353d5c6dbbd5f,0.0,0.0,0,1
3487,f7bb810a938dae13,0.0,0.0,0,1
3488,f7bc92f001639e06,0.0,0.0,0,1
3489,f7c5e15af65fb1bc,0.0,0.0,0,1
3490,f7c94536297ffbea,0.0,0.0,0,1
3491,f7f108c5c92a526e,0.0,0.0,0,1
3492,f7ff9f5fe83c118e,0.0,0.0,0,1
3493,f803aebaee020cc2,0.0,0.0,0,1
3494,f8057ba748cf1809,0.0,0.0,0,1
3495,f808d1a8e5371216,0.0,0.0,0,1
3496,f834fb9fbc33a261,0.0,0.0,0,1
3497,f84589562b081e16,0.0,0.0,0,1
3498,f85069f81a08d2f8,0.0,0.0,0,1
3499,f8563749ef740130,0.0,0.0,0,1
3500,f8618aaed8072c62,0.0,0.0,0,1
3501,f869ce8ea8448426,0.0,0.0,0,1
3502,f89966fdeb87032c,0.0,0.0,0,1
3503,f8c35bf4d11e90a6,0.0,0.0,0,1
3504,f8e392f505478d4c,0.0,0.0,0,1
3505,f8e9ebe45c206f94,0.0,0.0,0,1
3506,f8eca46b248d2a41,0.0,0.0,0,1
3507,f903512d5f5c4657,0.0,0.0,0,1
3508,f916db0fcf1c8b11,0.0,0.0,0,1
3509,f9171ae6b8c2acdc,0.0,0.0,0,1
3510,f91b2e4b689dbf53,0.0,0.0,0,1
3511,f929b29b85c8d6d4,0.0,0.0,0,1
3512,f92d49e363a3ae2e,0.0,0.0,0,1
3513,f93f08531c943e08,0.0,0.0,0,1
3514,f95a29c9156a53a5,0.0,0.0,0,1
3515,f962515e33859736,0.0,0.0,0,1
3516,f96fa365388c8abd,0.0,0.0,0,1
3517,f987a5315067ec98,0.0,0.0,0,1
3518,f9984c7cfdc69fcd,0.0,0.0,0,1
3519,f99efd6e44018092,0.0,0.0,0,1
3520,f9ae2933b1556d45,0.0,0.0,0,1
3521,f9b48a575302ff24,0.0,0.0,0,1
3522,f9dc71dadd9e721d,0.0,0.0,0,1
3523,f9e61f7936a60a30,0.0,0.0,0,1
3524,fa05f39fd4d1a154,0.0,0.0,0,1
3525,fa245ea67ce5d9d3,0.0,0.0,0,1
3526,fa26e0edeab9c2eb,0.0,0.0,0,1
3527,fa288b501449d746,0.0,0.0,0,1
3528,fa2b43789a402b66,0.0,0.0,0,1
3529,fa3170273d21173d,0.0,0.0,0,1
3530,fa3799a2a5f5d474,0.0,0.0,0,1
3531,fa5bb3182c765fed,0.0,0.0,0,1
3532,fa66ceb6450a8e87,0.0,0.0,0,1
3533,fa725d0254a6804d,0.0,0.0,0,1
3534,fa7bcb466f29cd7e,0.0,0.0,0,1
3535,fa7e8cf7a406dc27,0.0,0.0,0,1
3536,fa7fee0b1070d79e,0.0,0.0,0,1
3537,fa985d0773c01f7a,0.0,0.0,0,1
3538,faa9470960e90a50,0.0,0.0,0,1
3539,faaa1456b8326de1,0.0,0.0,0,1
3540,fac8c824b8541008,0.0,0.0,0,1
3541,fafafb4b63f8ce1c,0.0,0.0,0,1
3542,fb14173a76fc6e42,0.0,0.0,0,1
3543,fb17c741d2213a91,0.0,0.0,0,1
3544,fb274d05ae88d32d,0.0,0.0,0,1
3545,fb55973b7eb8b58e,0.0,0.0,0,1
3546,fb58800eef06dc2d,0.0,0.0,0,1
3547,fb597d1554e84f48,0.0,0.0,0,1
3548,fb5da49a94896995,0.0,0.0,0,1
3549,fb9acb94fb92e288,0.0,0.0,0,1
3550,fbc08df9e1934d61,0.0,0.0,0,1
3551,fbc8d95942210399,0.0,0.0,0,1
3552,fbde3ad475de5ca1,0.0,0.0,0,1
3553,fbf41276e0756898,0.0,0.0,0,1
3554,fc08e2abaa0771a2,0.0,0.0,0,1
3555,fc1cb986b192f377,0.0,0.0,0,1
3556,fc298042b482fbe8,0.0,0.0,0,1
3557,fc3eabbdbfd8b96b,0.0,0.0,0,1
3558,fc46f9b37d560de5,0.0,0.0,0,1
3559,fc694783e3769c5c,0.0,0.0,0,1
3560,fc78761988f09777,0.0,0.0,0,1
3561,fc83e5fd93362569,0.0,0.0,0,1
3562,fc99e8e40f1373a4,0.0,0.0,0,1
3563,fca5310986644b47,0.0,0.0,0,1
3564,fca9bb5294fe0af1,0.0,0.0,0,1
3565,fca9f90cc1ffc385,0.0,0.0,0,1
3566,fcb063bc266e6703,0.0,0.0,0,1
3567,fcb9f0e394d4c9cc,0.0,0.0,0,1
3568,fcd35bbb1b986d65,0.0,0.0,0,1
3569,fcf4a76a984fb545,0.0,0.0,0,1
3570,fd1d5486a2bd3a76,0.0,0.0,0,1
3571,fd23601953f39f3c,0.0,0.0,0,1
3572,fd3497b496eaa829,0.0,0.0,0,1
3573,fd4eb32cdc9c84cc,0.0,0.0,0,1
3574,fd539599bf0030e8,0.0,0.0,0,1
3575,fd5a9379bde8e565,0.0,0.0,0,1
3576,fd7cccb366ee06c5,0.0,0.0,0,1
3577,fd851d04e69447c2,0.0,0.0,0,1
3578,fd9b6489e6f4e613,0.0,0.0,0,1
3579,fda1816b5f999050,0.0,0.0,0,1
3580,fda39b556df11191,0.0,0.0,0,1
3581,fddcf8fe09650346,0.0,0.0,0,1
3582,fde0fa868094a6f9,0.0,0.0,0,1
3583,fde12e620aca4503,0.0,0.0,0,1
3584,fdf4c111cb6e4017,0.0,0.0,0,1
3585,fe051049faca1735,0.0,0.0,0,1
3586,fe0962d37a81378a,0.0,0.0,0,1
3587,fe10de6e2c2acece,0.0,0.0,0,1
3588,fe2ec22301ee237a,0.0,0.0,0,1
3589,fe4b2574fb8ce167,0.0,0.0,0,1
3590,fe5807596f38e5b6,0.0,0.0,0,1
3591,fe5da53d27148418,0.0,0.0,0,1
3592,fe6ef2de71fabc6d,0.0,0.0,0,1
3593,fe7ec25032c8d3f6,0.0,0.0,0,1
3594,fe8eff28a3704118,0.0,0.0,0,1
3595,fe914bf7155c9608,0.0,0.0,0,1
3596,fea023857f3cc8dc,0.0,0.0,0,1
3597,feb126a4b3e209c0,0.0,0.0,0,1
3598,fed636f43b533cb6,0.0,0.0,0,1
3599,feda76372607a62b,0.0,0.0,0,1
3600,fee73f6e13af73c5,0.0,0.0,0,1
3601,feec92184399f966,0.0,0.0,0,1
3602,ff00eb4c3dd94df9,0.0,0.0,0,1
3603,ff195f1852c8e9f3,0.0,0.0,0,1
3604,ff6983929289bf4c,0.0,0.0,0,1
3605,ff6ecba25915b38c,0.0,0.0,0,1
3606,ffb9b7d4dde12107,0.0,0.0,0,1
3607,ffe216509959e142,0.0,0.0,0,1
3608,fff13af99884ffc0,0.0,0.0,0,1
3609,173eb8bdd88653a1,1.1212067990221628e-06,0.0,1,2
3610,8563f0423f2d7faf,2.4586104247616027e-06,0.0,1,3
3611,4c2c769ef854e4db,0.0,0.0,0,1
3612,52ed5808ea0474a5,0.0,0.0,0,1
3613,ee273240a1e5dc9d,0.0,0.0,0,1
3614,0005d9381a852b45,0.0,0.0,0,1
3615,001e2ba5f2a2486d,0.0,0.0,0,1
3616,004206baeb110130,0.0,0.0,0,1
3617,004f1c8600071c15,0.0,0.0,0,1
3618,00e773b401cba268,0.0,0.0,0,1
3619,010474f64380fda7,0.0,0.0,0,1
3620,0125bc33c3fcc589,0.0,0.0,0,1
3621,0137a5d4ad3b7d6b,0.0,0.0,0,1
3622,017c9614443fce12,0.0,0.0,0,1
3623,01959e04dabafcef,0.0,0.0,0,1
3624,01b37852b3cdfeb9,0.0,0.0,0,1
3625,01f3a37dac5f79b3,0.0,0.0,0,1
3626,0209150cdc570261,0.0,0.0,0,1
3627,020f982d5af1cd5a,0.0,0.0,0,1
3628,02113655498befdd,0.0,0.0,0,1
3629,022266df7b006641,0.0,0.0,0,1
3630,025b417ee355c3f1,0.0,0.0,0,1
3631,02acfb3168aa246e,0.0,0.0,0,1
3632,02b9951c4b7c7869,0.0,0.0,0,1
3633,032ff454f2eb6ae7,0.0,0.0,0,1
3634,03476ed585e31e2f,0.0,0.0,0,1
3635,035c16be87e2cc16,0.0,0.0,0,1
3636,037025f4701a9845,0.0,0.0,0,1
3637,03bf06633a3b08fc,0.0,0.0,0,1
3638,03fccf5da28edaa5,0.0,0.0,0,1
3639,041df125792a9f8f,0.0,0.0,0,1
3640,042f1e4c89b49b0a,0.0,0.0,0,1
3641,04325247b8f2c1fa,0.0,0.0,0,1
3642,0461d69637584afc,0.0,0.0,0,1
3643,048706e29bfe5349,0.0,0.0,0,1
3644,04cdf466d3858b51,0.0,0.0,0,1
3645,04cef0cbc896b267,0.0,0.0,0,1
3646,05015cd192457560,0.0,0.0,0,1
3647,05312978786ae95e,0.0,0.0,0,1
3648,055f86a3412d7a18,0.0,0.0,0,1
3649,05615604fd4a9735,0.0,0.0,0,1
3650,0593b3bded9cce3c,0.0,0.0,0,1
3651,062afb6b479bf594,0.0,0.0,0,1
3652,0657cf3995e01f28,0.0,0.0,0,1
3653,065eb543fd22895e,0.0,0.0,0,1
3654,06c9eb8c28729a22,0.0,0.0,0,1
3655,06cd2b4f7fea5b85,0.0,0.0,0,1
3656,06de33eb036e536c,0.0,0.0,0,1
3657,06e63890d40e36d4,0.0,0.0,0,1
3658,06f13ece030cc988,0.0,0.0,0,1
3659,070a6453fea6d952,0.0,0.0,0,1
3660,071edb2aa79feb93,0.0,0.0,0,1
3661,07414df965858c99,0.0,0.0,0,1
3662,0768d15afe8a6865,0.0,0.0,0,1
3663,076cadae3ff87da7,0.0,0.0,0,1
3664,077ac9a31f44a8a7,0.0,0.0,0,1
3665,078c8b35e3e84cdf,0.0,0.0,0,1
3666,0794fee75e684cb0,0.0,0.0,0,1
3667,079ff184d6a5c41c,0.0,0.0,0,1
3668,07a87cdf623d7866,0.0,0.0,0,1
3669,07bd4c245f700417,0.0,0.0,0,1
3670,07fc690c3470c137,0.0,0.0,0,1
3671,08657766721ac554,0.0,0.0,0,1
3672,086645d15a44e09f,0.0,0.0,0,1
3673,088b7b5d8235f508,0.0,0.0,0,1
3674,0894b85d3b406e4e,0.0,0.0,0,1
3675,08c3a750284319ac,0.0,0.0,0,1
3676,08d8f59111a9999e,0.0,0.0,0,1
3677,08f92ed8a653331c,0.0,0.0,0,1
3678,096427d7c01348a4,0.0,0.0,0,1
3679,0970f882e2a84791,0.0,0.0,0,1
3680,09c7787d25b1fc85,0.0,0.0,0,1
3681,0a0b382a7c77ca85,0.0,0.0,0,1
3682,0a48e749474de834,0.0,0.0,0,1
3683,0a5b7d7dd81cfcc6,0.0,0.0,0,1
3684,0aaf5242bd20c7aa,0.0,0.0,0,1
3685,0ac776ab1aa3ebe9,0.0,0.0,0,1
3686,0ad67333efa35d4d,0.0,0.0,0,1
3687,0af636425c024ccb,0.0,0.0,0,1
3688,0af70eb01b982cdd,0.0,0.0,0,1
3689,0b96fd8557d3f875,0.0,0.0,0,1
3690,0bbcc144a4a8ba23,0.0,0.0,0,1
3691,0bdcd458352f273c,0.0,0.0,0,1
3692,0bf1a140124a2818,0.0,0.0,0,1
3693,0c142b80c968aff1,0.0,0.0,0,1
3694,0c548e7dee33f7c2,0.0,0.0,0,1
3695,0c62cc4acc8a2b14,0.0,0.0,0,1
3696,0c6ed29908cde423,0.0,0.0,0,1
3697,0c98ec28cedba390,0.0,0.0,0,1
3698,0d52093589b66ee1,0.0,0.0,0,1
3699,0d5aad27f18207c6,0.0,0.0,0,1
3700,0d6aa19c379f636d,0.0,0.0,0,1
3701,0d758af96e2a9d86,0.0,0.0,0,1
3702,0d77d9518b93a815,0.0,0.0,0,1
3703,0d97d5e6effd6ed0,0.0,0.0,0,1
3704,0ddc13bea82fa690,0.0,0.0,0,1
3705,0e07bd4e2cbcaaf7,0.0,0.0,0,1
3706,0e10357859b49c44,0.0,0.0,0,1
3707,0ed3f7ed08846d80,0.0,0.0,0,1
3708,0edac246a8b0bc46,0.0,0.0,0,1
3709,0efd8cb220d01497,0.0,0.0,0,1
3710,0f4e3d3af5306c8b,0.0,0.0,0,1
3711,0f558b4520e5facd,0.0,0.0,0,1
3712,0f5e2196f5f00345,0.0,0.0,0,1
3713,0fcdd18026f86309,0.0,0.0,0,1
3714,0fd1a7e8cbd7ba77,0.0,0.0,0,1
3715,0fd3936210474f25,0.0,0.0,0,1
3716,0fdad4a1e080e876,0.0,0.0,0,1
3717,105844c57572fb26,0.0,0.0,0,1
3718,105ab95236a7703e,0.0,0.0,0,1
3719,1062912d6023428e,0.0,0.0,0,1
3720,10683dc495e0d2e5,0.0,0.0,0,1
3721,10785c4401fafdf8,0.0,0.0,0,1
3722,107bafee2a442be4,0.0,0.0,0,1
3723,107f27abae1454ff,0.0,0.0,0,1
3724,1099129f1724e631,0.0,0.0,0,1
3725,10ffac5a26fdb7d5,0.0,0.0,0,1
3726,1100900e75fd8fce,0.0,0.0,0,1
3727,11053b396690166c,0.0,0.0,0,1
3728,110cb0e0687cf4e3,0.0,0.0,0,1
3729,1114000c80478f5d,0.0,0.0,0,1
3730,11254653c980d835,0.0,0.0,0,1
3731,118fe87dc4ff8988,0.0,0.0,0,1
3732,11b2da42ad291288,0.0,0.0,0,1
3733,11d42f093ef80e0b,0.0,0.0,0,1
3734,11fcb9dc8b00d9b2,0.0,0.0,0,1
3735,1226b6c7dc962993,0.0,0.0,0,1
3736,12276c88c4ffa8d0,0.0,0.0,0,1
3737,1227cf849329fb45,0.0,0.0,0,1
3738,1248ee4d3619b8c6,0.0,0.0,0,1
3739,128bf3c4286cc1d4,0.0,0.0,0,1
3740,1291506900c62984,0.0,0.0,0,1
3741,12a0457913b8f6bf,0.0,0.0,0,1
3742,12ce8ed73f0345b9,0.0,0.0,0,1
3743,12da87af6c28682f,0.0,0.0,0,1
3744,12dc35355db38e1f,0.0,0.0,0,1
3745,12ec1e59836b803a,0.0,0.0,0,1
3746,12f8f37b984b2acf,0.0,0.0,0,1
3747,1311f5fee444c26a,0.0,0.0,0,1
3748,1318fefd25094625,0.0,0.0,0,1
3749,131c3e28a0edb3b6,0.0,0.0,0,1
3750,13357e482f5f1101,0.0,0.0,0,1
3751,134da08d8f342062,0.0,0.0,0,1
3752,13636a607c1831e9,0.0,0.0,0,1
3753,13bbcc131bd4d197,0.0,0.0,0,1
3754,13e73eda57205bdb,0.0,0.0,0,1
3755,13faa955f5c08e4b,0.0,0.0,0,1
3756,14156ca8b43520f2,0.0,0.0,0,1
3757,143b01ab198f26fc,0.0,0.0,0,1
3758,147a2901ea5f9ad4,0.0,0.0,0,1
3759,147b63ed8547d891,0.0,0.0,0,1
3760,1485b2e524ba9b68,0.0,0.0,0,1
3761,1491da2988b4b31e,0.0,0.0,0,1
3762,14a3acfd441857a1,0.0,0.0,0,1
3763,14d6ef5de4ed6edf,0.0,0.0,0,1
3764,14de99b611a6ccc2,0.0,0.0,0,1
3765,14eacdf7b96fd540,0.0,0.0,0,1
3766,1551426a3d02d271,0.0,0.0,0,1
3767,15657d7b5df8caf3,0.0,0.0,0,1
3768,15827466e0f747e5,0.0,0.0,0,1
3769,159bafd42915c3d6,0.0,0.0,0,1
3770,15c32c59fe164954,0.0,0.0,0,1
3771,15eaa6eb2679a367,0.0,0.0,0,1
3772,160ef8cf908c795d,0.0,0.0,0,1
3773,1614b15d2a83e6a3,0.0,0.0,0,1
3774,161a7f3eebaae557,0.0,0.0,0,1
3775,162783a2c5b9d17a,0.0,0.0,0,1
3776,162dbaff3381c60b,0.0,0.0,0,1
3777,1633707b804f40ae,0.0,0.0,0,1
3778,168000807bf8c6c5,0.0,0.0,0,1
3779,16968fef102d800b,0.0,0.0,0,1
3780,16a1e1dbe46b6362,0.0,0.0,0,1
3781,16cf240570240b1a,0.0,0.0,0,1
3782,16e4680dc5f8bec0,0.0,0.0,0,1
3783,16f215abd030c735,0.0,0.0,0,1
3784,17514fb70a9174bb,0.0,0.0,0,1
3785,1772fcead371163a,0.0,0.0,0,1
3786,178644c8f2f6836a,0.0,0.0,0,1
3787,179a89eedafde6b6,0.0,0.0,0,1
3788,17aeadf38d293523,0.0,0.0,0,1
3789,17af1317f23ca324,0.0,0.0,0,1
3790,17b4af9f8f551fa3,0.0,0.0,0,1
3791,17ff5aeb17ef368d,0.0,0.0,0,1
3792,1817f399fff596af,0.0,0.0,0,1
3793,185d41ea2a587693,0.0,0.0,0,1
3794,1870c32b065b985a,0.0,0.0,0,1
3795,18ac65ea892c2358,0.0,0.0,0,1
3796,18c4759dae31798e,0.0,0.0,0,1
3797,1907f6a20788d378,0.0,0.0,0,1
3798,193c00b1e046f39a,0.0,0.0,0,1
3799,1954c80c0b16134b,0.0,0.0,0,1
3800,196121a567963ead,0.0,0.0,0,1
3801,1965b92695ad0418,0.0,0.0,0,1
3802,197d1323d84b1b4f,0.0,0.0,0,1
3803,19d2c725496d94f1,0.0,0.0,0,1
3804,19ff232165f79ecc,0.0,0.0,0,1
3805,1a1a87276494ac8f,0.0,0.0,0,1
3806,1a2c40b0889d6b52,0.0,0.0,0,1
3807,1a95528093ccb8a8,0.0,0.0,0,1
3808,1aaea0582045c602,0.0,0.0,0,1
3809,1ae3d7630e1d5fab,0.0,0.0,0,1
3810,1aefba309e22dc41,0.0,0.0,0,1
3811,1aefcc63d43a8333,0.0,0.0,0,1
3812,1afa3314fe8a29f4,0.0,0.0,0,1
3813,1afd70ee542d7d0c,0.0,0.0,0,1
3814,1b0b72386a6514cd,0.0,0.0,0,1
3815,1b1c252e5729630e,0.0,0.0,0,1
3816,1b1e0252d82350c5,0.0,0.0,0,1
3817,1b3566e7f9af0826,0.0,0.0,0,1
3818,1b36c76a9244ff23,0.0,0.0,0,1
3819,1b5bc130074d8e34,0.0,0.0,0,1
3820,1b8614c67b74a2cf,0.0,0.0,0,1
3821,1ba3c20493fb6047,0.0,0.0,0,1
3822,1bb84bef9819458c,0.0,0.0,0,1
3823,1bc63a5d5e03b320,0.0,0.0,0,1
3824,1be5eaeddfa4a3d1,0.0,0.0,0,1
3825,1c34f0754232f4f3,0.0,0.0,0,1
3826,1c55672386b29d15,0.0,0.0,0,1
3827,1c5864155750cc00,0.0,0.0,0,1
3828,1c5f0150d5759a50,0.0,0.0,0,1
3829,1c8e342c530f13bd,0.0,0.0,0,1
3830,1cbae54e32f657d3,0.0,0.0,0,1
3831,1cd663c8411e7ec2,0.0,0.0,0,1
3832,1ce0957ca1488577,0.0,0.0,0,1
3833,1cef021037029bd0,0.0,0.0,0,1
3834,1d1c02eacbf56619,0.0,0.0,0,1
3835,1d29e7f570d1c066,0.0,0.0,0,1
3836,1d3f6cc420f346dc,0.0,0.0,0,1
3837,1d8b0c133782fcfa,0.0,0.0,0,1
3838,1dbd53a328c36ff0,0.0,0.0,0,1
3839,1dd794e58134cfd4,0.0,0.0,0,1
3840,1ded749233b28340,0.0,0.0,0,1
3841,1e5812eeab2efb79,0.0,0.0,0,1
3842,1e5b81f620fbfa83,0.0,0.0,0,1
3843,1e6910f69d2f4914,0.0,0.0,0,1
3844,1e7f97d00aef90f0,0.0,0.0,0,1
3845,1e98c2cb24f41d7f,0.0,0.0,0,1
3846,1ea53431018bc44d,0.0,0.0,0,1
3847,1ec2736792925532,0.0,0.0,0,1
3848,1f26983045df7d3c,0.0,0.0,0,1
3849,1f2796b884e5ec70,0.0,0.0,0,1
3850,1f2be3e674517de8,0.0,0.0,0,1
3851,1f5c0cf5f5196753,0.0,0.0,0,1
3852,1f9ef38e08e5ddf4,0.0,0.0,0,1
3853,1fc6720dd5ee6a18,0.0,0.0,0,1
3854,1fcc348be0b5b2d4,0.0,0.0,0,1
3855,1fe30ca5bbabecbb,0.0,0.0,0,1
3856,1ff6d3ee1cf9d00e,0.0,0.0,0,1
3857,200728bd5b6ead5e,0.0,0.0,0,1
3858,20469822837e6ed2,0.0,0.0,0,1
3859,204ce131c166206a,0.0,0.0,0,1
3860,207ca5ac6d98e34e,0.0,0.0,0,1
3861,2085f1f0ba0363c8,0.0,0.0,0,1
3862,20acef183257ed53,0.0,0.0,0,1
3863,20b08b1bee78e2bc,0.0,0.0,0,1
3864,20b121e2867795cc,0.0,0.0,0,1
3865,20bbfa1585fdc405,0.0,0.0,0,1
3866,20bc1335e3ba0834,0.0,0.0,0,1
3867,20c4d826e5a3761f,0.0,0.0,0,1
3868,212826e6856f2c14,0.0,0.0,0,1
3869,2165fa689bde94a0,0.0,0.0,0,1
3870,2189c0fe08006d9f,0.0,0.0,0,1
3871,2199dc8e04e11f8b,0.0,0.0,0,1
3872,21ee7bd5de69a05a,0.0,0.0,0,1
3873,21f22318f9b20ed4,0.0,0.0,0,1
3874,21f280e5150b4b11,0.0,0.0,0,1
3875,2215feaf77bb4645,0.0,0.0,0,1
3876,2228c3225b9cd579,0.0,0.0,0,1
3877,223bf8496cb6afcd,0.0,0.0,0,1
3878,223eb23493f99584,0.0,0.0,0,1
3879,224d825fc135fc41,0.0,0.0,0,1
3880,22578e20d50b2ba2,0.0,0.0,0,1
3881,225b4033fbaa5f18,0.0,0.0,0,1
3882,2267caf1e0be6075,0.0,0.0,0,1
3883,22c040f743366e72,0.0,0.0,0,1
3884,22cced490414e2b1,0.0,0.0,0,1
3885,22d61dc788f636c7,0.0,0.0,0,1
3886,22ee5927a69229da,0.0,0.0,0,1
3887,233b14e9a3b1da90,0.0,0.0,0,1
3888,234747d21b8d4d5b,0.0,0.0,0,1
3889,23788c5441d35009,0.0,0.0,0,1
3890,23a525504cc794e0,0.0,0.0,0,1
3891,2410bb3ab5fd8043,0.0,0.0,0,1
3892,245f43bfaf2e4878,0.0,0.0,0,1
3893,24ca802438d831fc,0.0,0.0,0,1
3894,2505f101600341c1,0.0,0.0,0,1
3895,25062e4f1f8811fa,0.0,0.0,0,1
3896,253b29aa77bc9e46,0.0,0.0,0,1
3897,25499530900cb421,0.0,0.0,0,1
3898,256e6d740d3b8aaf,0.0,0.0,0,1
3899,25a8b2e6f1bc04b1,0.0,0.0,0,1
3900,25af16ce3e045257,0.0,0.0,0,1
3901,25b7fc77d534c42e,0.0,0.0,0,1
3902,25b815d5faae5cf5,0.0,0.0,0,1
3903,25e455f9b4225f33,0.0,0.0,0,1
3904,261d0e0d3b59d677,0.0,0.0,0,1
3905,261ebeea66dc26d2,0.0,0.0,0,1
3906,262687415ba80c12,0.0,0.0,0,1
3907,2670848093665f53,0.0,0.0,0,1
3908,27234a1500537b5d,0.0,0.0,0,1
3909,278f2145a9253e1d,0.0,0.0,0,1
3910,27a67fc0b2ed8895,0.0,0.0,0,1
3911,27d51982e6c90155,0.0,0.0,0,1
3912,284276ea8d6512fa,0.0,0.0,0,1
3913,2880f56d0d97aa73,0.0,0.0,0,1
3914,2889dff1b87a7e92,0.0,0.0,0,1
3915,2899cc050c0a9870,0.0,0.0,0,1
3916,28a2859984cea4d1,0.0,0.0,0,1
3917,28c10030abd747e7,0.0,0.0,0,1
3918,28d138bb5331188d,0.0,0.0,0,1
3919,28f30f6256051862,0.0,0.0,0,1
3920,2a0a46912c3a640d,0.0,0.0,0,1
3921,2a0af0b7488bc673,0.0,0.0,0,1
3922,2a4ca62bf6f40e84,0.0,0.0,0,1
3923,2a5116f8a8e01779,0.0,0.0,0,1
3924,2a85da703cc05630,0.0,0.0,0,1
3925,2aa255c7a5c7b865,0.0,0.0,0,1
3926,2ac2424d7477f154,0.0,0.0,0,1
3927,2ac81217e39795c9,0.0,0.0,0,1
3928,2acfb2d7775a01fd,0.0,0.0,0,1
3929,2ad377f57b9897a4,0.0,0.0,0,1
3930,2afe71496b5a61b4,0.0,0.0,0,1
3931,2b0b8c96da1fba6f,0.0,0.0,0,1
3932,2bba624507c2eec6,0.0,0.0,0,1
3933,2c517b428186e363,0.0,0.0,0,1
3934,2ccb705010abbfde,0.0,0.0,0,1
3935,2d0353eca5d2b79c,0.0,0.0,0,1
3936,2d18db508d2f4f2a,0.0,0.0,0,1
3937,2d3a5719f827de56,0.0,0.0,0,1
3938,2d62aacab27cc6ab,0.0,0.0,0,1
3939,2d67bf93e12fe32c,0.0,0.0,0,1
3940,2d69b2ad95d0d636,0.0,0.0,0,1
3941,2d72ed06d5e46c1c,0.0,0.0,0,1
3942,2d856ecb0e2304c3,0.0,0.0,0,1
3943,2def9dc174f4bb4d,0.0,0.0,0,1
3944,2dffbbeb094648d2,0.0,0.0,0,1
3945,2e13f338bd2354b8,0.0,0.0,0,1
3946,2e2954dcbbb701e7,0.0,0.0,0,1
3947,2e544c85ac9609e7,0.0,0.0,0,1
3948,2e805f773296e889,0.0,0.0,0,1
3949,2ee3d1d49d5cda1a,0.0,0.0,0,1
3950,2f29b851fb7c6fa4,0.0,0.0,0,1
3951,2fba631b9a33e151,0.0,0.0,0,1
3952,303e968970332166,0.0,0.0,0,1
3953,30821a8f6c041223,0.0,0.0,0,1
3954,308db076554518f3,0.0,0.0,0,1
3955,30ab2056ea1950a0,0.0,0.0,0,1
3956,30b3eb850537e353,0.0,0.0,0,1
3957,30b6fb34d264383b,0.0,0.0,0,1
3958,30cd6147c19feee8,0.0,0.0,0,1
3959,30f9c3cd87bf4453,0.0,0.0,0,1
3960,3138904aff3a99fc,0.0,0.0,0,1
3961,3143c9d7aeb60c8d,0.0,0.0,0,1
3962,3148c9e9ed6870d1,0.0,0.0,0,1
3963,3165ae052d36452f,0.0,0.0,0,1
3964,3184952bd8e5cdb3,0.0,0.0,0,1
3965,318974edea168434,0.0,0.0,0,1
3966,31d7fbb76bb2894f,0.0,0.0,0,1
3967,31e4d579767e2b22,0.0,0.0,0,1
3968,31e5c1ed9e1f2b81,0.0,0.0,0,1
3969,31fb74128b987e53,0.0,0.0,0,1
3970,32096d217c004a04,0.0,0.0,0,1
3971,322fd68cc2282f22,0.0,0.0,0,1
3972,32730601c6ffdd60,0.0,0.0,0,1
3973,3278399be413eb81,0.0,0.0,0,1
3974,3291bc6d874e6088,0.0,0.0,0,1
3975,32bcf3c29673338d,0.0,0.0,0,1
3976,32c4e5811b55a77f,0.0,0.0,0,1
3977,32c9ee63e79cd41e,0.0,0.0,0,1
3978,33547cc402533e0a,0.0,0.0,0,1
3979,340e9f08f94d0c6c,0.0,0.0,0,1
3980,3462fbf8d6f382f1,0.0,0.0,0,1
3981,34973fa564de1722,0.0,0.0,0,1
3982,34a388a58dd39b4f,0.0,0.0,0,1
3983,34f5465efb7a808c,0.0,0.0,0,1
3984,35021c36ec2508d0,0.0,0.0,0,1
3985,35062394e2060419,0.0,0.0,0,1
3986,358236502eec4fee,0.0,0.0,0,1
3987,35d2d3bda00c141c,0.0,0.0,0,1
3988,35eb87c34e5c2041,0.0,0.0,0,1
3989,35fe94fcfc3d66e6,0.0,0.0,0,1
3990,36128f9a913d7d45,0.0,0.0,0,1
3991,362a5f1e678227a7,0.0,0.0,0,1
3992,36818cf9c8808ac3,0.0,0.0,0,1
3993,368e8113b194e6ec,0.0,0.0,0,1
3994,36a69f22f3becc69,0.0,0.0,0,1
3995,36bbc5624f78a732,0.0,0.0,0,1
3996,36f3afdff7a4cf3a,0.0,0.0,0,1
3997,3726b80e215cdf78,0.0,0.0,0,1
3998,3727e60af2deb889,0.0,0.0,0,1
3999,37321cfdfa7959c7,0.0,0.0,0,1
4000,3739d846b5105675,0.0,0.0,0,1
4001,3767f420cd90e8f3,0.0,0.0,0,1
4002,377577a4d16134ba,0.0,0.0,0,1
4003,37b869a1c4fd9d50,0.0,0.0,0,1
4004,37d8c66796756cab,0.0,0.0,0,1
4005,37ea031e880e59a7,0.0,0.0,0,1
4006,382c20cc853f8d54,0.0,0.0,0,1
4007,38893411ddb85de8,0.0,0.0,0,1
4008,389b75703c67ab97,0.0,0.0,0,1
4009,38f3de7d2aff2a25,0.0,0.0,0,1
4010,39365f7790673ae6,0.0,0.0,0,1
4011,393ba99b6db96c4a,0.0,0.0,0,1
4012,39656c60fc41f781,0.0,0.0,0,1
4013,397f6b80cbe8e9d1,0.0,0.0,0,1
4014,398c99d3031eac81,0.0,0.0,0,1
4015,39c18ff4ea576549,0.0,0.0,0,1
4016,39c73259ac8ef228,0.0,0.0,0,1
4017,39caa88a7b47e3fc,0.0,0.0,0,1
4018,39e497b0917d7ebc,0.0,0.0,0,1
4019,3a2b349dea075e0b,0.0,0.0,0,1
4020,3aead58afb4fc0b8,0.0,0.0,0,1
4021,3b0b13a9847500c5,0.0,0.0,0,1
4022,3b3dac1c878c525e,0.0,0.0,0,1
4023,3b500f2e341e87cd,0.0,0.0,0,1
4024,3b568ae63b7f6d06,0.0,0.0,0,1
4025,3b74074a0b476338,0.0,0.0,0,1
4026,3c1f25973f088bf0,0.0,0.0,0,1
4027,3c24c1cf0376cc01,0.0,0.0,0,1
4028,3c56a4c857d0d675,0.0,0.0,0,1
4029,3c5b121569235177,0.0,0.0,0,1
4030,3c5dadeb38815003,0.0,0.0,0,1
4031,3c5dd5fc3d620325,0.0,0.0,0,1
4032,3c71606448793fff,0.0,0.0,0,1
4033,3c95f23e5ce23879,0.0,0.0,0,1
4034,3cac1e229c9b2896,0.0,0.0,0,1
4035,3cc2e2fd18438068,0.0,0.0,0,1
4036,3cd96cc0a03d0735,0.0,0.0,0,1
4037,3ce6e7d69b6ce09e,0.0,0.0,0,1
4038,3cf9cdc4aa6ab20d,0.0,0.0,0,1
4039,3d036915abf80dc1,0.0,0.0,0,1
4040,3d14a3d7ded3714e,0.0,0.0,0,1
4041,3d33a5ead8201a3a,0.0,0.0,0,1
4042,3d5c8e25f1863735,0.0,0.0,0,1
4043,3da0b4e9b0778c26,0.0,0.0,0,1
4044,3da23df1daf7e3c4,0.0,0.0,0,1
4045,3db0c458b10babfd,0.0,0.0,0,1
4046,3e04f831dd853c3b,0.0,0.0,0,1
4047,3e7c61ab164a79a6,0.0,0.0,0,1
4048,3e93633481e62c85,0.0,0.0,0,1
4049,3ea977a1918a38e7,0.0,0.0,0,1
4050,3ebb516041d005cc,0.0,0.0,0,1
4051,3ec42c47f06dd5c0,0.0,0.0,0,1
4052,3f55dd0aa76b84db,0.0,0.0,0,1
4053,3f75fa9eb644848a,0.0,0.0,0,1
4054,3feef40fff14a3c8,0.0,0.0,0,1
4055,4074d601f6c3ea7f,0.0,0.0,0,1
4056,40c198513f4c9d20,0.0,0.0,0,1
4057,40d67d14764d694f,0.0,0.0,0,1
4058,4118f52b3d9ad35d,0.0,0.0,0,1
4059,4135e6df82e1220a,0.0,0.0,0,1
4060,414c7977ea01cca7,0.0,0.0,0,1
4061,416caf9b90cd96bc,0.0,0.0,0,1
4062,417d65d6b9b903ce,0.0,0.0,0,1
4063,419d8da2438445ec,0.0,0.0,0,1
4064,41a65e7ba140f29c,0.0,0.0,0,1
4065,41a8d4a2d7575d3d,0.0,0.0,0,1
4066,41dfea099068f2ff,0.0,0.0,0,1
4067,41e156469e530e9a,0.0,0.0,0,1
4068,420eab5cde767ad8,0.0,0.0,0,1
4069,422b61ec6b9a9c07,0.0,0.0,0,1
4070,4232e497eed61970,0.0,0.0,0,1
4071,424dabf9841a0353,0.0,0.0,0,1
4072,428e5ba635e8eb53,0.0,0.0,0,1
4073,430792ef814a2482,0.0,0.0,0,1
4074,437592d0dd0d5072,0.0,0.0,0,1
4075,4398b4865655076b,0.0,0.0,0,1
4076,43b6006a5e293df9,0.0,0.0,0,1
4077,43be77487cf30cb4,0.0,0.0,0,1
4078,43df6db4e9758ed7,0.0,0.0,0,1
4079,440b067b7a0504ab,0.0,0.0,0,1
4080,445dba446dfd4aa9,0.0,0.0,0,1
4081,4462068d822254c9,0.0,0.0,0,1
4082,44810130f2028b54,0.0,0.0,0,1
4083,4498da53c44d8e9d,0.0,0.0,0,1
4084,44bfa1a295c9d464,0.0,0.0,0,1
4085,44c4a981d18e2252,0.0,0.0,0,1
4086,44fb238e62fe6caf,0.0,0.0,0,1
4087,44fee38f05b20913,0.0,0.0,0,1
4088,4507d1870406323a,0.0,0.0,0,1
4089,45423fa0c4450742,0.0,0.0,0,1
4090,45549332f1fa7cf5,0.0,0.0,0,1
4091,456bb9919c3253ca,0.0,0.0,0,1
4092,45b7c8b60105eed1,0.0,0.0,0,1
4093,45c4c05556e43475,0.0,0.0,0,1
4094,463b851bbb95fd8d,0.0,0.0,0,1
4095,467d9985a352700e,0.0,0.0,0,1
4096,4682859ffac2c25e,0.0,0.0,0,1
4097,469176df82a07b28,0.0,0.0,0,1
4098,46a0f1cec9449a4d,0.0,0.0,0,1
4099,46cf109f7641c68f,0.0,0.0,0,1
4100,46d4f908d2e06701,0.0,0.0,0,1
4101,472418d1986d7a0c,0.0,0.0,0,1
4102,473dd5b50c87e13a,0.0,0.0,0,1
4103,474866d0bcd85baf,0.0,0.0,0,1
4104,476edb293408acc1,0.0,0.0,0,1
4105,47a8d1e2b3787de6,0.0,0.0,0,1
4106,47b4c6d93a679bb4,0.0,0.0,0,1
4107,47c705bfdc4990ed,0.0,0.0,0,1
4108,480301c547c0c4eb,0.0,0.0,0,1
4109,4820acb31cc91eec,0.0,0.0,0,1
4110,48519add76fbe2d6,0.0,0.0,0,1
4111,4886eeee81ab2030,0.0,0.0,0,1
4112,488e011afe9e7866,0.0,0.0,0,1
4113,489872be7e8138f0,0.0,0.0,0,1
4114,48baca7520ef4232,0.0,0.0,0,1
4115,48c8eacf1ab47e52,0.0,0.0,0,1
4116,48d124807711e4b2,0.0,0.0,0,1
4117,497080fded85f0af,0.0,0.0,0,1
4118,498dbebb7a729a9a,0.0,0.0,0,1
4119,499394c70eed7b2c,0.0,0.0,0,1
4120,49a843832402ea91,0.0,0.0,0,1
4121,49c5150701555bc2,0.0,0.0,0,1
4122,49d0c751cd014fc1,0.0,0.0,0,1
4123,4a4c01ee121eb804,0.0,0.0,0,1
4124,4a6ddda797cd8212,0.0,0.0,0,1
4125,4a7da2d6cf35946b,0.0,0.0,0,1
4126,4ac1e4e965d3b63c,0.0,0.0,0,1
4127,4acbc0464db803df,0.0,0.0,0,1
4128,4af3ca15325253b3,0.0,0.0,0,1
4129,4b0f36a2389df5de,0.0,0.0,0,1
4130,4b49491f4ec98b02,0.0,0.0,0,1
4131,4b51d683e8d14f50,0.0,0.0,0,1
4132,4b541d0f363101fb,0.0,0.0,0,1
4133,4b59934e1bb85aef,0.0,0.0,0,1
4134,4b5fbb237e43dd1d,0.0,0.0,0,1
4135,4b8c5e4e3b3f48ef,0.0,0.0,0,1
4136,4ba7cab00fdc1fa4,0.0,0.0,0,1
4137,4bd608d2f7536175,0.0,0.0,0,1
4138,4bd9150b643ef7c1,0.0,0.0,0,1
4139,4bdb6739c293d9f8,0.0,0.0,0,1
4140,4c39141ab2175bf1,0.0,0.0,0,1
4141,4c4a83006e7d1854,0.0,0.0,0,1
4142,4c79e459306e04e0,0.0,0.0,0,1
4143,4c7ec3bb5f6b80a1,0.0,0.0,0,1
4144,4cd020bfaa9fe8c1,0.0,0.0,0,1
4145,4d66b48aa3b676b1,0.0,0.0,0,1
4146,4d702fb15d36f543,0.0,0.0,0,1
4147,4db9762662f005aa,0.0,0.0,0,1
4148,4dd4c383b9dcb6be,0.0,0.0,0,1
4149,4e1c11d2fc94114e,0.0,0.0,0,1
4150,4e6615e41ecf5bf1,0.0,0.0,0,1
4151,4e9de27b373e526c,0.0,0.0,0,1
4152,4ec851549029c49c,0.0,0.0,0,1
4153,4f6e6a1a709ddc1a,0.0,0.0,0,1
4154,4f85c02529353660,0.0,0.0,0,1
4155,4fa67c2864d0c644,0.0,0.0,0,1
4156,4fbccd765201b36a,0.0,0.0,0,1
4157,4fd19cc5e81ea295,0.0,0.0,0,1
4158,4fe51f0a82572423,0.0,0.0,0,1
4159,4fec21a44e783f11,0.0,0.0,0,1
4160,4ff7f34f407cf20b,0.0,0.0,0,1
4161,4ff82e5378daf3d6,0.0,0.0,0,1
4162,5015b3abd8956633,0.0,0.0,0,1
4163,50187b34f36ed94f,0.0,0.0,0,1
4164,5047f9742c5841f0,0.0,0.0,0,1
4165,5063db25a2552829,0.0,0.0,0,1
4166,5139461725e3a471,0.0,0.0,0,1
4167,515d39ab7bf58aa4,0.0,0.0,0,1
4168,51894588f3c91c1d,0.0,0.0,0,1
4169,51c1f8a33ebea9cb,0.0,0.0,0,1
4170,51de48d097e2e1b5,0.0,0.0,0,1
4171,51df15b2187d56f8,0.0,0.0,0,1
4172,520ede280f308bb6,0.0,0.0,0,1
4173,5215f749f89a6679,0.0,0.0,0,1
4174,5228870351076ebe,0.0,0.0,0,1
4175,5229589f7722ab9e,0.0,0.0,0,1
4176,5265a251b3dee63b,0.0,0.0,0,1
4177,5266b2f90d2fe808,0.0,0.0,0,1
4178,52ad777c439f5360,0.0,0.0,0,1
4179,52bb46db0b4252fd,0.0,0.0,0,1
4180,5315ac04af062d9c,0.0,0.0,0,1
4181,531a8631b95ff313,0.0,0.0,0,1
4182,533761c308a6fa79,0.0,0.0,0,1
4183,533e05c0af5cfcb3,0.0,0.0,0,1
4184,535bb99b06f1b22c,0.0,0.0,0,1
4185,537cb463e1149981,0.0,0.0,0,1
4186,541f1734c07a00e9,0.0,0.0,0,1
4187,542ebc6dd3789425,0.0,0.0,0,1
4188,544b0d0779b3b186,0.0,0.0,0,1
4189,544b8063b3dc28f7,0.0,0.0,0,1
4190,548848bc7d23a887,0.0,0.0,0,1
4191,54a67d3fb8dfe52c,0.0,0.0,0,1
4192,5512c57acd517f03,0.0,0.0,0,1
4193,5534fde03b182f87,0.0,0.0,0,1
4194,5560e488a4784d89,0.0,0.0,0,1
4195,5596f20c18d3e93b,0.0,0.0,0,1
4196,559d383659a14357,0.0,0.0,0,1
4197,55a5cbcc813011f4,0.0,0.0,0,1
4198,55c53ab796b29169,0.0,0.0,0,1
4199,5636a7261198f6cf,0.0,0.0,0,1
4200,56687a555899b8ff,0.0,0.0,0,1
4201,5673a5171608adc5,0.0,0.0,0,1
4202,56d24b9aaac6edaa,0.0,0.0,0,1
4203,56debe6d6e173c97,0.0,0.0,0,1
4204,56f00f6a27c1111a,0.0,0.0,0,1
4205,56f89cdc93a7678c,0.0,0.0,0,1
4206,570e2e3f689bdd97,0.0,0.0,0,1
4207,5722cec87b84d3fe,0.0,0.0,0,1
4208,573b48e13d9cfb12,0.0,0.0,0,1
4209,575b288493f444c9,0.0,0.0,0,1
4210,5796ecccc6174edd,0.0,0.0,0,1
4211,57a972742bdad8af,0.0,0.0,0,1
4212,57cc253a5213b9f7,0.0,0.0,0,1
4213,58013c8f0b92cca6,0.0,0.0,0,1
4214,580e3501da787039,0.0,0.0,0,1
4215,583eb09fd7aa8ad0,0.0,0.0,0,1
4216,586636c7d876d856,0.0,0.0,0,1
4217,58da809c3e560453,0.0,0.0,0,1
4218,58e0ab26b83c7454,0.0,0.0,0,1
4219,58e142e778b75b41,0.0,0.0,0,1
4220,59004aa2a1f96240,0.0,0.0,0,1
4221,595e3395492997ab,0.0,0.0,0,1
4222,596203dbec669625,0.0,0.0,0,1
4223,5967a2c84e99b683,0.0,0.0,0,1
4224,59c71469963a4a42,0.0,0.0,0,1
4225,59d6e32d09b3f7d5,0.0,0.0,0,1
4226,5a1d8c68a6aec839,0.0,0.0,0,1
4227,5a28e63794c914c7,0.0,0.0,0,1
4228,5a375474b1f6d8c4,0.0,0.0,0,1
4229,5a47327bd4ee9d84,0.0,0.0,0,1
4230,5a9412c8e160a1fd,0.0,0.0,0,1
4231,5aa2550632ae0fec,0.0,0.0,0,1
4232,5aae5d9ec2bffa45,0.0,0.0,0,1
4233,5abe3b5bdda424b8,0.0,0.0,0,1
4234,5b0b7833b684f4ce,0.0,0.0,0,1
4235,5b111e4cae1d3563,0.0,0.0,0,1
4236,5b131b9a7206ee0a,0.0,0.0,0,1
4237,5b2469fb83c19997,0.0,0.0,0,1
4238,5b592235000fb6cf,0.0,0.0,0,1
4239,5b75bb5f60eb445c,0.0,0.0,0,1
4240,5b996dfaf7b04c3c,0.0,0.0,0,1
4241,5babbd818f463729,0.0,0.0,0,1
4242,5bf2d2eda6bc35e5,0.0,0.0,0,1
4243,5c102194086e15df,0.0,0.0,0,1
4244,5c26696daf555c33,0.0,0.0,0,1
4245,5c3beedc137ebf87,0.0,0.0,0,1
4246,5c489296c03cb906,0.0,0.0,0,1
4247,5c5e2d10676d581f,0.0,0.0,0,1
4248,5c95105e9cd2e3ea,0.0,0.0,0,1
4249,5cccdc9e6afec2fa,0.0,0.0,0,1
4250,5cd44067730b70ad,0.0,0.0,0,1
4251,5cf54536d6366ee5,0.0,0.0,0,1
4252,5d15c2fa339ce72e,0.0,0.0,0,1
4253,5d3f4965a8a14469,0.0,0.0,0,1
4254,5da80377dc74405a,0.0,0.0,0,1
4255,5db46ec414d4b318,0.0,0.0,0,1
4256,5dce39146a6fb65e,0.0,0.0,0,1
4257,5df04e94e0e967c7,0.0,0.0,0,1
4258,5df23fa5e8908542,0.0,0.0,0,1
4259,5e64d49a52208a5c,0.0,0.0,0,1
4260,5e74d00f62839ec4,0.0,0.0,0,1
4261,5ec2fee438c706a2,0.0,0.0,0,1
4262,5f10079687c64038,0.0,0.0,0,1
4263,5f120c1f57cfcb3e,0.0,0.0,0,1
4264,5f99fdfedb3bceee,0.0,0.0,0,1
4265,5fa3887efd183d51,0.0,0.0,0,1
4266,5fc8bd68d1b7ae99,0.0,0.0,0,1
4267,5fe6fd8fd561167b,0.0,0.0,0,1
4268,6004a162bdd0be5c,0.0,0.0,0,1
4269,6024c9509eeb8568,0.0,0.0,0,1
4270,6026e98ed9724e78,0.0,0.0,0,1
4271,60ce49f1696bb54d,0.0,0.0,0,1
4272,60d908aedb6ab387,0.0,0.0,0,1
4273,61284539ae692ec0,0.0,0.0,0,1
4274,613a2fa3d468e887,0.0,0.0,0,1
4275,613cb05e9855d674,0.0,0.0,0,1
4276,616896151e2df004,0.0,0.0,0,1
4277,618ab222080b899d,0.0,0.0,0,1
4278,61b0221c03e94911,0.0,0.0,0,1
4279,61d8a46e1f8df53c,0.0,0.0,0,1
4280,61d8c86bdb01dfa4,0.0,0.0,0,1
4281,61febd347ab8abbb,0.0,0.0,0,1
4282,6206066fb49803fd,0.0,0.0,0,1
4283,620adeba5660a76f,0.0,0.0,0,1
4284,620be5ef2856fa59,0.0,0.0,0,1
4285,62260aa1e3516465,0.0,0.0,0,1
4286,623af4a347b9dca5,0.0,0.0,0,1
4287,62407ec65487201f,0.0,0.0,0,1
4288,6241bb82c349b607,0.0,0.0,0,1
4289,624f60900cf38161,0.0,0.0,0,1
4290,627e7249b58511a6,0.0,0.0,0,1
4291,62f52507e1909dfb,0.0,0.0,0,1
4292,62f80bfc059980fe,0.0,0.0,0,1
4293,631d1dc55ed80815,0.0,0.0,0,1
4294,632d0ea95aeb43df,0.0,0.0,0,1
4295,6339dacff26a2a28,0.0,0.0,0,1
4296,63ceb4bf0cf1acd7,0.0,0.0,0,1
4297,63d516b21b7dff96,0.0,0.0,0,1
4298,63dfe157853d2989,0.0,0.0,0,1
4299,643bdce22018268c,0.0,0.0,0,1
4300,64490294d4041fe5,0.0,0.0,0,1
4301,649d182d2acbf3e9,0.0,0.0,0,1
4302,64d846cf3f12d592,0.0,0.0,0,1
4303,6510d1e32b761ac8,0.0,0.0,0,1
4304,655af2afb1402922,0.0,0.0,0,1
4305,656b38b270408d4e,0.0,0.0,0,1
4306,657191020834f71c,0.0,0.0,0,1
4307,6581ffc5e7cdef63,0.0,0.0,0,1
4308,65a0f00ae56909c5,0.0,0.0,0,1
4309,65c2925556720487,0.0,0.0,0,1
4310,65d5f2366c37e50f,0.0,0.0,0,1
4311,65eee722e4d6ab45,0.0,0.0,0,1
4312,6630b06e802ae165,0.0,0.0,0,1
4313,66782eb651b8a877,0.0,0.0,0,1
4314,672c079172b5057b,0.0,0.0,0,1
4315,672eb8a12a25d606,0.0,0.0,0,1
4316,6749ffad78004fd5,0.0,0.0,0,1
4317,67d60abe446d1c3c,0.0,0.0,0,1
4318,67d953d15a181f4f,0.0,0.0,0,1
4319,682d93b8b0fd21fb,0.0,0.0,0,1
4320,682de2777cbb79ee,0.0,0.0,0,1
4321,685e9eeff4e6ab13,0.0,0.0,0,1
4322,6893f7045baf629a,0.0,0.0,0,1
4323,68a4c15ba40310b2,0.0,0.0,0,1
4324,68f4442b53dce13c,0.0,0.0,0,1
4325,690d20d92f80a148,0.0,0.0,0,1
4326,69166b0c2ce26f3f,0.0,0.0,0,1
4327,69323c868b8d3241,0.0,0.0,0,1
4328,693e63d3aa122131,0.0,0.0,0,1
4329,694e4da650dfb5dc,0.0,0.0,0,1
4330,697bafcbb69e36b2,0.0,0.0,0,1
4331,698afb1d0e78fe11,0.0,0.0,0,1
4332,69cef637651c0b32,0.0,0.0,0,1
4333,69f6e795bf5855ce,0.0,0.0,0,1
4334,6a3d91ed3bd5d738,0.0,0.0,0,1
4335,6a47f3e160a7fd0e,0.0,0.0,0,1
4336,6a59f61fe3420a2e,0.0,0.0,0,1
4337,6ad333b3021a17e1,0.0,0.0,0,1
4338,6ad3d1b6e3409618,0.0,0.0,0,1
4339,6aff2120ea7c54ef,0.0,0.0,0,1
4340,6b22429641ae6d92,0.0,0.0,0,1
4341,6b65d779c1bf4ee8,0.0,0.0,0,1
4342,6b74517e58c1a469,0.0,0.0,0,1
4343,6b75a66bdab975b1,0.0,0.0,0,1
4344,6b8faace607e1160,0.0,0.0,0,1
4345,6bd2b7a474acfcae,0.0,0.0,0,1
4346,6bd65a7b25e3896e,0.0,0.0,0,1
4347,6bffc2c966416de9,0.0,0.0,0,1
4348,6c1899aed0bc8ff4,0.0,0.0,0,1
4349,6c73acb4bbcb9bb7,0.0,0.0,0,1
4350,6c878b623da67703,0.0,0.0,0,1
4351,6c8a8f63cce3c68c,0.0,0.0,0,1
4352,6c97b315012f9897,0.0,0.0,0,1
4353,6cabde143a3a531c,0.0,0.0,0,1
4354,6caf04b7dde5d7dc,0.0,0.0,0,1
4355,6cb8d3a5a8e835b1,0.0,0.0,0,1
4356,6ccab3c5fcc83a41,0.0,0.0,0,1
4357,6cef76cfc254ffac,0.0,0.0,0,1
4358,6d135b84bd18fd9f,0.0,0.0,0,1
4359,6d6c19a0e66a4197,0.0,0.0,0,1
4360,6dac9e55bc49a605,0.0,0.0,0,1
4361,6dcfe1db36bde82f,0.0,0.0,0,1
4362,6df113573cd2b631,0.0,0.0,0,1
4363,6df871a281ecdead,0.0,0.0,0,1
4364,6e01836fc1c1af8e,0.0,0.0,0,1
4365,6e256412a5c6a75d,0.0,0.0,0,1
4366,6e2fb92525a58a2b,0.0,0.0,0,1
4367,6e32781ea19a9d58,0.0,0.0,0,1
4368,6e5392b698bb9dd4,0.0,0.0,0,1
4369,6eb2d7cd1d1920fb,0.0,0.0,0,1
4370,6f520df2649d35ef,0.0,0.0,0,1
4371,6f53f7f7575614bf,0.0,0.0,0,1
4372,6f64ec0dacd74591,0.0,0.0,0,1
4373,6f671d63c2f6da2b,0.0,0.0,0,1
4374,6fbc9bd440a00863,0.0,0.0,0,1
4375,703fe36f4c26d80f,0.0,0.0,0,1
4376,704b88be71d8cef4,0.0,0.0,0,1
4377,70814094a5fe2e06,0.0,0.0,0,1
4378,70b6d04288a57c92,0.0,0.0,0,1
4379,70baa0f79ce00a70,0.0,0.0,0,1
4380,70bed0aa15a45d7a,0.0,0.0,0,1
4381,70c39e9f523dd813,0.0,0.0,0,1
4382,70d55b833945590b,0.0,0.0,0,1
4383,710beeaef20e6bbf,0.0,0.0,0,1
4384,7125287a68ecd0f4,0.0,0.0,0,1
4385,71b1f87b63119aab,0.0,0.0,0,1
4386,71b50d1a508e8534,0.0,0.0,0,1
4387,71e9b8b34dfcc0d8,0.0,0.0,0,1
4388,71f0a74be9cfc53e,0.0,0.0,0,1
4389,722ff4a7b9b9772f,0.0,0.0,0,1
4390,72314beb37f539df,0.0,0.0,0,1
4391,7242163aa49c6795,0.0,0.0,0,1
4392,727f54046c1a3c79,0.0,0.0,0,1
4393,728ddc470328a841,0.0,0.0,0,1
4394,7294d173c8d4ba8c,0.0,0.0,0,1
4395,72dd55171181923e,0.0,0.0,0,1
4396,731880d91e4117ec,0.0,0.0,0,1
4397,7342fece9fcbda98,0.0,0.0,0,1
4398,7356dcc740197610,0.0,0.0,0,1
4399,736a0f2a1f291593,0.0,0.0,0,1
4400,739dbe055464c051,0.0,0.0,0,1
4401,74060339b0d582fc,0.0,0.0,0,1
4402,741242b62b44f9b3,0.0,0.0,0,1
4403,741599a285fde8f0,0.0,0.0,0,1
4404,742b35bf62ba7660,0.0,0.0,0,1
4405,7441d15dc1ce90ec,0.0,0.0,0,1
4406,7471ef69b3ddfd6e,0.0,0.0,0,1
4407,7486e1401692630b,0.0,0.0,0,1
4408,748cc797a3732734,0.0,0.0,0,1
4409,74d28cce3e93b63f,0.0,0.0,0,1
4410,74e9eec9a4928d58,0.0,0.0,0,1
4411,7504d2cfa61c2bdc,0.0,0.0,0,1
4412,750b7df2039a3a32,0.0,0.0,0,1
4413,75576934f5721ea6,0.0,0.0,0,1
4414,758aef06493a8525,0.0,0.0,0,1
4415,75bda87b58fb9019,0.0,0.0,0,1
4416,75c88f13086dcdfd,0.0,0.0,0,1
4417,75d128e73fceac87,0.0,0.0,0,1
4418,761dcd0aa424de16,0.0,0.0,0,1
4419,76432535b8b1e4ae,0.0,0.0,0,1
4420,764a52357e178d34,0.0,0.0,0,1
4421,76506a236e71295e,0.0,0.0,0,1
4422,7667a789f7351bcd,0.0,0.0,0,1
4423,769ae25d28d95738,0.0,0.0,0,1
4424,76c725bb03be2544,0.0,0.0,0,1
4425,773ec6a244e44de8,0.0,0.0,0,1
4426,7746854449e15b6c,0.0,0.0,0,1
4427,776622774f1f4be1,0.0,0.0,0,1
4428,77a2ce5c6440ce7e,0.0,0.0,0,1
4429,77c0d3986605b418,0.0,0.0,0,1
4430,77ffc360c99fcb8e,0.0,0.0,0,1
4431,7810fd2a1193fa8d,0.0,0.0,0,1
4432,783581de2e2793b3,0.0,0.0,0,1
4433,786721730a3c613a,0.0,0.0,0,1
4434,78acaf6704b5afc9,0.0,0.0,0,1
4435,78bdfe725d05c85e,0.0,0.0,0,1
4436,78c1660902c39f00,0.0,0.0,0,1
4437,791f76923a99ad06,0.0,0.0,0,1
4438,7921a75c7a32b19f,0.0,0.0,0,1
4439,792a672341be75b2,0.0,0.0,0,1
4440,79351a3644c1846f,0.0,0.0,0,1
4441,797b8b1e0ef24597,0.0,0.0,0,1
4442,798648fe77bb734e,0.0,0.0,0,1
4443,7a0994462d0f9ce1,0.0,0.0,0,1
4444,7a4529fb8217a856,0.0,0.0,0,1
4445,7a80aee640116121,0.0,0.0,0,1
4446,7a9c82b1a8886b71,0.0,0.0,0,1
4447,7aa36d0bb461d94c,0.0,0.0,0,1
4448,7aa62d4862807cad,0.0,0.0,0,1
4449,7ab6d958f64291eb,0.0,0.0,0,1
4450,7ac0e88ae50b1229,0.0,0.0,0,1
4451,7b0768394cda6702,0.0,0.0,0,1
4452,7b141ed819411bbd,0.0,0.0,0,1
4453,7b2cc592f3cdd199,0.0,0.0,0,1
4454,7b3bf9879258ba96,0.0,0.0,0,1
4455,7b90f163f057240b,0.0,0.0,0,1
4456,7b9c16c8dad25e6b,0.0,0.0,0,1
4457,7bc2e763edbba2e6,0.0,0.0,0,1
4458,7bf052b6e328c973,0.0,0.0,0,1
4459,7c0553e6811a29c5,0.0,0.0,0,1
4460,7c164196e3185121,0.0,0.0,0,1
4461,7c9741f51ec1ba9f,0.0,0.0,0,1
4462,7cbc857c840b6c5a,0.0,0.0,0,1
4463,7ceb25f97c0fd2eb,0.0,0.0,0,1
4464,7cfcc9c9a2698797,0.0,0.0,0,1
4465,7d2b590839d83e4c,0.0,0.0,0,1
4466,7d2bd5cc9c01a08a,0.0,0.0,0,1
4467,7d52c266d0f84d15,0.0,0.0,0,1
4468,7d6bfbb30700b2da,0.0,0.0,0,1
4469,7d6c89c8b8c253a1,0.0,0.0,0,1
4470,7d88c468d87e1f9c,0.0,0.0,0,1
4471,7dbe783cc1479092,0.0,0.0,0,1
4472,7dcb0da4ad5bfd23,0.0,0.0,0,1
4473,7de7da652b44ac5a,0.0,0.0,0,1
4474,7e1c6b54ecef0186,0.0,0.0,0,1
4475,7e30af594c0a0221,0.0,0.0,0,1
4476,7e45d906b7f68c9a,0.0,0.0,0,1
4477,7e55ad3f22a5d844,0.0,0.0,0,1
4478,7e7a0c830fdbee23,0.0,0.0,0,1
4479,7e99783757ba59bf,0.0,0.0,0,1
4480,7ea33b21213c085a,0.0,0.0,0,1
4481,7eb71a41477c4c5a,0.0,0.0,0,1
4482,7eb9e43053f76f3b,0.0,0.0,0,1
4483,7ebb8e1a88125039,0.0,0.0,0,1
4484,7ebe7f7f29c6a72a,0.0,0.0,0,1
4485,7ec507219fb73eb5,0.0,0.0,0,1
4486,7ecfa7cbe2abe8ef,0.0,0.0,0,1
4487,7ef49dd541e6631a,0.0,0.0,0,1
4488,7f11015e3a300098,0.0,0.0,0,1
4489,7f112e6247a91c71,0.0,0.0,0,1
4490,7f2fe0146d8e059a,0.0,0.0,0,1
4491,7f6916228b5a1c4b,0.0,0.0,0,1
4492,7f7d80d1df488f69,0.0,0.0,0,1
4493,7f9f5bb48abebac8,0.0,0.0,0,1
4494,800c5df3313662b0,0.0,0.0,0,1
4495,8025030a5d6b110b,0.0,0.0,0,1
4496,810da292a0ba39d3,0.0,0.0,0,1
4497,811ce97414672ef3,0.0,0.0,0,1
4498,8123c02ff74ab37d,0.0,0.0,0,1
4499,81499e809bee88b9,0.0,0.0,0,1
4500,816645d55ec197fc,0.0,0.0,0,1
4501,8178676c37a9a888,0.0,0.0,0,1
4502,81c824ea84156c21,0.0,0.0,0,1
4503,81e78da18547b630,0.0,0.0,0,1
4504,8250a21fed8144a2,0.0,0.0,0,1
4505,825a783c1ee39c99,0.0,0.0,0,1
4506,8293bb3ac024515f,0.0,0.0,0,1
4507,82c90665fc6c1b4d,0.0,0.0,0,1
4508,836b06bf07e7474b,0.0,0.0,0,1
4509,837134d3f5ff3b77,0.0,0.0,0,1
4510,83c611410a0cf0d4,0.0,0.0,0,1
4511,842012f1083bbf50,0.0,0.0,0,1
4512,84362a5ae3ebbc07,0.0,0.0,0,1
4513,84769feb4abedb6e,0.0,0.0,0,1
4514,8480acc39c9dbc2c,0.0,0.0,0,1
4515,848bbde2054d6a88,0.0,0.0,0,1
4516,84a6621f9ae5d1bc,0.0,0.0,0,1
4517,84e36ff8ef56af0c,0.0,0.0,0,1
4518,84f24375e4fdb8df,0.0,0.0,0,1
4519,8512821cca3366f4,0.0,0.0,0,1
4520,85326d7d38fdbd8c,0.0,0.0,0,1
4521,856b489e5b929d81,0.0,0.0,0,1
4522,85a7585e514bbfa9,0.0,0.0,0,1
4523,85c045defcaab6a9,0.0,0.0,0,1
4524,85e7943e9dd6a9c9,0.0,0.0,0,1
4525,863587005d4105f1,0.0,0.0,0,1
4526,864d36a7eede18ef,0.0,0.0,0,1
4527,8669adfb3302d20d,0.0,0.0,0,1
4528,868b86cfa3bb8ef8,0.0,0.0,0,1
4529,86b2711e22bba954,0.0,0.0,0,1
4530,870bd2692c0ae3cc,0.0,0.0,0,1
4531,871f65cfc0ddca22,0.0,0.0,0,1
4532,87359189ff0510c0,0.0,0.0,0,1
4533,87bf27b01158c664,0.0,0.0,0,1
4534,8825a3843cca6a23,0.0,0.0,0,1
4535,88676456799efb8a,0.0,0.0,0,1
4536,88790a115097bed2,0.0,0.0,0,1
4537,88d51ec9e827f498,0.0,0.0,0,1
4538,88db13c78795f737,0.0,0.0,0,1
4539,88fe3f90713f010c,0.0,0.0,0,1
4540,893530c871122f5b,0.0,0.0,0,1
4541,8968b08736911e2e,0.0,0.0,0,1
4542,8970e4dbaebdcc46,0.0,0.0,0,1
4543,897932231c41036d,0.0,0.0,0,1
4544,89a94f9966ceeb56,0.0,0.0,0,1
4545,89b6e41ee523edb5,0.0,0.0,0,1
4546,8a738d7afa6523ee,0.0,0.0,0,1
4547,8a9d7f58fa9863e4,0.0,0.0,0,1
4548,8abb52fee7a70113,0.0,0.0,0,1
4549,8addb25f24ea094c,0.0,0.0,0,1
4550,8b2fc64e79e7c027,0.0,0.0,0,1
4551,8b4df51eff683bff,0.0,0.0,0,1
4552,8b6ca67bb9bacf8a,0.0,0.0,0,1
4553,8b896efb302dc5e5,0.0,0.0,0,1
4554,8b95dbae9014514c,0.0,0.0,0,1
4555,8ba1a862c11355c9,0.0,0.0,0,1
4556,8bd5756144a529ea,0.0,0.0,0,1
4557,8bda928e2b5e2d3a,0.0,0.0,0,1
4558,8bf866a5d40d382c,0.0,0.0,0,1
4559,8c12b8664e12de5d,0.0,0.0,0,1
4560,8c45b9235dc4528d,0.0,0.0,0,1
4561,8c52e3d82dcee481,0.0,0.0,0,1
4562,8c82f5854f6006e9,0.0,0.0,0,1
4563,8caea9e27c31b24b,0.0,0.0,0,1
4564,8cb572914acc4d7d,0.0,0.0,0,1
4565,8cc506a7b27735d5,0.0,0.0,0,1
4566,8ccb7f9a5a429c70,0.0,0.0,0,1
4567,8cd039fe1cbcc7ad,0.0,0.0,0,1
4568,8cebc7cc9e74664d,0.0,0.0,0,1
4569,8d04491f27ede1a4,0.0,0.0,0,1
4570,8d1d7dc9d183539f,0.0,0.0,0,1
4571,8d1fbcee9267fe2e,0.0,0.0,0,1
4572,8d2b0a569f6aaee7,0.0,0.0,0,1
4573,8d328f04200be4dd,0.0,0.0,0,1
4574,8d337b95c3a59717,0.0,0.0,0,1
4575,8d544fc53f96f5ed,0.0,0.0,0,1
4576,8d6c84ebd86e57eb,0.0,0.0,0,1
4577,8d7403c5b4c6b20d,0.0,0.0,0,1
4578,8da18ea31fec4a1f,0.0,0.0,0,1
4579,8e490a0c067d818d,0.0,0.0,0,1
4580,8e773d49b51a95f7,0.0,0.0,0,1
4581,8e78bf27d9731f94,0.0,0.0,0,1
4582,8e917463f5f9dcdd,0.0,0.0,0,1
4583,8e931344ac2569a8,0.0,0.0,0,1
4584,8e9e43a17c233bc9,0.0,0.0,0,1
4585,8e9f0d7bafbe470c,0.0,0.0,0,1
4586,8ea6f178379dccd9,0.0,0.0,0,1
4587,8ee6d0a98b1e2899,0.0,0.0,0,1
4588,8ee6fd7eeca8003d,0.0,0.0,0,1
4589,8f94132c80bdbf0a,0.0,0.0,0,1
4590,8fa0a24689d615d0,0.0,0.0,0,1
4591,8fc2ba3506891cf3,0.0,0.0,0,1
4592,8fccdf6b18831929,0.0,0.0,0,1
4593,8fdeddfe7558bcd2,0.0,0.0,0,1
4594,8fe5c4027451f56c,0.0,0.0,0,1
4595,901f4195c3c3b450,0.0,0.0,0,1
4596,90467975b4c5953d,0.0,0.0,0,1
4597,904c9f84b8a2bd46,0.0,0.0,0,1
4598,908089856543fc66,0.0,0.0,0,1
4599,9094c56bd3648128,0.0,0.0,0,1
4600,90da3908cbf39b24,0.0,0.0,0,1
4601,91095563766d7f2c,0.0,0.0,0,1
4602,91136ebe9d37d486,0.0,0.0,0,1
4603,911ba792ed83ae2a,0.0,0.0,0,1
4604,915d690e36578bcc,0.0,0.0,0,1
4605,916f6828c5fe51e5,0.0,0.0,0,1
4606,919a9228d2304fb3,0.0,0.0,0,1
4607,91bd2525c47e97b4,0.0,0.0,0,1
4608,91c5bc6c9d84a495,0.0,0.0,0,1
4609,91d8a9505aa715e4,0.0,0.0,0,1
4610,91e1f2f1d924e62b,0.0,0.0,0,1
4611,91e580ee580bbc80,0.0,0.0,0,1
4612,91f02be36d86817e,0.0,0.0,0,1
4613,92030cbb93c6a24d,0.0,0.0,0,1
4614,9206ecaba64570c8,0.0,0.0,0,1
4615,9239428e535f18c4,0.0,0.0,0,1
4616,927c59918cab766e,0.0,0.0,0,1
4617,928d31e4f7847290,0.0,0.0,0,1
4618,9295cce3ddbbd85e,0.0,0.0,0,1
4619,92aaaa0a3e3a28aa,0.0,0.0,0,1
4620,92c02190861ba235,0.0,0.0,0,1
4621,92ccd53aa366110f,0.0,0.0,0,1
4622,92d1ba41b1a1de0d,0.0,0.0,0,1
4623,92f5374c4bf57331,0.0,0.0,0,1
4624,9302f78c3557cf37,0.0,0.0,0,1
4625,9329234d251dc62e,0.0,0.0,0,1
4626,93432e43690492a1,0.0,0.0,0,1
4627,939a70629d449445,0.0,0.0,0,1
4628,93a567dbd5277c82,0.0,0.0,0,1
4629,93d2b70387a23544,0.0,0.0,0,1
4630,93f33dac868eda42,0.0,0.0,0,1
4631,9434486230bea5c0,0.0,0.0,0,1
4632,9443db896b1478b5,0.0,0.0,0,1
4633,944ef0793e26caaf,0.0,0.0,0,1
4634,946db176d8f21608,0.0,0.0,0,1
4635,9491ecfe785e4ae8,0.0,0.0,0,1
4636,9494645fbca5a957,0.0,0.0,0,1
4637,9496a4d8cf47d71d,0.0,0.0,0,1
4638,94daae5bb4b9c4ab,0.0,0.0,0,1
4639,94dffc2b0e4c8d0a,0.0,0.0,0,1
4640,9517af5b30863fe7,0.0,0.0,0,1
4641,95596881d9c0a557,0.0,0.0,0,1
4642,95f9094a1c73d047,0.0,0.0,0,1
4643,9608095b4c4dae0b,0.0,0.0,0,1
4644,9643890e7aba483b,0.0,0.0,0,1
4645,964d4bac604f844c,0.0,0.0,0,1
4646,96f68c06fafb8c89,0.0,0.0,0,1
4647,974290bd495dd9a5,0.0,0.0,0,1
4648,97a9724415dcdc92,0.0,0.0,0,1
4649,97d92f393c5afa9c,0.0,0.0,0,1
4650,97fce7bf3a0bdc20,0.0,0.0,0,1
4651,98218dd882a76ca0,0.0,0.0,0,1
4652,98441cbb7d639406,0.0,0.0,0,1
4653,98aa9f9c35fe2d64,0.0,0.0,0,1
4654,98b2489b8bed2d50,0.0,0.0,0,1
4655,98bb1e3a5fbcdf1e,0.0,0.0,0,1
4656,98d3c95b41ad6edf,0.0,0.0,0,1
4657,98e0a2e34848c13f,0.0,0.0,0,1
4658,98e129d0bc888e49,0.0,0.0,0,1
4659,99240ede71fcd6a9,0.0,0.0,0,1
4660,9928f2d06e8b890a,0.0,0.0,0,1
4661,992d4db02e5f1d7f,0.0,0.0,0,1
4662,9946354bc863debe,0.0,0.0,0,1
4663,9973c639deeb7ede,0.0,0.0,0,1
4664,99857c727ddcd849,0.0,0.0,0,1
4665,99be2c47eecba31c,0.0,0.0,0,1
4666,99d68c662d9ec06e,0.0,0.0,0,1
4667,99e69b2091494e1c,0.0,0.0,0,1
4668,9a040f8626462df3,0.0,0.0,0,1
4669,9a0807ff6f72441f,0.0,0.0,0,1
4670,9a2a03c6b5d60c45,0.0,0.0,0,1
4671,9a4c5c29a0d60f02,0.0,0.0,0,1
4672,9a556f546b8e77cc,0.0,0.0,0,1
4673,9acdd93218733d11,0.0,0.0,0,1
4674,9ae00d6a5bf3be29,0.0,0.0,0,1
4675,9b33a1c1adf0a2f6,0.0,0.0,0,1
4676,9b73627ba4eefe73,0.0,0.0,0,1
4677,9b8098be69675cfd,0.0,0.0,0,1
4678,9b99242c6ef50808,0.0,0.0,0,1
4679,9b9fb1d3c8ef5ecd,0.0,0.0,0,1
4680,9ba9661d00bc425b,0.0,0.0,0,1
4681,9bb970fba6573060,0.0,0.0,0,1
4682,9be2da77ffbc7bfe,0.0,0.0,0,1
4683,9c56d02990ca18d0,0.0,0.0,0,1
4684,9c7773e2c5864b98,0.0,0.0,0,1
4685,9c8a51c774407bb9,0.0,0.0,0,1
4686,9c96a59dbe8f2669,0.0,0.0,0,1
4687,9cd170cfa3d5d4a8,0.0,0.0,0,1
4688,9cd5137a00620c23,0.0,0.0,0,1
4689,9d39dd6251697b10,0.0,0.0,0,1
4690,9d4f262044e7923d,0.0,0.0,0,1
4691,9d5da7acafeae5a8,0.0,0.0,0,1
4692,9d6218ae6842f3ed,0.0,0.0,0,1
4693,9dbe6f2f08820b7f,0.0,0.0,0,1
4694,9e02b9086639b895,0.0,0.0,0,1
4695,9e43dfb99962c8c0,0.0,0.0,0,1
4696,9e85770ee3e4712a,0.0,0.0,0,1
4697,9e8b5584f25367fd,0.0,0.0,0,1
4698,9e95a517f68eda51,0.0,0.0,0,1
4699,9eb15347b61ec1b1,0.0,0.0,0,1
4700,9eb56c6250f23fca,0.0,0.0,0,1
4701,9eba11ef1c1bd3c0,0.0,0.0,0,1
4702,9ec8fb91c1f72014,0.0,0.0,0,1
4703,9ed56772d30b4a9b,0.0,0.0,0,1
4704,9eda4ff314f3ac6d,0.0,0.0,0,1
4705,9f04d1e88b9fbe15,0.0,0.0,0,1
4706,9f288ed817d69d6e,0.0,0.0,0,1
4707,9f2b118b1ad6d56c,0.0,0.0,0,1
4708,9f3a69a80953769c,0.0,0.0,0,1
4709,9f5585b2b197e905,0.0,0.0,0,1
4710,9f92acf839369005,0.0,0.0,0,1
4711,9fa14143d641e735,0.0,0.0,0,1
4712,9fa8bff46fd7084d,0.0,0.0,0,1
4713,9fab7791334489de,0.0,0.0,0,1
4714,9fc959107651f616,0.0,0.0,0,1
4715,9fdd341858a64fad,0.0,0.0,0,1
4716,9fefe94ad286ccbf,0.0,0.0,0,1
4717,9ff0e2cbd9145706,0.0,0.0,0,1
4718,a00976ec459dc9fe,0.0,0.0,0,1
4719,a03b89cf88e2652d,0.0,0.0,0,1
4720,a07d32fbc61c59d4,0.0,0.0,0,1
4721,a0dc2421f7f1b413,0.0,0.0,0,1
4722,a0e170e67270fe1a,0.0,0.0,0,1
4723,a0ebfae7e1dc3896,0.0,0.0,0,1
4724,a138bc7f09b988a6,0.0,0.0,0,1
4725,a15f510bc539d308,0.0,0.0,0,1
4726,a17bbe3f09a44cc4,0.0,0.0,0,1
4727,a1885399bfc59c6d,0.0,0.0,0,1
4728,a1cc38a887b6d7af,0.0,0.0,0,1
4729,a22484cb558150e6,0.0,0.0,0,1
4730,a25e0aed063c6b39,0.0,0.0,0,1
4731,a26a8bf80667d7f8,0.0,0.0,0,1
4732,a292ea4405806047,0.0,0.0,0,1
4733,a296ad26723d5a85,0.0,0.0,0,1
4734,a32f7f10f5630ab9,0.0,0.0,0,1
4735,a3662b4c351b5b35,0.0,0.0,0,1
4736,a378995c80028a80,0.0,0.0,0,1
4737,a3dba0c939ba55c5,0.0,0.0,0,1
4738,a3fb4b5ed62b70cb,0.0,0.0,0,1
4739,a418a0f43f488299,0.0,0.0,0,1
4740,a43ac354d1f03f80,0.0,0.0,0,1
4741,a46cc94236209bb0,0.0,0.0,0,1
4742,a4889ccb406a901d,0.0,0.0,0,1
4743,a4b049f73a1435ef,0.0,0.0,0,1
4744,a4ed30d963e85c4c,0.0,0.0,0,1
4745,a4f7d5c868928b88,0.0,0.0,0,1
4746,a50985765dadb721,0.0,0.0,0,1
4747,a56512039e45fc07,0.0,0.0,0,1
4748,a568d57d32582875,0.0,0.0,0,1
4749,a57968a55c6a6cba,0.0,0.0,0,1
4750,a594c53cb7aeadb1,0.0,0.0,0,1
4751,a61c4e8c45e5aeb0,0.0,0.0,0,1
4752,a6a2f4ed76c168ff,0.0,0.0,0,1
4753,a6f1adb920b020b3,0.0,0.0,0,1
4754,a71a20ebee98777d,0.0,0.0,0,1
4755,a724920c9db54d5a,0.0,0.0,0,1
4756,a75ebde7ce7acb66,0.0,0.0,0,1
4757,a765f5df9df443d9,0.0,0.0,0,1
4758,a784e6aa7a7bb27d,0.0,0.0,0,1
4759,a7b575e3f7cc9ff0,0.0,0.0,0,1
4760,a7b9112b968fa779,0.0,0.0,0,1
4761,a80380ad7dfd6859,0.0,0.0,0,1
4762,a82bcc3e9b2dc3fb,0.0,0.0,0,1
4763,a83f81efdf77391d,0.0,0.0,0,1
4764,a87a303d2a1a750b,0.0,0.0,0,1
4765,a87c463c7e93dccf,0.0,0.0,0,1
4766,a899fd69e8777a5f,0.0,0.0,0,1
4767,a8a0653db9c937b3,0.0,0.0,0,1
4768,a918dd9ecfb294c7,0.0,0.0,0,1
4769,a9356658d02025c6,0.0,0.0,0,1
4770,a9358da81ce121b3,0.0,0.0,0,1
4771,a95000a3b0d7e313,0.0,0.0,0,1
4772,a960250919e219e1,0.0,0.0,0,1
4773,a97b23151d0e91b8,0.0,0.0,0,1
4774,a99b3448e96fbaf4,0.0,0.0,0,1
4775,a9bacde0dd0f217a,0.0,0.0,0,1
4776,a9ddff9d2d59b8fa,0.0,0.0,0,1
4777,a9ec48282bffa527,0.0,0.0,0,1
4778,aa81673012920768,0.0,0.0,0,1
4779,aa91d9d9bac58c47,0.0,0.0,0,1
4780,aacf975e9c9056d1,0.0,0.0,0,1
4781,aadca9a6090ef6ae,0.0,0.0,0,1
4782,aade08a147308954,0.0,0.0,0,1
4783,aaf3987d14fcb902,0.0,0.0,0,1
4784,ab1532e32692c12f,0.0,0.0,0,1
4785,ab1e3284deb06fd1,0.0,0.0,0,1
4786,ab3c191450c932d4,0.0,0.0,0,1
4787,ab50b7d88a020976,0.0,0.0,0,1
4788,ab5ef96507affd16,0.0,0.0,0,1
4789,ab602b5015ae298b,0.0,0.0,0,1
4790,ab60669b7d2d6de0,0.0,0.0,0,1
4791,ab64a93e0d67a1da,0.0,0.0,0,1
4792,ab96747f363370ba,0.0,0.0,0,1
4793,ab9b4d117ba2c207,0.0,0.0,0,1
4794,abab810d197a5a15,0.0,0.0,0,1
4795,abd9fa1136061026,0.0,0.0,0,1
4796,ac11b6cb8a2c13eb,0.0,0.0,0,1
4797,ac4a6d2bad99475f,0.0,0.0,0,1
4798,ac55835a00581f89,0.0,0.0,0,1
4799,ac7b14ae62c8ca31,0.0,0.0,0,1
4800,ac93deee9a0c8158,0.0,0.0,0,1
4801,accd16c403edd3ba,0.0,0.0,0,1
4802,acf38616d8d047ec,0.0,0.0,0,1
4803,acf52440739085c1,0.0,0.0,0,1
4804,ad04bf186ef7c10a,0.0,0.0,0,1
4805,ad697f39e9076d59,0.0,0.0,0,1
4806,ae213513540852a1,0.0,0.0,0,1
4807,ae4be0d012066fe7,0.0,0.0,0,1
4808,ae7763b853777771,0.0,0.0,0,1
4809,ae9d9401ed0c0e61,0.0,0.0,0,1
4810,aeb136945d937760,0.0,0.0,0,1
4811,af04e968ebd468a5,0.0,0.0,0,1
4812,af1290d5b4df548b,0.0,0.0,0,1
4813,af3f8b84ebb9d624,0.0,0.0,0,1
4814,af66f2c6fc470d56,0.0,0.0,0,1
4815,af8c6788161f5d58,0.0,0.0,0,1
4816,aff336cbc3945730,0.0,0.0,0,1
4817,b01a4852e51b8f79,0.0,0.0,0,1
4818,b02e85fc4453113a,0.0,0.0,0,1
4819,b03027339ac0dfd0,0.0,0.0,0,1
4820,b0428422030a20c3,0.0,0.0,0,1
4821,b06f49bdf9010eb5,0.0,0.0,0,1
4822,b0be369991b5904e,0.0,0.0,0,1
4823,b0c6f884637b1f5a,0.0,0.0,0,1
4824,b0d590a319dd1de7,0.0,0.0,0,1
4825,b0efca5c1f0e4c3e,0.0,0.0,0,1
4826,b10a0a0f28685543,0.0,0.0,0,1
4827,b10af27285291633,0.0,0.0,0,1
4828,b133b8a81486dadc,0.0,0.0,0,1
4829,b1a01a2a37f4acbc,0.0,0.0,0,1
4830,b1ad976845dee6e0,0.0,0.0,0,1
4831,b1e3b541d4a19f20,0.0,0.0,0,1
4832,b1e4e59ff0e72a35,0.0,0.0,0,1
4833,b1edb7001b9d0942,0.0,0.0,0,1
4834,b217e254d3da7006,0.0,0.0,0,1
4835,b2666a024073042f,0.0,0.0,0,1
4836,b28ff3b4d4111370,0.0,0.0,0,1
4837,b293f41394783953,0.0,0.0,0,1
4838,b2a9e461aeea2ab5,0.0,0.0,0,1
4839,b2b1791c5be04d9a,0.0,0.0,0,1
4840,b2ee37b12de74e09,0.0,0.0,0,1
4841,b335df11c0c340c8,0.0,0.0,0,1
4842,b39807e624e08cf9,0.0,0.0,0,1
4843,b3b1d8a16700a253,0.0,0.0,0,1
4844,b3dac5664051eb41,0.0,0.0,0,1
4845,b4143ff93ddf15f3,0.0,0.0,0,1
4846,b429f552d31c11fc,0.0,0.0,0,1
4847,b43e0e4c96653d64,0.0,0.0,0,1
4848,b445d8204aacfaff,0.0,0.0,0,1
4849,b457925500c18994,0.0,0.0,0,1
4850,b486fd572c498f24,0.0,0.0,0,1
4851,b4ff69470128b0aa,0.0,0.0,0,1
4852,b50cb093b5b7e9e8,0.0,0.0,0,1
4853,b52bf1ba966007ea,0.0,0.0,0,1
4854,b54d2999a9f8b8fe,0.0,0.0,0,1
4855,b594f4dd164ec7fa,0.0,0.0,0,1
4856,b5ae31b0a5ffc2f0,0.0,0.0,0,1
4857,b5d45bf41d973fbd,0.0,0.0,0,1
4858,b613551ec3731590,0.0,0.0,0,1
4859,b61722e7f34d4931,0.0,0.0,0,1
4860,b674863da0add7ae,0.0,0.0,0,1
4861,b6a5bc492ec87552,0.0,0.0,0,1
4862,b6c16afc814b4add,0.0,0.0,0,1
4863,b6e19ebf7af4ed4e,0.0,0.0,0,1
4864,b729ac1b430a1610,0.0,0.0,0,1
4865,b72b6a6ec0434ef4,0.0,0.0,0,1
4866,b754776be8954b98,0.0,0.0,0,1
4867,b784b9fbb611582d,0.0,0.0,0,1
4868,b7e67bf99cdc9cc0,0.0,0.0,0,1
4869,b7ec75d772181782,0.0,0.0,0,1
4870,b7f6db94ca883953,0.0,0.0,0,1
4871,b81154bda9693e2a,0.0,0.0,0,1
4872,b871edb02bcb381c,0.0,0.0,0,1
4873,b90617d07b23f104,0.0,0.0,0,1
4874,b916d162784cc566,0.0,0.0,0,1
4875,b9926ba589ebb5a1,0.0,0.0,0,1
4876,b9d9dfcf85bf225c,0.0,0.0,0,1
4877,b9de25a9fe426df9,0.0,0.0,0,1
4878,b9f3c50e49bded3d,0.0,0.0,0,1
4879,ba027bb698eefba5,0.0,0.0,0,1
4880,ba35ced8e3ef5c2b,0.0,0.0,0,1
4881,ba39dbe22afa872d,0.0,0.0,0,1
4882,ba3be7b15260324d,0.0,0.0,0,1
4883,ba63b45c9a8a5891,0.0,0.0,0,1
4884,ba86c76f4d55ca58,0.0,0.0,0,1
4885,ba8e46af5af31cd1,0.0,0.0,0,1
4886,ba9331a655a7ea85,0.0,0.0,0,1
4887,bacac0b7204b58a3,0.0,0.0,0,1
4888,bb47bde1b503e50c,0.0,0.0,0,1
4889,bb5c4cd1ee235197,0.0,0.0,0,1
4890,bb669681631a2d5d,0.0,0.0,0,1
4891,bb6b9382a51f96ad,0.0,0.0,0,1
4892,bbe71d62cd0cec0a,0.0,0.0,0,1
4893,bbe7e6ce90c953cb,0.0,0.0,0,1
4894,bc1f455902e66930,0.0,0.0,0,1
4895,bc7508be70eb047e,0.0,0.0,0,1
4896,bc935624b6577408,0.0,0.0,0,1
4897,bca915e192a29a78,0.0,0.0,0,1
4898,bcaee6abf89bf5ae,0.0,0.0,0,1
4899,bcb5534cb2cced7e,0.0,0.0,0,1
4900,bcf21cfa682d3a82,0.0,0.0,0,1
4901,bd24dfc8622643dd,0.0,0.0,0,1
4902,bd79a9738bee7c4f,0.0,0.0,0,1
4903,bd7e7d9dfa6bf933,0.0,0.0,0,1
4904,bd7eac81d5846860,0.0,0.0,0,1
4905,bda03f288f31c28c,0.0,0.0,0,1
4906,bdab9c41338c7206,0.0,0.0,0,1
4907,bdc6c722ff908660,0.0,0.0,0,1
4908,bddb2fdc66a9e90c,0.0,0.0,0,1
4909,be0576b316d204b7,0.0,0.0,0,1
4910,be07b73078824dda,0.0,0.0,0,1
4911,be2098e6538a1f82,0.0,0.0,0,1
4912,be3b05f9686f81dd,0.0,0.0,0,1
4913,be45e34a8693697a,0.0,0.0,0,1
4914,be460b04c1dc7412,0.0,0.0,0,1
4915,be6faa4ca9495760,0.0,0.0,0,1
4916,be7976fd924f22d3,0.0,0.0,0,1
4917,be80c79f4fa440c4,0.0,0.0,0,1
4918,bea8d29579f5ae01,0.0,0.0,0,1
4919,beae0dd6d085e9b6,0.0,0.0,0,1
4920,beca287e23585478,0.0,0.0,0,1
4921,beebcac9e2b6ebc2,0.0,0.0,0,1
4922,bf08eaff2b3f8439,0.0,0.0,0,1
4923,bf58303b4736b069,0.0,0.0,0,1
4924,bf8ff170141f8902,0.0,0.0,0,1
4925,bfe084f9f5638e13,0.0,0.0,0,1
4926,bfe4b4ff22a57f0c,0.0,0.0,0,1
4927,c066169aaa218d92,0.0,0.0,0,1
4928,c110761446df3584,0.0,0.0,0,1
4929,c16a636b12fe8706,0.0,0.0,0,1
4930,c18f44ee004c89ac,0.0,0.0,0,1
4931,c1c7e9e16bdb3fd7,0.0,0.0,0,1
4932,c2039b6dc2078a38,0.0,0.0,0,1
4933,c22ad3ea44d8831a,0.0,0.0,0,1
4934,c2913f7cdfed1809,0.0,0.0,0,1
4935,c2921b4a35f91814,0.0,0.0,0,1
4936,c29df86c821bb21d,0.0,0.0,0,1
4937,c2b59bd781d29bd5,0.0,0.0,0,1
4938,c2fc7eab60c6cb78,0.0,0.0,0,1
4939,c314a99294dadfc0,0.0,0.0,0,1
4940,c325367a265efb3c,0.0,0.0,0,1
4941,c330058f9e0c8105,0.0,0.0,0,1
4942,c37a3a2e06c606a1,0.0,0.0,0,1
4943,c3f726deaeb9e8de,0.0,0.0,0,1
4944,c40997ab0d76a8d6,0.0,0.0,0,1
4945,c443a413b3b1eb68,0.0,0.0,0,1
4946,c467ae19b0ebaeb5,0.0,0.0,0,1
4947,c473eb40e985a5d5,0.0,0.0,0,1
4948,c49af5ca941b3e0a,0.0,0.0,0,1
4949,c55f9e9070e8ba5f,0.0,0.0,0,1
4950,c5678b2f9d3a9e6b,0.0,0.0,0,1
4951,c5fa0951b1cab320,0.0,0.0,0,1
4952,c6172bdc791deb27,0.0,0.0,0,1
4953,c6431083931ce761,0.0,0.0,0,1
4954,c676151b692d29fb,0.0,0.0,0,1
4955,c69b7784ca7b7ad4,0.0,0.0,0,1
4956,c6ad706b5bbd243f,0.0,0.0,0,1
4957,c6b0ceff853ddc8e,0.0,0.0,0,1
4958,c6f5f2c5b84941d6,0.0,0.0,0,1
4959,c7434ff909ae072a,0.0,0.0,0,1
4960,c753f275c50b67e4,0.0,0.0,0,1
4961,c79e5257f8f6b9eb,0.0,0.0,0,1
4962,c7acf89ddfaea243,0.0,0.0,0,1
4963,c7c67f0f719c3d17,0.0,0.0,0,1
4964,c7dfa6c6f5fb7eb3,0.0,0.0,0,1
4965,c7e9239cb8e49974,0.0,0.0,0,1
4966,c8212cbea87f5de1,0.0,0.0,0,1
4967,c836288cb5928670,0.0,0.0,0,1
4968,c866605a4c555d20,0.0,0.0,0,1
4969,c8ac803c080e6fbe,0.0,0.0,0,1
4970,c8edb73ffc5e3584,0.0,0.0,0,1
4971,c8fd4731e19c20ae,0.0,0.0,0,1
4972,c916a24f27ca6072,0.0,0.0,0,1
4973,c960054ce2c67fd4,0.0,0.0,0,1
4974,c961843958101328,0.0,0.0,0,1
4975,c9beb44255e215c2,0.0,0.0,0,1
4976,c9e793a8a3c73939,0.0,0.0,0,1
4977,ca1ea0cdd2e54ba6,0.0,0.0,0,1
4978,ca7c6e9c29ebd716,0.0,0.0,0,1
4979,ca89181a154535e1,0.0,0.0,0,1
4980,caa58591f60496e2,0.0,0.0,0,1
4981,caac7600f3679ec5,0.0,0.0,0,1
4982,cab3e0f3807ce93d,0.0,0.0,0,1
4983,cad4393d82676d9b,0.0,0.0,0,1
4984,cb10c49e28d2c65f,0.0,0.0,0,1
4985,cb264b0d3eeaf0f5,0.0,0.0,0,1
4986,cb2d0adb8fb3fb4e,0.0,0.0,0,1
4987,cb35838451d36950,0.0,0.0,0,1
4988,cb3811c64285b758,0.0,0.0,0,1
4989,cb3af76a12925fed,0.0,0.0,0,1
4990,cb420c2ca694f4d9,0.0,0.0,0,1
4991,cb48795b65ea0095,0.0,0.0,0,1
4992,cb4d3484c0c519ff,0.0,0.0,0,1
4993,cb6762837dde4563,0.0,0.0,0,1
4994,cba165f784b217b1,0.0,0.0,0,1
4995,cba9ba38bbf6bb90,0.0,0.0,0,1
4996,cbb1bd612e1900be,0.0,0.0,0,1
4997,cbb7d308b1d13c74,0.0,0.0,0,1
4998,cbe1002e387e1514,0.0,0.0,0,1
4999,cbe95572911a1035,0.0,0.0,0,1
5000,cc01495c1eb45a99,0.0,0.0,0,1
5001,cc1d347d3c7ad54f,0.0,0.0,0,1
5002,cc2a2658fcf4647e,0.0,0.0,0,1
5003,cc6a0718c8b4c99b,0.0,0.0,0,1
5004,cc71531236c6c5ec,0.0,0.0,0,1
5005,cc803030fadc9a97,0.0,0.0,0,1
5006,ccb07e6db9e1f136,0.0,0.0,0,1
5007,ccb850332b662b51,0.0,0.0,0,1
5008,ccf1e6fb5e6dc9c5,0.0,0.0,0,1
5009,cd8953308814b3d2,0.0,0.0,0,1
5010,cdb2153c458fd858,0.0,0.0,0,1
5011,cdb4b27caf0cc8b3,0.0,0.0,0,1
5012,ce02e00bff4b77f8,0.0,0.0,0,1
5013,ce1fd8a23bd5862c,0.0,0.0,0,1
5014,ce5f13d855291c66,0.0,0.0,0,1
5015,ce610c5a2c99c88b,0.0,0.0,0,1
5016,ce84b447e1eaa24c,0.0,0.0,0,1
5017,ce9282aed5e4a379,0.0,0.0,0,1
5018,ce9e41805608da85,0.0,0.0,0,1
5019,cea582f086eb9c50,0.0,0.0,0,1
5020,cf18866d2d54769e,0.0,0.0,0,1
5021,cf7ec32f4a4bcccd,0.0,0.0,0,1
5022,cf85d919701a901c,0.0,0.0,0,1
5023,cfbfb16380f56536,0.0,0.0,0,1
5024,cfc8734f74de05ad,0.0,0.0,0,1
5025,cfce1083e1af38db,0.0,0.0,0,1
5026,d09398ed67758235,0.0,0.0,0,1
5027,d09fa0fd1cf3d99e,0.0,0.0,0,1
5028,d0bf759ef9869d27,0.0,0.0,0,1
5029,d0d8366f35568bc3,0.0,0.0,0,1
5030,d1623b64531d42f6,0.0,0.0,0,1
5031,d1651f7d07875608,0.0,0.0,0,1
5032,d17ed2343938d00f,0.0,0.0,0,1
5033,d1bc4e27e83a9da4,0.0,0.0,0,1
5034,d1bfbcf04f38be76,0.0,0.0,0,1
5035,d2211d500de5143d,0.0,0.0,0,1
5036,d2bbf0a18e11352c,0.0,0.0,0,1
5037,d2d2a5af887d51b1,0.0,0.0,0,1
5038,d2ee3ebf5a21665b,0.0,0.0,0,1
5039,d30cb2b42a7dd4ba,0.0,0.0,0,1
5040,d30fb525a6aac897,0.0,0.0,0,1
5041,d3567fb9b96e23a0,0.0,0.0,0,1
5042,d3665e73edbd5ede,0.0,0.0,0,1
5043,d3bc538c48792c6d,0.0,0.0,0,1
5044,d3c7fb7ea5d88527,0.0,0.0,0,1
5045,d3d1c6b3c70d3e61,0.0,0.0,0,1
5046,d4121cff5d3cb549,0.0,0.0,0,1
5047,d41920699407323e,0.0,0.0,0,1
5048,d41b27ed9d6040b9,0.0,0.0,0,1
5049,d43c0d61d5deeddf,0.0,0.0,0,1
5050,d444a2dab88f986a,0.0,0.0,0,1
5051,d44b1f7acd6a71ab,0.0,0.0,0,1
5052,d466fabca811e24c,0.0,0.0,0,1
5053,d46715e41f1a35ed,0.0,0.0,0,1
5054,d48d6588ddff25e1,0.0,0.0,0,1
5055,d493ca7e895437b1,0.0,0.0,0,1
5056,d4c782b07b7c7d16,0.0,0.0,0,1
5057,d4e0ad69f01f50df,0.0,0.0,0,1
5058,d4e5246c0dbbe644,0.0,0.0,0,1
5059,d4ea2f931e43d0b5,0.0,0.0,0,1
5060,d4eb0c3cee468b4b,0.0,0.0,0,1
5061,d501f6774c2e0f03,0.0,0.0,0,1
5062,d51f2e270672587c,0.0,0.0,0,1
5063,d53ee5e5532878be,0.0,0.0,0,1
5064,d5762831774b3594,0.0,0.0,0,1
5065,d59b0e67632c8b39,0.0,0.0,0,1
5066,d5bbf210fe9de1c9,0.0,0.0,0,1
5067,d5dfc2a4c13e8bd0,0.0,0.0,0,1
5068,d60eb98e29006199,0.0,0.0,0,1
5069,d64076346102a91a,0.0,0.0,0,1
5070,d6584e53a281cc58,0.0,0.0,0,1
5071,d683a9db3a5bc31f,0.0,0.0,0,1
5072,d6923b182c754152,0.0,0.0,0,1
5073,d6a3e55b40da8fc1,0.0,0.0,0,1
5074,d6bbb60c16cd3fc1,0.0,0.0,0,1
5075,d6cd513348eaae2a,0.0,0.0,0,1
5076,d70865aae593b1d8,0.0,0.0,0,1
5077,d732f91ae94aae8b,0.0,0.0,0,1
5078,d73d5312ce383ffc,0.0,0.0,0,1
5079,d75019e560f91317,0.0,0.0,0,1
5080,d75d8f5ae4d66403,0.0,0.0,0,1
5081,d790a4c562b4a7a7,0.0,0.0,0,1
5082,d79f317930ba7b67,0.0,0.0,0,1
5083,d7e211a50a108f31,0.0,0.0,0,1
5084,d7e3bf6c08c92a0e,0.0,0.0,0,1
5085,d7ebd8dee8f127fe,0.0,0.0,0,1
5086,d7fabcae673ab819,0.0,0.0,0,1
5087,d7fc8eaf11c809a8,0.0,0.0,0,1
5088,d837516261df76b9,0.0,0.0,0,1
5089,d855bdb9b591d6d5,0.0,0.0,0,1
5090,d86489cdde8c66cc,0.0,0.0,0,1
5091,d90d26b72ae293b7,0.0,0.0,0,1
5092,d93c8ac73e46b1c4,0.0,0.0,0,1
5093,d961aab51f59500d,0.0,0.0,0,1
5094,d971d9277e9be35e,0.0,0.0,0,1
5095,d990aa0331d2d9d9,0.0,0.0,0,1
5096,d9989f65aa5d055c,0.0,0.0,0,1
5097,da0cdfdc91eaa28e,0.0,0.0,0,1
5098,da1dc9e419513027,0.0,0.0,0,1
5099,da35516db642ade1,0.0,0.0,0,1
5100,da5b1791b50a6144,0.0,0.0,0,1
5101,da7efaebb96cb689,0.0,0.0,0,1
5102,da96d93ce5028849,0.0,0.0,0,1
5103,dad3348710f1a59a,0.0,0.0,0,1
5104,dadeed32ff813065,0.0,0.0,0,1
5105,dae45d0e60c000dc,0.0,0.0,0,1
5106,dafdd2418af7c3c9,0.0,0.0,0,1
5107,db2efd7d05569efb,0.0,0.0,0,1
5108,db4c1dbf2ea71e2d,0.0,0.0,0,1
5109,db909fefcf385c50,0.0,0.0,0,1
5110,dbca7810792c09e0,0.0,0.0,0,1
5111,dbcfaba0f1c42fe0,0.0,0.0,0,1
5112,dbeed719a065d397,0.0,0.0,0,1
5113,dbfc213aa49f4d6a,0.0,0.0,0,1
5114,dc26f4bbb9827912,0.0,0.0,0,1
5115,dc3ba0832f77723b,0.0,0.0,0,1
5116,dc42b991db004aeb,0.0,0.0,0,1
5117,dc49b61a32dade49,0.0,0.0,0,1
5118,dc5baa90043b18fa,0.0,0.0,0,1
5119,dcd59f6513930189,0.0,0.0,0,1
5120,dd148fe37a899950,0.0,0.0,0,1
5121,dd54fac2071ea40d,0.0,0.0,0,1
5122,dd57b752153f7931,0.0,0.0,0,1
5123,dd7b28f72e03b181,0.0,0.0,0,1
5124,dd8a2d56cf7f679e,0.0,0.0,0,1
5125,dda47635420fd749,0.0,0.0,0,1
5126,ddc789b6a57e6cf0,0.0,0.0,0,1
5127,ddcad34861695912,0.0,0.0,0,1
5128,ddf9637459ae329f,0.0,0.0,0,1
5129,de0f6bfae91e4baa,0.0,0.0,0,1
5130,de1b81c6edf066bd,0.0,0.0,0,1
5131,de30a58bd5f339ea,0.0,0.0,0,1
5132,de45ae51c5f2b8f6,0.0,0.0,0,1
5133,de58b8448c81e53d,0.0,0.0,0,1
5134,de65893407e9b34c,0.0,0.0,0,1
5135,de8015cbf4223ea2,0.0,0.0,0,1
5136,de97ae909ef853bc,0.0,0.0,0,1
5137,deb3276b985fdc2a,0.0,0.0,0,1
5138,def49203357a096d,0.0,0.0,0,1
5139,df0e021c389a6d41,0.0,0.0,0,1
5140,df1526df47de2254,0.0,0.0,0,1
5141,df34551085ffc5c5,0.0,0.0,0,1
5142,df6a2e11bdeb3d4f,0.0,0.0,0,1
5143,df8021b13caa899e,0.0,0.0,0,1
5144,df8704b5c25b6095,0.0,0.0,0,1
5145,dfa7acafb5cdbd2e,0.0,0.0,0,1
5146,dfab22e2a4d50d6a,0.0,0.0,0,1
5147,dfb0bc8e90d199bc,0.0,0.0,0,1
5148,dfdb91e8c60e0c51,0.0,0.0,0,1
5149,dffbf935daebc4e5,0.0,0.0,0,1
5150,e0438ccf8f963d4a,0.0,0.0,0,1
5151,e069e2a2859a2baa,0.0,0.0,0,1
5152,e07f25e3b680a394,0.0,0.0,0,1
5153,e085eb824580f102,0.0,0.0,0,1
5154,e0bf7d3f1e604df4,0.0,0.0,0,1
5155,e0d93dbbf2abbe5e,0.0,0.0,0,1
5156,e0dd97e39084cfc8,0.0,0.0,0,1
5157,e0ee6845df044d5d,0.0,0.0,0,1
5158,e10fb290a6d798a0,0.0,0.0,0,1
5159,e122814a84af92fd,0.0,0.0,0,1
5160,e13ad2d4cedcfcb2,0.0,0.0,0,1
5161,e1439ac6d2c537f2,0.0,0.0,0,1
5162,e170be5d8ae001c3,0.0,0.0,0,1
5163,e18e45cd499492c0,0.0,0.0,0,1
5164,e19cd8e486e8f6ac,0.0,0.0,0,1
5165,e1b1ab54f26e664d,0.0,0.0,0,1
5166,e1b56c8a824ff29c,0.0,0.0,0,1
5167,e1b9ee88f4d40367,0.0,0.0,0,1
5168,e23f60fee0800c58,0.0,0.0,0,1
5169,e26f35e5f22e7e18,0.0,0.0,0,1
5170,e2876a181b550e8f,0.0,0.0,0,1
5171,e2893f692a052942,0.0,0.0,0,1
5172,e28fa36df2111f5b,0.0,0.0,0,1
5173,e2ee537b18bddec5,0.0,0.0,0,1
5174,e35b064e76944f54,0.0,0.0,0,1
5175,e3c1a4384969cf02,0.0,0.0,0,1
5176,e3e0bdc4ea0169c2,0.0,0.0,0,1
5177,e40e7c63e1de803f,0.0,0.0,0,1
5178,e4327e7b3399051e,0.0,0.0,0,1
5179,e45eaa4300994539,0.0,0.0,0,1
5180,e4641b410dbc375f,0.0,0.0,0,1
5181,e4661202ca134c12,0.0,0.0,0,1
5182,e491d8cb234dfe1e,0.0,0.0,0,1
5183,e494ef2d10c06ad4,0.0,0.0,0,1
5184,e4bc84baf07cf6c0,0.0,0.0,0,1
5185,e4d304ba9a6d12b3,0.0,0.0,0,1
5186,e4e50c6cb4840cfd,0.0,0.0,0,1
5187,e4f1e34e20fdb078,0.0,0.0,0,1
5188,e5099445f00233a5,0.0,0.0,0,1
5189,e538221f6f988cfb,0.0,0.0,0,1
5190,e57c2ef5ffbca1ea,0.0,0.0,0,1
5191,e59d9f7d664504d6,0.0,0.0,0,1
5192,e5bbf5644536e7c7,0.0,0.0,0,1
5193,e5ccc0365afcbcf6,0.0,0.0,0,1
5194,e5ced278e0190128,0.0,0.0,0,1
5195,e6026e2ec5e2a851,0.0,0.0,0,1
5196,e61180421eed9c4f,0.0,0.0,0,1
5197,e61b8def5c3f7619,0.0,0.0,0,1
5198,e66e941b2dc9ad68,0.0,0.0,0,1
5199,e6bc50b4e81db1fa,0.0,0.0,0,1
5200,e752f69e6c33b240,0.0,0.0,0,1
5201,e75c09403241d6ab,0.0,0.0,0,1
5202,e769f4d463e7958f,0.0,0.0,0,1
5203,e77f6a9a0f8d7e59,0.0,0.0,0,1
5204,e78c1023fc4c5e30,0.0,0.0,0,1
5205,e7a1096dd80681db,0.0,0.0,0,1
5206,e7b5396f48147d36,0.0,0.0,0,1
5207,e7bae95cd8c7cdce,0.0,0.0,0,1
5208,e8257790d844c7fa,0.0,0.0,0,1
5209,e829d77dc629f87e,0.0,0.0,0,1
5210,e84ec730fb04bb8d,0.0,0.0,0,1
5211,e8840d33a76350ba,0.0,0.0,0,1
5212,e889fe2c9a56a079,0.0,0.0,0,1
5213,e8f1af401b582ca2,0.0,0.0,0,1
5214,e8f1fc805010ac2c,0.0,0.0,0,1
5215,e92164ed279a3d93,0.0,0.0,0,1
5216,e9404eabc9b58549,0.0,0.0,0,1
5217,e9531e7e494154c9,0.0,0.0,0,1
5218,e97dcb71c0230876,0.0,0.0,0,1
5219,e9b8e6da5543b62d,0.0,0.0,0,1
5220,e9e86f862317ceb6,0.0,0.0,0,1
5221,e9ee977dca3de04b,0.0,0.0,0,1
5222,ea12d5fbaa4f8a6e,0.0,0.0,0,1
5223,ea138d03413012fe,0.0,0.0,0,1
5224,ea167e2fc4f15007,0.0,0.0,0,1
5225,ea26fe7fd6a756ca,0.0,0.0,0,1
5226,ea3369f4a0cce449,0.0,0.0,0,1
5227,ea76b35a9ddaa3a7,0.0,0.0,0,1
5228,ea7908d42cb09ee6,0.0,0.0,0,1
5229,ead29f07a9f11f92,0.0,0.0,0,1
5230,eb8bb220fec4fcf0,0.0,0.0,0,1
5231,ebe7a631e394653a,0.0,0.0,0,1
5232,ebf16e3ce5a33490,0.0,0.0,0,1
5233,ec064d4f9c51ed4d,0.0,0.0,0,1
5234,ec18a2284c85a547,0.0,0.0,0,1
5235,ec34c36937a6ffba,0.0,0.0,0,1
5236,ec4dd1cfe5fd225c,0.0,0.0,0,1
5237,ec6444406f87fd0f,0.0,0.0,0,1
5238,ecebd23ea1cfc76a,0.0,0.0,0,1
5239,ed00d68d260c2a09,0.0,0.0,0,1
5240,ed17d427c93b7877,0.0,0.0,0,1
5241,ed28491364416a91,0.0,0.0,0,1
5242,ed5a7bffbf0fe77f,0.0,0.0,0,1
5243,ed5d86555b66f44c,0.0,0.0,0,1
5244,ed6712b1edc44d88,0.0,0.0,0,1
5245,ed796b2f86cefc8b,0.0,0.0,0,1
5246,ed8d61e4881ae9f5,0.0,0.0,0,1
5247,ed929773ebb44f03,0.0,0.0,0,1
5248,edc63bb52679b778,0.0,0.0,0,1
5249,ee4a4fb30acecff3,0.0,0.0,0,1
5250,ee6f0fd964e1eba9,0.0,0.0,0,1
5251,ee7f3ae564ae7dc3,0.0,0.0,0,1
5252,ee82b8e017f08e5e,0.0,0.0,0,1
5253,eeef778f30b10bca,0.0,0.0,0,1
5254,eef6ab91d2e7592c,0.0,0.0,0,1
5255,ef01faceba26b98a,0.0,0.0,0,1
5256,ef2347b213dfb328,0.0,0.0,0,1
5257,ef54d170d5e460c2,0.0,0.0,0,1
5258,ef699984e5378c81,0.0,0.0,0,1
5259,ef6ca1d56fcc5dbb,0.0,0.0,0,1
5260,ef955a0de450f140,0.0,0.0,0,1
5261,efa4e2f54ea50121,0.0,0.0,0,1
5262,efc22e94902e68ef,0.0,0.0,0,1
5263,efdbf1cf99dfe89b,0.0,0.0,0,1
5264,efdd7140bd4be189,0.0,0.0,0,1
5265,efea73614972f617,0.0,0.0,0,1
5266,eff549c4d3aa3464,0.0,0.0,0,1
5267,f00766c2f9a040c8,0.0,0.0,0,1
5268,f0563cce9fc1556a,0.0,0.0,0,1
5269,f05eae75273775cb,0.0,0.0,0,1
5270,f064dc848c30e3e5,0.0,0.0,0,1
5271,f0a4dfa73ecfd017,0.0,0.0,0,1
5272,f0d0efd236ed3884,0.0,0.0,0,1
5273,f12c01eba2cc2324,0.0,0.0,0,1
5274,f15c0bf74c42ecf1,0.0,0.0,0,1
5275,f16a1a01119de003,0.0,0.0,0,1
5276,f1b105535a1b91d0,0.0,0.0,0,1
5277,f1b48bbc600b7189,0.0,0.0,0,1
5278,f1b5742dae6aa02f,0.0,0.0,0,1
5279,f1bbe0e2d4291f6c,0.0,0.0,0,1
5280,f1d4ab65195f0ff3,0.0,0.0,0,1
5281,f1f7d363776184e4,0.0,0.0,0,1
5282,f2b6064fba83e242,0.0,0.0,0,1
5283,f2d08a1f9c5ffec4,0.0,0.0,0,1
5284,f31a5fe7667dc7e5,0.0,0.0,0,1
5285,f334ee5161edb808,0.0,0.0,0,1
5286,f352f1279e20a349,0.0,0.0,0,1
5287,f365a45900234640,0.0,0.0,0,1
5288,f3a04ce93a0fd4a4,0.0,0.0,0,1
5289,f3cbd89700841ca5,0.0,0.0,0,1
5290,f3d644ca82fd46d5,0.0,0.0,0,1
5291,f3ee58b66a6ae5e3,0.0,0.0,0,1
5292,f417e4fd90c8eb9c,0.0,0.0,0,1
5293,f484a9e31d25e8fb,0.0,0.0,0,1
5294,f4ac4ca22a3dfe32,0.0,0.0,0,1
5295,f4c86ff7e68a2b15,0.0,0.0,0,1
5296,f4f370b1b19650a5,0.0,0.0,0,1
5297,f549574a0a5de70e,0.0,0.0,0,1
5298,f554f8385036dfef,0.0,0.0,0,1
5299,f561948b10a128bd,0.0,0.0,0,1
5300,f57c244568320cd4,0.0,0.0,0,1
5301,f59f2b4453f02e67,0.0,0.0,0,1
5302,f5a470f4b3735faf,0.0,0.0,0,1
5303,f5d8ac6c85cd8e50,0.0,0.0,0,1
5304,f62544e37a09ae29,0.0,0.0,0,1
5305,f62b78fef3c3e541,0.0,0.0,0,1
5306,f6c9e946257c06b9,0.0,0.0,0,1
5307,f6cab688d3fbb4df,0.0,0.0,0,1
5308,f6e55d2c34c400da,0.0,0.0,0,1
5309,f6ef1e6a63d7c050,0.0,0.0,0,1
5310,f6f46c6dc342b6b3,0.0,0.0,0,1
5311,f723a46f8b252b60,0.0,0.0,0,1
5312,f7241a8451c10924,0.0,0.0,0,1
5313,f73c79af34243a0e,0.0,0.0,0,1
5314,f74b40dcdf4e5418,0.0,0.0,0,1
5315,f762cf8207a152ad,0.0,0.0,0,1
5316,f76ba18e90c0fda9,0.0,0.0,0,1
5317,f776f28a31fef2a7,0.0,0.0,0,1
5318,f799e54be55e0590,0.0,0.0,0,1
5319,f7c0160eaaf7969c,0.0,0.0,0,1
5320,f7f7a2ca02890d3f,0.0,0.0,0,1
5321,f7fa0a8f5d1dad54,0.0,0.0,0,1
5322,f80fc364102e76dd,0.0,0.0,0,1
5323,f8283024a80ec1f5,0.0,0.0,0,1
5324,f83ac9ab810c926d,0.0,0.0,0,1
5325,f84e8cac5cd579d3,0.0,0.0,0,1
5326,f86d22619b939462,0.0,0.0,0,1
5327,f8c63c6fa8e176d5,0.0,0.0,0,1
5328,f8d5a026514aa14b,0.0,0.0,0,1
5329,f90f6604f6ce3658,0.0,0.0,0,1
5330,f929010667cb8bce,0.0,0.0,0,1
5331,f94f54b6a7321f1f,0.0,0.0,0,1
5332,f99febc979d066c0,0.0,0.0,0,1
5333,f9a63e5615f41f2f,0.0,0.0,0,1
5334,f9c02b311c75df2d,0.0,0.0,0,1
5335,f9f4060ce6c693f7,0.0,0.0,0,1
5336,f9fc5ffd9c4b01b2,0.0,0.0,0,1
5337,f9fdcceafbccf795,0.0,0.0,0,1
5338,fa8213a0a769bb4f,0.0,0.0,0,1
5339,fadcf2f9f9c5201b,0.0,0.0,0,1
5340,faeb2c223251be70,0.0,0.0,0,1
5341,faf2d463177aeade,0.0,0.0,0,1
5342,fafb49350cbe3310,0.0,0.0,0,1
5343,fb015be836017182,0.0,0.0,0,1
5344,fb57a3fddd97a1b0,0.0,0.0,0,1
5345,fb743d69324cb30a,0.0,0.0,0,1
5346,fb89a96933b6b7d7,0.0,0.0,0,1
5347,fb8e027b4701612f,0.0,0.0,0,1
5348,fb92b664bc301263,0.0,0.0,0,1
5349,fba74ec7fd2d7300,0.0,0.0,0,1
5350,fc18fb37a0d83969,0.0,0.0,0,1
5351,fc4a39e1d32e72fd,0.0,0.0,0,1
5352,fc4b245c1dba0a09,0.0,0.0,0,1
5353,fc4d5a76f7859837,0.0,0.0,0,1
5354,fc55431c67e5285c,0.0,0.0,0,1
5355,fc8d11cb939111cc,0.0,0.0,0,1
5356,fc9744a46aaa9be0,0.0,0.0,0,1
5357,fcb638ed65d5d77e,0.0,0.0,0,1
5358,fd4e91e65ebe7903,0.0,0.0,0,1
5359,fd88157b6e6a6e05,0.0,0.0,0,1
5360,fdcfd48f1278e5bb,0.0,0.0,0,1
5361,fddbd784691e652c,0.0,0.0,0,1
5362,fdfe90e199957b58,0.0,0.0,0,1
5363,fe2fffbec896628d,0.0,0.0,0,1
5364,fe5ffd004d25ffcf,0.0,0.0,0,1
5365,fe6755e19af17691,0.0,0.0,0,1
5366,fe7a9eeb6f8fa15f,0.0,0.0,0,1
5367,fe9cc28639fed672,0.0,0.0,0,1
5368,fea9dae603b5e9d2,0.0,0.0,0,1
5369,fedd9f687dab58c7,0.0,0.0,0,1
5370,fef428d6d66ac64c,0.0,0.0,0,1
5371,ff3273280fb0ae90,0.0,0.0,0,1
5372,ff4a0c1593a37b76,0.0,0.0,0,1
5373,ff5426ebf8398d55,0.0,0.0,0,1
5374,ff5436e94f161758,0.0,0.0,0,1
5375,ff5c6801198eb39d,0.0,0.0,0,1
5376,ff652bd285b002ab,0.0,0.0,0,1
5377,ffd231835bee5690,0.0,0.0,0,1
5378,fff361b8d8f645f0,0.0,0.0,0,1
5379,f650e720d44c3e3b,1.4128211234315153e-06,0.0,1,4
5380,58a6c4f57e4a557c,1.4128211234315153e-06,0.0,1,4
5381,003a40a4fc6639e6,0.0,0.0,0,1
5382,ede7471017b4c485,0.0,0.0,0,1
5383,2fadb16e1b389bcd,9.150656386638278e-07,9.150656386638278e-07,1,3
5384,mImgtbl,1.972921739624649e-05,1.972921739624649e-05,21,6
5385,6d32918d457c93a0,0.0,0.0,1,1
5386,96d3befdc9090319,0.0,0.0,0,1
5387,b950e3fb3773033d,2.4586104247616027e-06,8.18279849959e-07,1,3
5388,82968ccdc109e3aa,2.4586104247616027e-06,1.1014725537927368e-05,1,3
5389,1f7357db8b8e8322,2.4586104247616027e-06,6.248339683788309e-06,1,3
5390,ed25703a09c304b0,2.4586104247616027e-06,6.248339683788309e-06,1,3
5391,561d443cd47709df,5.691507159161825e-06,5.691507159161825e-06,1,3
5392,mViewer,1.3997487571648884e-05,1.3997487571648884e-05,3,4
5393,afde210b325b4757,7.541749769207373e-09,0.0,1,1
5394,020752a08f2b9f17,0.0,0.0,0,1
5395,0727a3efc95949ba,0.0,0.0,0,1
5396,08bdccbe890f2644,0.0,0.0,0,1
5397,0ae5d9b1b88b6a04,0.0,0.0,0,1
5398,0b9d56adcbb20e89,0.0,0.0,0,1
5399,1f90616350cd79c5,0.0,0.0,0,1
5400,2149a56dd7316398,0.0,0.0,0,1
5401,278416ee38ca8239,0.0,0.0,0,1
5402,2880b1ebfba17e1c,0.0,0.0,0,1
5403,288c5f25c2a4f7d7,0.0,0.0,0,1
5404,362dbe6bbccba3af,0.0,0.0,0,1
5405,46e8280d0d19521f,0.0,0.0,0,1
5406,5857e6aed4bee01e,0.0,0.0,0,1
5407,5fc0135135d9c17c,0.0,0.0,0,1
5408,6ba2806d05c47f15,0.0,0.0,0,1
5409,6cfb7726a3029da5,0.0,0.0,0,1
5410,6f5cd428bad1c86a,0.0,0.0,0,1
5411,88c26a2b3701c451,0.0,0.0,0,1
5412,9c1e859152ec9b02,0.0,0.0,0,1
5413,9ccba53f87520021,0.0,0.0,0,1
5414,a45fee1aec737c2f,0.0,0.0,0,1
5415,ab6c9528dde36464,0.0,0.0,0,1
5416,b721002c2316fd3f,0.0,0.0,0,1
5417,d106ae156f25c962,0.0,0.0,0,1
5418,da478fffb5d7a8bf,0.0,0.0,0,1
5419,e7aaf14fc54c81bd,0.0,0.0,0,1
5420,ec11175b23b2ca52,0.0,0.0,0,1
5421,ed0095017e41da6b,0.0,0.0,0,1
5422,edc7fee754b12fc5,0.0,0.0,0,1
5423,edf9f778a9576049,0.0,0.0,0,1
5424,f2b0df85959aff4a,0.0,0.0,0,1
5425,fba86f60ba8ef2f9,0.0,0.0,0,1
5426,84528a284b233cbf,1.0659006340479752e-05,1.0659006340479752e-05,1,2
5427,ad26151e5a22932a,0.0,0.0,0,1
5428,e4df3f9d0ce97e61,0.0,0.0,0,1
5429,089a6c75635321d8,9.050099723048839e-08,0.0,1,2
5430,03b543cfc23222c9,0.0,0.0,0,1
5431,129b152c6e743eff,0.0,0.0,0,1
5432,1e0d95e754b4c5d4,0.0,0.0,0,1
5433,211fb2ce9c0c8857,0.0,0.0,0,1
5434,2deab20dcfabb8d0,0.0,0.0,0,1
5435,2e48dbdcf9a16f82,0.0,0.0,0,1
5436,3d97b9cc31bd9ad6,0.0,0.0,0,1
5437,42f536fb44fea12a,0.0,0.0,0,1
5438,43922e2aaa938062,0.0,0.0,0,1
5439,4594130e415d775e,0.0,0.0,0,1
5440,4c5e4076db0d6a54,0.0,0.0,0,1
5441,6b823645dabab8f9,0.0,0.0,0,1
5442,7367a95d8099751a,0.0,0.0,0,1
5443,7618b92cc29342bd,0.0,0.0,0,1
5444,9060be189408b770,0.0,0.0,0,1
5445,9e538495d58f3744,0.0,0.0,0,1
5446,ac6b3eff3741bce8,0.0,0.0,0,1
5447,baa4843db7df0a95,0.0,0.0,0,1
5448,bf66ea8b0c2439ba,0.0,0.0,0,1
5449,ca02c0b7592ff010,0.0,0.0,0,1
5450,d7f7a7d68af602e0,0.0,0.0,0,1
5451,f7557633069166d7,0.0,0.0,0,1
5452,9bf288baf38d8a50,0.0,0.0,0,1
5453,e370e8fedf338417,0.0,0.0,0,1
5454,01426d702c414653,0.0,0.0,0,1
5455,17318c85cb5e9182,0.0,0.0,0,1
5456,2ecc8abd8635209d,0.0,0.0,0,1
5457,3648b212de3c8e79,0.0,0.0,0,1
5458,57910873d47f92a4,0.0,0.0,0,1
5459,740a0b02a9e4d15a,0.0,0.0,0,1
5460,a0169f32e2021d81,0.0,0.0,0,1
5461,bcae991eff43162e,0.0,0.0,0,1
5462,dc151302b64111ef,9.150656386638278e-07,9.150656386638278e-07,1,3
5463,5f60b526bf0e29cc,0.0,0.0,0,1
5464,dba829b874a5a738,0.0,0.0,0,1
5465,0292e1b484048eca,0.0,0.0,0,1
5466,1c7f518e9842a6fe,0.0,0.0,0,1
5467,215bbc976e19e4e4,0.0,0.0,0,1
5468,350d818c5e2c7c2d,0.0,0.0,0,1
5469,7a8ea686ff5eff8d,0.0,0.0,0,1
5470,a55456020dabc4a2,0.0,0.0,0,1
5471,aa806985081cabae,0.0,0.0,0,1
5472,b190fce7a10222f7,0.0,0.0,0,1
5473,bc046db5493c573c,0.0,0.0,0,1
5474,c38d2b07133c7955,0.0,0.0,0,1
5475,eeb0eabe754ae114,0.0,0.0,0,1
5476,f84b5585f59f8142,0.0,0.0,0,1
5477,67c8e415d2c91331,0.0,0.0,0,2
5478,617d5cf74faae12f,0.0,0.0,0,1
5479,a3e5ad008cb6660d,0.0,0.0,0,1
5480,d41e20c8c3d38e7b,9.050099723048839e-08,0.0,1,1
5481,f0b4dc76dd383a82,0.0,0.0,0,2
5482,mDiff,7.454265471884569e-05,7.454265471884567e-05,55,36
5483,4cbea8393307cacf,1.4128211234315153e-06,0.0,1,3
5484,5367de8b236f4a8e,1.4128211234315153e-06,0.0,1,3
5485,7631f6a91053d0ab,0.0,0.0,1,1
5486,80c4dd06d813be41,9.050099723048839e-08,0.0,1,2
5487,a048a04884ee44a4,1.4128211234315153e-06,0.0,1,3
5488,f051e06a3f9dcf74,1.4128211234315153e-06,0.0,1,3
5489,0a69e8882f158378,0.0,0.0,0,1
5490,1e46593c8935814e,0.0,0.0,0,1
5491,276a6f240a39c1b4,0.0,0.0,0,1
5492,2a797fbb6008f3fc,0.0,0.0,0,1
5493,309d9bf87125c804,0.0,0.0,0,1
5494,b8e623445d9c7dcc,0.0,0.0,0,1
5495,9d6fa1e617187c4e,1.2871252939447252e-05,1.2871252939447252e-05,1,2
5496,ce1d9bb30f3dba1f,0.0,0.0,0,1
5497,ce444750578292d0,0.0,0.0,0,1
5498,31274d7efd671863,9.050099723048839e-08,8.145089750743963e-07,1,2
5499,1d8d66b04a7b3679,0.0,0.0,0,1
5500,3fb77f8ecf9ecb34,0.0,0.0,0,1
5501,52d662f364eb595a,0.0,0.0,0,1
5502,8e6b38a98689bb6a,0.0,0.0,0,1
5503,a94df73cf210d467,0.0,0.0,0,1
5504,ad81be6d565e412f,0.0,0.0,0,1
5505,b38ffe6d43444f12,0.0,0.0,0,1
5506,b8889ec3278f5621,0.0,0.0,0,1
5507,c085022802f39d56,0.0,0.0,0,1
5508,df43b924333d6471,0.0,0.0,0,1
5509,18e675ffad0203ee,1.2871252939447252e-05,1.2871252939447252e-05,1,2
5510,b84ef6817f3a271f,0.0,0.0,0,1
5511,49cc96451b8123b6,0.0,0.0,0,1
5512,d111d0282af215c9,0.0,0.0,0,1
5513,37f6f90d6247a8f5,9.150656386638278e-07,9.150656386638278e-07,1,3
5514,f169b3365426d7cd,0.0,0.0,0,1
5515,18b5ac031d055216,0.0,0.0,0,1
5516,29ea14607d246791,0.0,0.0,0,1
5517,2ed3fd4a2121d705,0.0,0.0,0,1
5518,49ea96a6a15bc9af,0.0,0.0,0,1
5519,4ff1c7e4036a4982,0.0,0.0,0,1
5520,5667ecc0aae79449,0.0,0.0,0,1
5521,56685dec55a93d33,0.0,0.0,0,1
5522,5a1bacae5ad6f469,0.0,0.0,0,1
5523,6f8288fa77961ca3,0.0,0.0,0,1
5524,8af4b04d05ff8166,0.0,0.0,0,1
5525,a1cb4fe71c2683c3,0.0,0.0,0,1
5526,a4b2ffb9275ba5d0,0.0,0.0,0,1
5527,a9cfbe5cff1b1063,0.0,0.0,0,1
5528,bc359b830c6f1bce,0.0,0.0,0,1
5529,c787b0a00d96c37f,0.0,0.0,0,1
5530,c7d3adb59cd0560e,0.0,0.0,0,1
5531,c8ea3c44693ae386,0.0,0.0,0,1
5532,ccd44c5fea054130,0.0,0.0,0,1
5533,d0e2a4707e435636,0.0,0.0,0,1
5534,d585f73b5c5eec0f,0.0,0.0,0,1
5535,dddc62c5812004de,0.0,0.0,0,1
5536,e3da75d02138fb87,0.0,0.0,0,1
5537,eb548f4bbfbea3b3,0.0,0.0,0,1
5538,ef1e4ebd70a346d2,0.0,0.0,0,1
5539,bdf7e98b1c88406d,2.4586104247616027e-06,8.18279849959e-07,1,3
5540,4c7ee38e371b25be,1.1212067990221628e-06,0.0,1,2
5541,04b42a91c40b3a12,0.0,0.0,0,1
5542,0e83582c54622408,0.0,0.0,0,1
5543,aefb7c7df3f00428,0.0,0.0,0,1
5544,bfe5924f03535f55,0.0,0.0,0,1
5545,mBackground,9.79824130015422e-05,9.79824130015422e-05,34,24
5546,f2506b960ed84b7f,0.0,0.0,0,1
5547,d58e10e0d49c3acb,2.4586104247616027e-06,0.0,1,3
5548,64f18074a12c3c56,1.1212067990221628e-06,0.0,1,2
5549,204a48c02eb8071f,0.0,0.0,0,1
5550,20a3342edd3912c0,0.0,0.0,0,1
5551,2ee00592e38ccda6,0.0,0.0,0,1
5552,307deb69849365d4,0.0,0.0,0,1
5553,4f78d3f19f490a34,0.0,0.0,0,1
5554,76ed2ce810df4602,0.0,0.0,0,1
5555,f50024aabed3e6cc,1.0055666358943164e-08,1.0055666358943164e-08,1,2
5556,39ef759e54c5fa59,0.0,0.0,0,1
5557,72560d5db6759f41,0.0,0.0,0,1
5558,f225c5b9ae6d8ee4,1.4128211234315153e-06,0.0,1,3
5559,0594b01ae80dbc5e,1.4128211234315153e-06,5.430059833829308e-07,1,3
5560,af211ce526c32580,0.0,0.0,0,1
5561,923001a44d6f2892,1.0055666358943164e-08,1.0055666358943164e-08,1,2
5562,7dc0a1bb70f694c4,5.691507159161825e-06,5.691507159161825e-06,1,3
5563,d05be7424c106fc7,0.0,0.0,0,1
5564,1a86fd524bd80100,0.0,0.0,0,2
5565,mConcatFit,3.239935700851487e-05,3.239935700851487e-05,21,3
5566,399f43d6318c0ebd,0.0,0.0,0,2
5567,77390d9104bbeb3b,0.0,0.0,0,2
5568,7bfe959e33216125,0.0,0.0,0,2
5569,c892d3b5ae88ddcb,0.0,0.0,0,2
5570,fdab686b80a14454,0.0,0.0,0,1
5571,780e014413d5acc0,1.0659006340479752e-05,1.0659006340479752e-05,1,2
5572,01a2d139bd44c696,0.0,0.0,0,1
5573,0959eff3b53211c9,0.0,0.0,0,1
5574,150b795ac5cddbf8,0.0,0.0,0,1
5575,19a9a44684fb9234,0.0,0.0,0,1
5576,20a748c1c78f70e3,0.0,0.0,0,1
5577,21bd5d1ea270679e,0.0,0.0,0,1
5578,3b6042a678cf6fcd,0.0,0.0,0,1
5579,4d7c0584ec35514d,0.0,0.0,0,1
5580,5b87325b14e42770,0.0,0.0,0,1
5581,61fd3ea329482d06,0.0,0.0,0,1
5582,62aafe66ef9875bd,0.0,0.0,0,1
5583,6e1799a1354a006e,0.0,0.0,0,1
5584,74305e16aa7ce722,0.0,0.0,0,1
5585,95a0f655ae163814,0.0,0.0,0,1
5586,a25eedb87d86eb96,0.0,0.0,0,1
5587,a6fcef02e1852b1e,0.0,0.0,0,1
5588,afc9c5dddd030035,0.0,0.0,0,1
5589,b6d020e5b1451fc6,0.0,0.0,0,1
5590,bd3bba5d5b92ce70,0.0,0.0,0,1
5591,c389958c8bdcb29b,0.0,0.0,0,1
5592,c5a036d06a0ac60e,0.0,0.0,0,1
5593,c7495a2babcf0848,0.0,0.0,0,1
5594,cd3b37721381a0b7,0.0,0.0,0,1
5595,d1477ec720c58e9a,0.0,0.0,0,1
5596,d287f5b13f0a0d72,0.0,0.0,0,1
5597,dce6aa14afc32444,0.0,0.0,0,1
5598,e51ead83778d1a71,0.0,0.0,0,1
5599,e5f4b9c554aea6fc,0.0,0.0,0,1
5600,ec9325da1eaae9e3,0.0,0.0,0,1
5601,f6e43c5da00f7205,0.0,0.0,0,1
5602,74929d107efd32a6,0.0,0.0,0,2
5603,3f48ca61545f356d,0.0,0.0,0,1
5604,014c8d80d109a079,1.4128211234315153e-06,0.0,1,3
5605,20b37434e52576e2,1.4128211234315153e-06,0.0,1,3
5606,f98ce33cf5ccea89,0.0,0.0,0,1
5607,29bc27923e911abb,0.0,0.0,0,2
5608,1140f9e90d2d095c,0.0,0.0,0,1
5609,3e6dee487f83b0cd,9.050099723048839e-08,0.0,1,2
5610,adb665fb37749890,1.1212067990221628e-06,0.0,1,3
5611,e59c2bb1393500f1,2.4586104247616027e-06,0.0,1,4
5612,90343b609def4d79,0.0,0.0,0,1
5613,ca7e4b93d34c4436,0.0,0.0,0,1
5614,bf5b8922a405271b,0.0,0.0,0,1
5615,01f76cdd5126229b,1.4128211234315153e-06,0.0,1,4
5616,0b27bbee5e7552bd,0.0,0.0,1,1
5617,32f904f7966fe890,9.050099723048839e-08,0.0,1,2
5618,4aa8ca3de32d9607,1.4128211234315153e-06,0.0,1,3
5619,4d609dc7d9d12827,1.4128211234315153e-06,0.0,1,3
5620,de22b5ebf52d6125,1.4128211234315153e-06,0.0,1,4
5621,0a05dfe33482f241,9.050099723048839e-08,0.0,1,2
5622,13afe74401ae9ce1,0.0,0.0,0,1
5623,8b54a6aa3531967e,0.0,0.0,0,2
5624,e34de62f41df5281,0.0,0.0,0,1
5625,03bd3b31b8e81c2e,1.4128211234315153e-06,1.674268448764037e-05,1,3
5626,0a0bc51e195a333c,1.4128211234315153e-06,0.0,1,3
5627,1e568f4f97e1cc88,1.4128211234315153e-06,1.674268448764037e-05,1,3
5628,841a5c8f31d1c788,1.4128211234315153e-06,0.0,1,3
5629,99a321b271ad4faa,0.0,0.0,1,1
5630,mProject,4.359131366601862e-05,4.371198166232593e-05,17,24
5631,ed4d16243f9b94d3,0.0,0.0,0,1
5632,9a967832a49d60ae,0.0,0.0,0,1
5633,ae4bb1de02f35e73,0.0,0.0,0,1
5634,092dd7229967fe3c,0.0,0.0,1,1
5635,1b6606cfe1b231ea,1.4128211234315153e-06,0.0,1,3
5636,eb63823cf4a64f0a,1.4128211234315153e-06,0.0,1,3
5637,4b965660da62ff24,0.0,0.0,0,1
5638,8f064a6ef14247ac,1.2871252939447252e-05,1.2871252939447252e-05,1,2
5639,2e352c0f9ab94cbc,1.4128211234315153e-06,0.0,1,3
5640,f9d549166b3a8585,1.4128211234315153e-06,0.0,1,3
5641,20b34064dc90412f,7.541749769207373e-09,3.016699907682949e-08,1,1
5642,77f7507f638ca0ce,0.0,0.0,0,1
5643,25a3aca780a120ce,0.0,0.0,0,1
5644,59eb74f5f1973aa4,0.0,0.0,0,1
5645,c462c2588bee089f,0.0,0.0,0,1
5646,0dd137089beba793,9.050099723048839e-08,0.0,1,2
5647,3bef879e155262c3,0.0,0.0,1,1
5648,mAdd,3.7557913850652716e-05,3.7557913850652716e-05,34,6
5649,f8e287adab734762,0.0,0.0,0,1
5650,070a41dcce62714d,5.691507159161825e-06,5.691507159161825e-06,1,3
5651,9657a2586f6000e3,1.1212067990221628e-06,6.335069806134193e-07,1,3
5652,4790976f988f4194,1.0055666358943164e-08,1.0055666358943164e-08,1,2
5653,c0a2cc16b995b8a0,2.4586104247616027e-06,8.18279849959e-07,1,3
5654,2d7f6b5856c063e8,1.1212067990221628e-06,1.900520941840258e-06,1,2
5655,9c20b603a88839ab,2.4586104247616027e-06,2.718800791799258e-06,1,3
5656,0bdf44a5706d32bd,1.1212067990221628e-06,0.0,1,2
5657,e291529881652b84,2.4586104247616027e-06,8.18279849959e-07,1,4
5658,d3768523a0facc7b,0.0,0.0,0,1
5659,e6f50b6a2e1b2ec0,1.1212067990221628e-06,6.033399815365899e-08,1,2
5660,c578f547d3822321,0.0,0.0,0,1
5661,e4f262e64765268d,0.0,0.0,0,2
5662,25c9d27fc4ba402e,0.0,0.0,0,1
5663,bbda131ad3f1e7bf,9.050099723048839e-08,0.0,1,2
5664,26dfaefe535db4c0,0.0,0.0,0,2
5665,b08a432c8807d519,0.0,0.0,0,1
5666,6b45da9428b355d7,0.0,0.0,0,1
5667,7549a9e360cffed0,0.0,0.0,1,0
5668,fa7293ffb607c158,1.1212067990221628e-06,0.0,1,2
5669,fd81559ddddcfffe,0.0,0.0,0,1
5670,05725be54b7e1f3b,9.050099723048839e-08,0.0,1,2
5671,99c67cb0cb43e2bb,0.0,0.0,0,1
5672,14181621ebba900e,0.0,0.0,1,0
5673,b2846f4635075ea4,9.050099723048839e-08,0.0,1,1
5674,a16eb7a92dbd7750,9.050099723048839e-08,0.0,1,2
5675,75974918f6c2bdc4,0.0,0.0,1,1
5676,94ca91122636e2c3,9.050099723048839e-08,0.0,1,2
5677,130f07bfdc86841c,2.4586104247616027e-06,0.0,1,3
5678,decda2df349409a5,1.1212067990221628e-06,0.0,1,2
5679,73a8a6e1c2cdd412,0.0,0.0,0,1
5680,4dafaf83f33fc229,1.1212067990221628e-06,5.430059833829309e-06,1,2
5681,363f82cc040f3714,0.0,0.0,0,2
5682,50f4765d4ab0a771,0.0,0.0,0,1
5683,0f9a17aab0923a3a,0.0,0.0,0,2
5684,5107a3d163b2bba2,0.0,0.0,0,1
5685,168b830bfaa30ce2,0.0,0.0,0,1
5686,0d81ce33e53f1608,1.4128211234315153e-06,0.0,1,3
5687,0f149983d108e1f1,1.4128211234315153e-06,0.0,1,3
5688,14f37454ac31a356,9.050099723048839e-08,0.0,1,2
5689,292e0e0a16f3ea3c,0.0,0.0,1,1
5690,cc7e8be3f334b245,0.0,0.0,0,1
5691,f8ccb8c9f168798f,0.0,0.0,0,1
5692,c0214eb4bbda2148,7.541749769207373e-09,0.0,1,1
5693,70dd95bbfed703be,0.0,0.0,0,1
5694,06f44a110f526fc6,0.0,0.0,0,1
5695,76db13ca0139fb70,0.0,0.0,0,1
5696,b1d239c88f3de76e,0.0,0.0,0,2
5697,07658ab682d2cbd6,0.0,0.0,0,1
5698,70df09f642c7285f,0.0,0.0,0,1
5699,4e6579ccd4d6a66c,7.541749769207373e-09,0.0,1,1
5700,4c6ec1a76a48c747,0.0,0.0,0,1
5701,d17b888c8cd5b95b,0.0,0.0,0,1
5702,mBgModel,3.97902717823381e-05,3.97902717823381e-05,6,3
5703,2136a88fb36c57e7,0.0,0.0,0,2
5704,adde0e3dc916e765,0.0,0.0,0,1
5705,d764b43710dd04c7,9.050099723048839e-08,0.0,1,2
5706,522d259efdda13da,9.050099723048839e-08,8.145089750743963e-07,1,2
5707,d358e25f2e058f9d,0.0,0.0,1,1
5708,a88658309d12aa64,0.0,0.0,0,1
5709,b84ce67fe699e9f1,1.1212067990221628e-06,5.430059833829309e-06,1,2
5710,3f0f28ad7081702c,0.0,0.0,0,1
5711,1e9cdc71213fb47e,0.0,0.0,0,1
5712,c51813231404d59c,0.0,0.0,0,1
5713,19190e727a1997eb,0.0,0.0,0,1
5714,069f6f88ab89ac5b,0.0,0.0,0,1
5715,2ef5578d92cb8095,0.0,0.0,1,1
5716,082f501be84459d8,0.0,0.0,0,1
5717,44a1e83fb8490523,0.0,0.0,0,2
5718,981db80d1a1040b7,0.0,0.0,0,2
5719,d354f70a69b2db86,0.0,0.0,0,1
5720,9a4d8b8f9c356812,1.0659006340479752e-05,1.0659006340479752e-05,1,2
5721,0826a37bef83d69a,0.0,0.0,0,1
5722,931e808f1826cd33,0.0,0.0,1,1
5723,51a202fe8bba6b27,0.0,0.0,0,1
5724,bd402ef6c7946f27,0.0,0.0,0,1
5725,2a26a92e20f94e29,0.0,0.0,0,1
5726,21089ebe1e804609,0.0,0.0,0,1
5727,d7de941b20f810e0,0.0,0.0,0,1
5728,e476b834095972ec,0.0,0.0,0,1
5729,3991b1a924ec82e3,0.0,0.0,1,1
5730,6e76cd86a5accf7b,0.0,0.0,0,1
5731,507baa14348f69a9,0.0,0.0,0,2
5732,5ec6101b7a5155b0,0.0,0.0,0,1
5733,997600cbb72c6b28,0.0,0.0,0,1
5734,347570d55052f1e4,0.0,0.0,0,1
5735,bca8e061407c4413,0.0,0.0,0,1
5736,f12026e1f5834a80,0.0,0.0,1,1
5737,fd8c0f485b52ba9c,0.0,0.0,0,1
5738,7b4308c04046e975,0.0,0.0,0,1
5739,d307220692ec114e,0.0,0.0,0,1
5740,042657eb4a70c79c,0.0,0.0,0,1
5741,7885125adae28ccf,0.0,0.0,0,1
5742,165d76f4b6d5f6c2,0.0,0.0,1,1
5743,b754bd2df467faa6,0.0,0.0,0,1
5744,a7760379076814a7,0.0,0.0,1,0
5745,a00d04493ed6cc0e,0.0,0.0,1,1
5746,ca0612f97c696c4d,0.0,0.0,0,1
5747,94b9f83866fd73f6,0.0,0.0,0,1
5748,03ac6bec11a15f6d,0.0,0.0,1,1
5749,131c58bf484cf439,0.0,0.0,0,1
5750,a22b1fad5a7a4def,0.0,0.0,0,1
5751,5f42aec1669e0665,0.0,0.0,0,1
5752,91ce2b6c8429b86c,0.0,0.0,1,1
5753,de14e2f72a22f731,0.0,0.0,1,1
5754,0f1d6c7cdcc95228,0.0,0.0,0,1
5755,70079acb6b5364ef,0.0,0.0,0,1
5756,8463392bf5c517d0,0.0,0.0,0,1
5757,b5ddfeeeedafce18,0.0,0.0,0,1
5758,2b515ad5a01ab956,0.0,0.0,0,1
