,src,dest,wt
0,/p/gpfs1/iopp/mummi_demoroot_20230722_profile/ml/iter00/structure_iter00_000000000223.npz,p_38924,17988
1,/p/gpfs1/iopp/mummi_demoroot_20230722_profile/sims-cg/structure_iter00_000000000223/createsims_success,p_38924,1961038225
2,p_38924,/p/gpfs1/iopp/mummi_demoroot_20230722_profile/sims-cg/structure_iter00_000000000223/createsims_success,1961038225
3,/p/gpfs1/iopp/mummi_demoroot_20230722_profile/ml/iter00/structure_iter00_000000000084.npz,p_7935,16980
4,/p/gpfs1/iopp/mummi_demoroot_20230722_profile/sims-cg/structure_iter00_000000000084/createsims_success,p_7935,1906060776
5,p_7935,/p/gpfs1/iopp/mummi_demoroot_20230722_profile/sims-cg/structure_iter00_000000000084/createsims_success,1906060776
6,/p/gpfs1/iopp/mummi_demoroot_20230722_profile/ml/iter00/structure_iter00_000000000147.npz,p_172837,19641
7,/p/gpfs1/iopp/mummi_demoroot_20230722_profile/sims-cg/structure_iter00_000000000147/createsims_success,p_172837,2614951819
8,p_172837,/p/gpfs1/iopp/mummi_demoroot_20230722_profile/sims-cg/structure_iter00_000000000147/createsims_success,2614951819
9,/p/gpfs1/iopp/mummi_demoroot_20230722_profile/ml/iter00/structure_iter00_000000000062.npz,p_126852,16237
10,/p/gpfs1/iopp/mummi_demoroot_20230722_profile/sims-cg/structure_iter00_000000000062/createsims_failure,p_126852,79473016
11,p_126852,/p/gpfs1/iopp/mummi_demoroot_20230722_profile/sims-cg/structure_iter00_000000000062/createsims_failure,79473016
12,/p/gpfs1/iopp/mummi_demoroot_20230722_profile/ml/iter00/structure_iter00_000000000054.npz,p_76149,15560
13,/p/gpfs1/iopp/mummi_demoroot_20230722_profile/sims-cg/structure_iter00_000000000054/createsims_success,p_76149,1804425072
14,p_76149,/p/gpfs1/iopp/mummi_demoroot_20230722_profile/sims-cg/structure_iter00_000000000054/createsims_success,1804425072
15,/p/gpfs1/iopp/mummi_demoroot_20230722_profile/ml/iter00/structure_iter00_000000000145.npz,p_105303,17422
16,/p/gpfs1/iopp/mummi_demoroot_20230722_profile/sims-cg/structure_iter00_000000000145/createsims_success,p_105303,2302188941
17,p_105303,/p/gpfs1/iopp/mummi_demoroot_20230722_profile/sims-cg/structure_iter00_000000000145/createsims_success,2302188941
18,/p/gpfs1/iopp/mummi_demoroot_20230722_profile/ml/iter00/structure_iter00_000000000031.npz,p_13104,61332
19,/p/gpfs1/iopp/mummi_demoroot_20230722_profile/sims-cg/structure_iter00_000000000031/createsims_success,p_13104,1757920150
20,p_13104,/p/gpfs1/iopp/mummi_demoroot_20230722_profile/sims-cg/structure_iter00_000000000031/createsims_success,1757920150
21,/p/gpfs1/iopp/mummi_demoroot_20230722_profile/ml/iter00/structure_iter00_000000000160.npz,p_94748,16032
22,/p/gpfs1/iopp/mummi_demoroot_20230722_profile/sims-cg/structure_iter00_000000000160/createsims_success,p_94748,3575045698
23,p_94748,/p/gpfs1/iopp/mummi_demoroot_20230722_profile/sims-cg/structure_iter00_000000000160/createsims_success,3575045698
24,/p/gpfs1/iopp/mummi_demoroot_20230722_profile/ml/iter00/structure_iter00_000000000046.npz,p_127717,60456
25,/p/gpfs1/iopp/mummi_demoroot_20230722_profile/sims-cg/structure_iter00_000000000046/createsims_failure,p_127717,84141290
26,p_127717,/p/gpfs1/iopp/mummi_demoroot_20230722_profile/sims-cg/structure_iter00_000000000046/createsims_failure,84141290
27,/p/gpfs1/iopp/mummi_demoroot_20230722_profile/ml/iter00/structure_iter00_000000000212.npz,p_37125,20668
28,/p/gpfs1/iopp/mummi_demoroot_20230722_profile/sims-cg/structure_iter00_000000000212/createsims_failure,p_37125,81780740
29,p_37125,/p/gpfs1/iopp/mummi_demoroot_20230722_profile/sims-cg/structure_iter00_000000000212/createsims_failure,81780740
30,/p/gpfs1/iopp/mummi_demoroot_20230722_profile/ml/iter00/structure_iter00_000000000128.npz,p_10816,17795
31,/p/gpfs1/iopp/mummi_demoroot_20230722_profile/sims-cg/structure_iter00_000000000128/createsims_success,p_10816,2336599601
32,p_10816,/p/gpfs1/iopp/mummi_demoroot_20230722_profile/sims-cg/structure_iter00_000000000128/createsims_success,2336599601
33,/p/gpfs1/iopp/mummi_demoroot_20230722_profile/ml/iter00/structure_iter00_000000000198.npz,p_91201,18418
34,/p/gpfs1/iopp/mummi_demoroot_20230722_profile/sims-cg/structure_iter00_000000000198/createsims_success,p_91201,3344833880
35,p_91201,/p/gpfs1/iopp/mummi_demoroot_20230722_profile/sims-cg/structure_iter00_000000000198/createsims_success,3344833880
36,/p/gpfs1/iopp/mummi_demoroot_20230722_profile/ml/iter00/structure_iter00_000000000158.npz,p_95100,15018
37,/p/gpfs1/iopp/mummi_demoroot_20230722_profile/sims-cg/structure_iter00_000000000158/createsims_success,p_95100,2460347365
38,p_95100,/p/gpfs1/iopp/mummi_demoroot_20230722_profile/sims-cg/structure_iter00_000000000158/createsims_success,2460347365
39,/p/gpfs1/iopp/mummi_demoroot_20230722_profile/ml/iter00/structure_iter00_000000000180.npz,p_31774,14160
40,/p/gpfs1/iopp/mummi_demoroot_20230722_profile/sims-cg/structure_iter00_000000000180/createsims_success,p_31774,2826042661
41,p_31774,/p/gpfs1/iopp/mummi_demoroot_20230722_profile/sims-cg/structure_iter00_000000000180/createsims_success,2826042661
42,/p/gpfs1/iopp/mummi_demoroot_20230722_profile/ml/iter00/structure_iter00_000000000073.npz,p_143598,15968
43,/p/gpfs1/iopp/mummi_demoroot_20230722_profile/sims-cg/structure_iter00_000000000073/createsims_success,p_143598,1779116098
44,p_143598,/p/gpfs1/iopp/mummi_demoroot_20230722_profile/sims-cg/structure_iter00_000000000073/createsims_success,1779116098
45,/p/gpfs1/iopp/mummi_demoroot_20230722_profile/ml/iter00/structure_iter00_000000000233.npz,p_62910,21784
46,/p/gpfs1/iopp/mummi_demoroot_20230722_profile/sims-cg/structure_iter00_000000000233/createsims_failure,p_62910,76894074
47,p_62910,/p/gpfs1/iopp/mummi_demoroot_20230722_profile/sims-cg/structure_iter00_000000000233/createsims_failure,76894074
48,/p/gpfs1/iopp/mummi_demoroot_20230722_profile/ml/iter00/structure_iter00_000000000096.npz,p_56510,13630
49,/p/gpfs1/iopp/mummi_demoroot_20230722_profile/sims-cg/structure_iter00_000000000096/createsims_success,p_56510,2529138286
50,p_56510,/p/gpfs1/iopp/mummi_demoroot_20230722_profile/sims-cg/structure_iter00_000000000096/createsims_success,2529138286
51,/p/gpfs1/iopp/mummi_demoroot_20230722_profile/ml/iter00/structure_iter00_000000000219.npz,p_111769,19262
52,/p/gpfs1/iopp/mummi_demoroot_20230722_profile/ml/iter00/structure_iter00_000000000175.npz,p_121864,16021
53,/p/gpfs1/iopp/mummi_demoroot_20230722_profile/sims-cg/structure_iter00_000000000175/createsims_success,p_121864,2554171010
54,p_121864,/p/gpfs1/iopp/mummi_demoroot_20230722_profile/sims-cg/structure_iter00_000000000175/createsims_success,2554171010
55,/p/gpfs1/iopp/mummi_demoroot_20230722_profile/ml/iter00/structure_iter00_000000000032.npz,p_128107,62550
56,/p/gpfs1/iopp/mummi_demoroot_20230722_profile/sims-cg/structure_iter00_000000000032/createsims_success,p_128107,2041501447
57,p_128107,/p/gpfs1/iopp/mummi_demoroot_20230722_profile/sims-cg/structure_iter00_000000000032/createsims_success,2041501447
58,/p/gpfs1/iopp/mummi_demoroot_20230722_profile/ml/iter00/structure_iter00_000000000098.npz,p_161518,14359
59,/p/gpfs1/iopp/mummi_demoroot_20230722_profile/sims-cg/structure_iter00_000000000098/createsims_success,p_161518,2443864613
60,p_161518,/p/gpfs1/iopp/mummi_demoroot_20230722_profile/sims-cg/structure_iter00_000000000098/createsims_success,2443864613
61,/p/gpfs1/iopp/mummi_demoroot_20230722_profile/ml/iter00/structure_iter00_000000000051.npz,p_161161,46946
62,/p/gpfs1/iopp/mummi_demoroot_20230722_profile/sims-cg/structure_iter00_000000000051/createsims_success,p_161161,1694182364
63,p_161161,/p/gpfs1/iopp/mummi_demoroot_20230722_profile/sims-cg/structure_iter00_000000000051/createsims_success,1694182364
64,/p/gpfs1/iopp/mummi_demoroot_20230722_profile/ml/iter00/structure_iter00_000000000112.npz,p_19679,16228
65,/p/gpfs1/iopp/mummi_demoroot_20230722_profile/sims-cg/structure_iter00_000000000112/createsims_success,p_19679,2534944187
66,p_19679,/p/gpfs1/iopp/mummi_demoroot_20230722_profile/sims-cg/structure_iter00_000000000112/createsims_success,2534944187
67,/p/gpfs1/iopp/mummi_demoroot_20230722_profile/ml/iter00/structure_iter00_000000000230.npz,p_56952,16390
68,/p/gpfs1/iopp/mummi_demoroot_20230722_profile/ml/iter00/structure_iter00_000000000121.npz,p_8613,15342
69,/p/gpfs1/iopp/mummi_demoroot_20230722_profile/sims-cg/structure_iter00_000000000121/createsims_success,p_8613,2380380747
70,p_8613,/p/gpfs1/iopp/mummi_demoroot_20230722_profile/sims-cg/structure_iter00_000000000121/createsims_success,2380380747
71,/p/gpfs1/iopp/mummi_demoroot_20230722_profile/ml/iter00/structure_iter00_000000000103.npz,p_172305,15794
72,/p/gpfs1/iopp/mummi_demoroot_20230722_profile/sims-cg/structure_iter00_000000000103/createsims_success,p_172305,1942526599
73,p_172305,/p/gpfs1/iopp/mummi_demoroot_20230722_profile/sims-cg/structure_iter00_000000000103/createsims_success,1942526599
74,/p/gpfs1/iopp/mummi_demoroot_20230722_profile/ml/iter00/structure_iter00_000000000199.npz,p_40623,15036
75,/p/gpfs1/iopp/mummi_demoroot_20230722_profile/sims-cg/structure_iter00_000000000199/createsims_success,p_40623,3003006335
76,p_40623,/p/gpfs1/iopp/mummi_demoroot_20230722_profile/sims-cg/structure_iter00_000000000199/createsims_success,3003006335
77,/p/gpfs1/iopp/mummi_demoroot_20230722_profile/ml/iter00/structure_iter00_000000000092.npz,p_118182,18465
78,/p/gpfs1/iopp/mummi_demoroot_20230722_profile/sims-cg/structure_iter00_000000000092/createsims_success,p_118182,3383536939
79,p_118182,/p/gpfs1/iopp/mummi_demoroot_20230722_profile/sims-cg/structure_iter00_000000000092/createsims_success,3383536939
80,/p/gpfs1/iopp/mummi_demoroot_20230722_profile/ml/iter00/structure_iter00_000000000196.npz,p_48558,17028
81,/p/gpfs1/iopp/mummi_demoroot_20230722_profile/sims-cg/structure_iter00_000000000196/createsims_success,p_48558,2503823664
82,p_48558,/p/gpfs1/iopp/mummi_demoroot_20230722_profile/sims-cg/structure_iter00_000000000196/createsims_success,2503823664
83,/p/gpfs1/iopp/mummi_demoroot_20230722_profile/ml/iter00/structure_iter00_000000000001.npz,p_37412,67848
84,/p/gpfs1/iopp/mummi_demoroot_20230722_profile/sims-cg/structure_iter00_000000000001/createsims_success,p_37412,1749637201
85,p_37412,/p/gpfs1/iopp/mummi_demoroot_20230722_profile/sims-cg/structure_iter00_000000000001/createsims_success,1749637201
86,/p/gpfs1/iopp/mummi_demoroot_20230722_profile/ml/iter00/structure_iter00_000000000109.npz,p_152514,16444
87,/p/gpfs1/iopp/mummi_demoroot_20230722_profile/sims-cg/structure_iter00_000000000109/createsims_failure,p_152514,77981813
88,p_152514,/p/gpfs1/iopp/mummi_demoroot_20230722_profile/sims-cg/structure_iter00_000000000109/createsims_failure,77981813
89,/p/gpfs1/iopp/mummi_demoroot_20230722_profile/ml/iter00/structure_iter00_000000000016.npz,p_131405,62822
90,/p/gpfs1/iopp/mummi_demoroot_20230722_profile/sims-cg/structure_iter00_000000000016/createsims_failure,p_131405,83922555
91,p_131405,/p/gpfs1/iopp/mummi_demoroot_20230722_profile/sims-cg/structure_iter00_000000000016/createsims_failure,83922555
92,/p/gpfs1/iopp/mummi_demoroot_20230722_profile/ml/iter00/structure_iter00_000000000020.npz,p_29182,17059
93,/p/gpfs1/iopp/mummi_demoroot_20230722_profile/sims-cg/structure_iter00_000000000020/createsims_success,p_29182,1768232825
94,p_29182,/p/gpfs1/iopp/mummi_demoroot_20230722_profile/sims-cg/structure_iter00_000000000020/createsims_success,1768232825
95,/p/gpfs1/iopp/mummi_demoroot_20230722_profile/ml/iter00/structure_iter00_000000000089.npz,p_19204,16510
96,/p/gpfs1/iopp/mummi_demoroot_20230722_profile/sims-cg/structure_iter00_000000000089/createsims_success,p_19204,2202024225
97,p_19204,/p/gpfs1/iopp/mummi_demoroot_20230722_profile/sims-cg/structure_iter00_000000000089/createsims_success,2202024225
98,/p/gpfs1/iopp/mummi_demoroot_20230722_profile/ml/iter00/structure_iter00_000000000104.npz,p_93711,15993
99,/p/gpfs1/iopp/mummi_demoroot_20230722_profile/sims-cg/structure_iter00_000000000104/createsims_failure,p_93711,77323034
100,p_93711,/p/gpfs1/iopp/mummi_demoroot_20230722_profile/sims-cg/structure_iter00_000000000104/createsims_failure,77323034
101,/p/gpfs1/iopp/mummi_demoroot_20230722_profile/ml/iter00/structure_iter00_000000000079.npz,p_130980,17736
102,/p/gpfs1/iopp/mummi_demoroot_20230722_profile/sims-cg/structure_iter00_000000000079/createsims_success,p_130980,1936555954
103,p_130980,/p/gpfs1/iopp/mummi_demoroot_20230722_profile/sims-cg/structure_iter00_000000000079/createsims_success,1936555954
104,/p/gpfs1/iopp/mummi_demoroot_20230722_profile/ml/iter00/structure_iter00_000000000188.npz,p_89542,18219
105,/p/gpfs1/iopp/mummi_demoroot_20230722_profile/sims-cg/structure_iter00_000000000188/createsims_failure,p_89542,82983146
106,p_89542,/p/gpfs1/iopp/mummi_demoroot_20230722_profile/sims-cg/structure_iter00_000000000188/createsims_failure,82983146
107,/p/gpfs1/iopp/mummi_demoroot_20230722_profile/ml/iter00/structure_iter00_000000000035.npz,p_106317,64690
108,/p/gpfs1/iopp/mummi_demoroot_20230722_profile/sims-cg/structure_iter00_000000000035/createsims_success,p_106317,1751942931
109,p_106317,/p/gpfs1/iopp/mummi_demoroot_20230722_profile/sims-cg/structure_iter00_000000000035/createsims_success,1751942931
110,/p/gpfs1/iopp/mummi_demoroot_20230722_profile/ml/iter00/structure_iter00_000000000201.npz,p_130292,23014
111,/p/gpfs1/iopp/mummi_demoroot_20230722_profile/sims-cg/structure_iter00_000000000201/createsims_success,p_130292,3180615229
112,p_130292,/p/gpfs1/iopp/mummi_demoroot_20230722_profile/sims-cg/structure_iter00_000000000201/createsims_success,3180615229
113,/p/gpfs1/iopp/mummi_demoroot_20230722_profile/ml/iter00/structure_iter00_000000000238.npz,p_18740,26027
114,/p/gpfs1/iopp/mummi_demoroot_20230722_profile/sims-cg/structure_iter00_000000000238/createsims_failure,p_18740,83599271
115,p_18740,/p/gpfs1/iopp/mummi_demoroot_20230722_profile/sims-cg/structure_iter00_000000000238/createsims_failure,83599271
116,/p/gpfs1/iopp/mummi_demoroot_20230722_profile/ml/iter00/structure_iter00_000000000022.npz,p_134108,17180
117,/p/gpfs1/iopp/mummi_demoroot_20230722_profile/sims-cg/structure_iter00_000000000022/createsims_failure,p_134108,83024898
118,p_134108,/p/gpfs1/iopp/mummi_demoroot_20230722_profile/sims-cg/structure_iter00_000000000022/createsims_failure,83024898
119,/p/gpfs1/iopp/mummi_demoroot_20230722_profile/ml/iter00/structure_iter00_000000000159.npz,p_138146,14622
120,/p/gpfs1/iopp/mummi_demoroot_20230722_profile/sims-cg/structure_iter00_000000000159/createsims_success,p_138146,2610999187
121,p_138146,/p/gpfs1/iopp/mummi_demoroot_20230722_profile/sims-cg/structure_iter00_000000000159/createsims_success,2610999187
122,/p/gpfs1/iopp/mummi_demoroot_20230722_profile/ml/iter00/structure_iter00_000000000059.npz,p_51170,59741
123,/p/gpfs1/iopp/mummi_demoroot_20230722_profile/sims-cg/structure_iter00_000000000059/createsims_failure,p_51170,79424436
124,p_51170,/p/gpfs1/iopp/mummi_demoroot_20230722_profile/sims-cg/structure_iter00_000000000059/createsims_failure,79424436
125,/p/gpfs1/iopp/mummi_demoroot_20230722_profile/ml/iter00/structure_iter00_000000000179.npz,p_177132,15318
126,/p/gpfs1/iopp/mummi_demoroot_20230722_profile/sims-cg/structure_iter00_000000000179/createsims_success,p_177132,2292111976
127,p_177132,/p/gpfs1/iopp/mummi_demoroot_20230722_profile/sims-cg/structure_iter00_000000000179/createsims_success,2292111976
128,/p/gpfs1/iopp/mummi_demoroot_20230722_profile/ml/iter00/structure_iter00_000000000102.npz,p_141592,15763
129,/p/gpfs1/iopp/mummi_demoroot_20230722_profile/sims-cg/structure_iter00_000000000102/createsims_success,p_141592,2101290016
130,p_141592,/p/gpfs1/iopp/mummi_demoroot_20230722_profile/sims-cg/structure_iter00_000000000102/createsims_success,2101290016
131,/p/gpfs1/iopp/mummi_demoroot_20230722_profile/ml/iter00/structure_iter00_000000000183.npz,p_18297,15320
132,/p/gpfs1/iopp/mummi_demoroot_20230722_profile/sims-cg/structure_iter00_000000000183/createsims_success,p_18297,3100495949
133,p_18297,/p/gpfs1/iopp/mummi_demoroot_20230722_profile/sims-cg/structure_iter00_000000000183/createsims_success,3100495949
134,/p/gpfs1/iopp/mummi_demoroot_20230722_profile/ml/iter00/structure_iter00_000000000248.npz,p_133432,17797
135,/p/gpfs1/iopp/mummi_demoroot_20230722_profile/sims-cg/structure_iter00_000000000248/createsims_success,p_133432,2013168222
136,p_133432,/p/gpfs1/iopp/mummi_demoroot_20230722_profile/sims-cg/structure_iter00_000000000248/createsims_success,2013168222
137,/p/gpfs1/iopp/mummi_demoroot_20230722_profile/ml/iter00/structure_iter00_000000000060.npz,p_33220,14312
138,/p/gpfs1/iopp/mummi_demoroot_20230722_profile/sims-cg/structure_iter00_000000000060/createsims_success,p_33220,2367971247
139,p_33220,/p/gpfs1/iopp/mummi_demoroot_20230722_profile/sims-cg/structure_iter00_000000000060/createsims_success,2367971247
140,/p/gpfs1/iopp/mummi_demoroot_20230722_profile/ml/iter00/structure_iter00_000000000225.npz,p_161055,22680
141,/p/gpfs1/iopp/mummi_demoroot_20230722_profile/sims-cg/structure_iter00_000000000225/createsims_failure,p_161055,77014743
142,p_161055,/p/gpfs1/iopp/mummi_demoroot_20230722_profile/sims-cg/structure_iter00_000000000225/createsims_failure,77014743
143,/p/gpfs1/iopp/mummi_demoroot_20230722_profile/ml/iter00/structure_iter00_000000000208.npz,p_131477,18950
144,/p/gpfs1/iopp/mummi_demoroot_20230722_profile/sims-cg/structure_iter00_000000000208/createsims_success,p_131477,4253289777
145,p_131477,/p/gpfs1/iopp/mummi_demoroot_20230722_profile/sims-cg/structure_iter00_000000000208/createsims_success,4253289777
146,/p/gpfs1/iopp/mummi_demoroot_20230722_profile/ml/iter00/structure_iter00_000000000249.npz,p_104059,13443
147,/p/gpfs1/iopp/mummi_demoroot_20230722_profile/sims-cg/structure_iter00_000000000249/createsims_failure,p_104059,81803618
148,p_104059,/p/gpfs1/iopp/mummi_demoroot_20230722_profile/sims-cg/structure_iter00_000000000249/createsims_failure,81803618
149,/p/gpfs1/iopp/mummi_demoroot_20230722_profile/ml/iter00/structure_iter00_000000000069.npz,p_49602,17740
150,/p/gpfs1/iopp/mummi_demoroot_20230722_profile/sims-cg/structure_iter00_000000000069/createsims_success,p_49602,4869769736
151,p_49602,/p/gpfs1/iopp/mummi_demoroot_20230722_profile/sims-cg/structure_iter00_000000000069/createsims_success,4869769736
152,/p/gpfs1/iopp/mummi_demoroot_20230722_profile/ml/iter00/structure_iter00_000000000110.npz,p_51618,15482
153,/p/gpfs1/iopp/mummi_demoroot_20230722_profile/sims-cg/structure_iter00_000000000110/createsims_success,p_51618,2282388473
154,p_51618,/p/gpfs1/iopp/mummi_demoroot_20230722_profile/sims-cg/structure_iter00_000000000110/createsims_success,2282388473
155,/p/gpfs1/iopp/mummi_demoroot_20230722_profile/ml/iter00/structure_iter00_000000000056.npz,p_151527,16857
156,/p/gpfs1/iopp/mummi_demoroot_20230722_profile/sims-cg/structure_iter00_000000000056/createsims_success,p_151527,1837277561
157,p_151527,/p/gpfs1/iopp/mummi_demoroot_20230722_profile/sims-cg/structure_iter00_000000000056/createsims_success,1837277561
158,/p/gpfs1/iopp/mummi_demoroot_20230722_profile/ml/iter00/structure_iter00_000000000169.npz,p_92479,17194
159,/p/gpfs1/iopp/mummi_demoroot_20230722_profile/sims-cg/structure_iter00_000000000169/createsims_success,p_92479,3329779822
160,p_92479,/p/gpfs1/iopp/mummi_demoroot_20230722_profile/sims-cg/structure_iter00_000000000169/createsims_success,3329779822
161,/p/gpfs1/iopp/mummi_demoroot_20230722_profile/ml/iter00/structure_iter00_000000000174.npz,p_16598,18076
162,/p/gpfs1/iopp/mummi_demoroot_20230722_profile/sims-cg/structure_iter00_000000000174/createsims_success,p_16598,2268313229
163,p_16598,/p/gpfs1/iopp/mummi_demoroot_20230722_profile/sims-cg/structure_iter00_000000000174/createsims_success,2268313229
164,/p/gpfs1/iopp/mummi_demoroot_20230722_profile/ml/iter00/structure_iter00_000000000140.npz,p_164802,17270
165,/p/gpfs1/iopp/mummi_demoroot_20230722_profile/sims-cg/structure_iter00_000000000140/createsims_success,p_164802,2733989787
166,p_164802,/p/gpfs1/iopp/mummi_demoroot_20230722_profile/sims-cg/structure_iter00_000000000140/createsims_success,2733989787
167,/p/gpfs1/iopp/mummi_demoroot_20230722_profile/ml/iter00/structure_iter00_000000000048.npz,p_52575,58592
168,/p/gpfs1/iopp/mummi_demoroot_20230722_profile/sims-cg/structure_iter00_000000000048/createsims_success,p_52575,2032484816
169,p_52575,/p/gpfs1/iopp/mummi_demoroot_20230722_profile/sims-cg/structure_iter00_000000000048/createsims_success,2032484816
170,/p/gpfs1/iopp/mummi_demoroot_20230722_profile/ml/iter00/structure_iter00_000000000027.npz,p_135005,57861
171,/p/gpfs1/iopp/mummi_demoroot_20230722_profile/sims-cg/structure_iter00_000000000027/createsims_failure,p_135005,147194012
172,p_135005,/p/gpfs1/iopp/mummi_demoroot_20230722_profile/sims-cg/structure_iter00_000000000027/createsims_failure,147194012
173,/p/gpfs1/iopp/mummi_demoroot_20230722_profile/ml/iter00/structure_iter00_000000000155.npz,p_83017,15460
174,/p/gpfs1/iopp/mummi_demoroot_20230722_profile/sims-cg/structure_iter00_000000000155/createsims_success,p_83017,1886834312
175,p_83017,/p/gpfs1/iopp/mummi_demoroot_20230722_profile/sims-cg/structure_iter00_000000000155/createsims_success,1886834312
176,/p/gpfs1/iopp/mummi_demoroot_20230722_profile/ml/iter00/structure_iter00_000000000274.npz,p_142679,20587
177,/p/gpfs1/iopp/mummi_demoroot_20230722_profile/ml/iter00/structure_iter00_000000000082.npz,p_18003,19333
178,/p/gpfs1/iopp/mummi_demoroot_20230722_profile/sims-cg/structure_iter00_000000000082/createsims_success,p_18003,2240340101
179,p_18003,/p/gpfs1/iopp/mummi_demoroot_20230722_profile/sims-cg/structure_iter00_000000000082/createsims_success,2240340101
180,/p/gpfs1/iopp/mummi_demoroot_20230722_profile/ml/iter00/structure_iter00_000000000138.npz,p_96186,15838
181,/p/gpfs1/iopp/mummi_demoroot_20230722_profile/sims-cg/structure_iter00_000000000138/createsims_success,p_96186,3187119919
182,p_96186,/p/gpfs1/iopp/mummi_demoroot_20230722_profile/sims-cg/structure_iter00_000000000138/createsims_success,3187119919
183,/p/gpfs1/iopp/mummi_demoroot_20230722_profile/ml/iter00/structure_iter00_000000000119.npz,p_180114,15162
184,/p/gpfs1/iopp/mummi_demoroot_20230722_profile/sims-cg/structure_iter00_000000000119/createsims_success,p_180114,2170062107
185,p_180114,/p/gpfs1/iopp/mummi_demoroot_20230722_profile/sims-cg/structure_iter00_000000000119/createsims_success,2170062107
186,/p/gpfs1/iopp/mummi_demoroot_20230722_profile/ml/iter00/structure_iter00_000000000123.npz,p_164364,15977
187,/p/gpfs1/iopp/mummi_demoroot_20230722_profile/sims-cg/structure_iter00_000000000123/createsims_success,p_164364,1782615428
188,p_164364,/p/gpfs1/iopp/mummi_demoroot_20230722_profile/sims-cg/structure_iter00_000000000123/createsims_success,1782615428
189,/p/gpfs1/iopp/mummi_demoroot_20230722_profile/ml/iter00/structure_iter00_000000000028.npz,p_144366,17597
190,/p/gpfs1/iopp/mummi_demoroot_20230722_profile/sims-cg/structure_iter00_000000000028/createsims_success,p_144366,1661884098
191,p_144366,/p/gpfs1/iopp/mummi_demoroot_20230722_profile/sims-cg/structure_iter00_000000000028/createsims_success,1661884098
192,/p/gpfs1/iopp/mummi_demoroot_20230722_profile/ml/iter00/structure_iter00_000000000122.npz,p_63748,16786
193,/p/gpfs1/iopp/mummi_demoroot_20230722_profile/sims-cg/structure_iter00_000000000122/createsims_success,p_63748,2231126796
194,p_63748,/p/gpfs1/iopp/mummi_demoroot_20230722_profile/sims-cg/structure_iter00_000000000122/createsims_success,2231126796
195,/p/gpfs1/iopp/mummi_demoroot_20230722_profile/ml/iter00/structure_iter00_000000000126.npz,p_98638,15046
196,/p/gpfs1/iopp/mummi_demoroot_20230722_profile/sims-cg/structure_iter00_000000000126/createsims_success,p_98638,2251137082
197,p_98638,/p/gpfs1/iopp/mummi_demoroot_20230722_profile/sims-cg/structure_iter00_000000000126/createsims_success,2251137082
198,/p/gpfs1/iopp/mummi_demoroot_20230722_profile/ml/iter00/structure_iter00_000000000049.npz,p_145305,62622
199,/p/gpfs1/iopp/mummi_demoroot_20230722_profile/sims-cg/structure_iter00_000000000049/createsims_failure,p_145305,81216515
200,p_145305,/p/gpfs1/iopp/mummi_demoroot_20230722_profile/sims-cg/structure_iter00_000000000049/createsims_failure,81216515
201,/p/gpfs1/iopp/mummi_demoroot_20230722_profile/ml/iter00/structure_iter00_000000000090.npz,p_4316,17924
202,/p/gpfs1/iopp/mummi_demoroot_20230722_profile/sims-cg/structure_iter00_000000000090/createsims_failure,p_4316,79056987
203,p_4316,/p/gpfs1/iopp/mummi_demoroot_20230722_profile/sims-cg/structure_iter00_000000000090/createsims_failure,79056987
204,/p/gpfs1/iopp/mummi_demoroot_20230722_profile/ml/iter00/structure_iter00_000000000139.npz,p_47339,14238
205,/p/gpfs1/iopp/mummi_demoroot_20230722_profile/sims-cg/structure_iter00_000000000139/createsims_success,p_47339,2301054631
206,p_47339,/p/gpfs1/iopp/mummi_demoroot_20230722_profile/sims-cg/structure_iter00_000000000139/createsims_success,2301054631
207,/p/gpfs1/iopp/mummi_demoroot_20230722_profile/ml/iter00/structure_iter00_000000000094.npz,p_136730,16861
208,/p/gpfs1/iopp/mummi_demoroot_20230722_profile/sims-cg/structure_iter00_000000000094/createsims_success,p_136730,1940442690
209,p_136730,/p/gpfs1/iopp/mummi_demoroot_20230722_profile/sims-cg/structure_iter00_000000000094/createsims_success,1940442690
210,/p/gpfs1/iopp/mummi_demoroot_20230722_profile/ml/iter00/structure_iter00_000000000193.npz,p_94216,18560
211,/p/gpfs1/iopp/mummi_demoroot_20230722_profile/sims-cg/structure_iter00_000000000193/createsims_success,p_94216,2688492838
212,p_94216,/p/gpfs1/iopp/mummi_demoroot_20230722_profile/sims-cg/structure_iter00_000000000193/createsims_success,2688492838
213,/p/gpfs1/iopp/mummi_demoroot_20230722_profile/ml/iter00/structure_iter00_000000000209.npz,p_70483,16191
214,/p/gpfs1/iopp/mummi_demoroot_20230722_profile/sims-cg/structure_iter00_000000000209/createsims_success,p_70483,4411950160
215,p_70483,/p/gpfs1/iopp/mummi_demoroot_20230722_profile/sims-cg/structure_iter00_000000000209/createsims_success,4411950160
216,/p/gpfs1/iopp/mummi_demoroot_20230722_profile/ml/iter00/structure_iter00_000000000036.npz,p_96570,81756
217,/p/gpfs1/iopp/mummi_demoroot_20230722_profile/sims-cg/structure_iter00_000000000036/createsims_success,p_96570,1873250655
218,p_96570,/p/gpfs1/iopp/mummi_demoroot_20230722_profile/sims-cg/structure_iter00_000000000036/createsims_success,1873250655
219,/p/gpfs1/iopp/mummi_demoroot_20230722_profile/ml/iter00/structure_iter00_000000000229.npz,p_41296,16262
220,/p/gpfs1/iopp/mummi_demoroot_20230722_profile/sims-cg/structure_iter00_000000000229/createsims_success,p_41296,1925430605
221,p_41296,/p/gpfs1/iopp/mummi_demoroot_20230722_profile/sims-cg/structure_iter00_000000000229/createsims_success,1925430605
222,/p/gpfs1/iopp/mummi_demoroot_20230722_profile/ml/iter00/structure_iter00_000000000091.npz,p_53215,16978
223,/p/gpfs1/iopp/mummi_demoroot_20230722_profile/sims-cg/structure_iter00_000000000091/createsims_failure,p_53215,79775395
224,p_53215,/p/gpfs1/iopp/mummi_demoroot_20230722_profile/sims-cg/structure_iter00_000000000091/createsims_failure,79775395
225,/p/gpfs1/iopp/mummi_demoroot_20230722_profile/ml/iter00/structure_iter00_000000000171.npz,p_93581,19745
226,/p/gpfs1/iopp/mummi_demoroot_20230722_profile/sims-cg/structure_iter00_000000000171/createsims_success,p_93581,2620041927
227,p_93581,/p/gpfs1/iopp/mummi_demoroot_20230722_profile/sims-cg/structure_iter00_000000000171/createsims_success,2620041927
228,/p/gpfs1/iopp/mummi_demoroot_20230722_profile/ml/iter00/structure_iter00_000000000013.npz,p_26450,64407
229,/p/gpfs1/iopp/mummi_demoroot_20230722_profile/sims-cg/structure_iter00_000000000013/createsims_failure,p_26450,82688932
230,p_26450,/p/gpfs1/iopp/mummi_demoroot_20230722_profile/sims-cg/structure_iter00_000000000013/createsims_failure,82688932
231,/p/gpfs1/iopp/mummi_demoroot_20230722_profile/ml/iter00/structure_iter00_000000000170.npz,p_47407,17014
232,/p/gpfs1/iopp/mummi_demoroot_20230722_profile/sims-cg/structure_iter00_000000000170/createsims_success,p_47407,2376261578
233,p_47407,/p/gpfs1/iopp/mummi_demoroot_20230722_profile/sims-cg/structure_iter00_000000000170/createsims_success,2376261578
234,/p/gpfs1/iopp/mummi_demoroot_20230722_profile/ml/iter00/structure_iter00_000000000192.npz,p_15766,14253
235,/p/gpfs1/iopp/mummi_demoroot_20230722_profile/sims-cg/structure_iter00_000000000192/createsims_failure,p_15766,77073983
236,p_15766,/p/gpfs1/iopp/mummi_demoroot_20230722_profile/sims-cg/structure_iter00_000000000192/createsims_failure,77073983
237,/p/gpfs1/iopp/mummi_demoroot_20230722_profile/ml/iter00/structure_iter00_000000000237.npz,p_65181,24789
238,/p/gpfs1/iopp/mummi_demoroot_20230722_profile/sims-cg/structure_iter00_000000000237/createsims_failure,p_65181,76902137
239,p_65181,/p/gpfs1/iopp/mummi_demoroot_20230722_profile/sims-cg/structure_iter00_000000000237/createsims_failure,76902137
240,/p/gpfs1/iopp/mummi_demoroot_20230722_profile/ml/iter00/structure_iter00_000000000100.npz,p_31486,71328
241,/p/gpfs1/iopp/mummi_demoroot_20230722_profile/sims-cg/structure_iter00_000000000100/createsims_success,p_31486,1846592607
242,p_31486,/p/gpfs1/iopp/mummi_demoroot_20230722_profile/sims-cg/structure_iter00_000000000100/createsims_success,1846592607
243,/p/gpfs1/iopp/mummi_demoroot_20230722_profile/ml/iter00/structure_iter00_000000000262.npz,p_39658,25089
244,/p/gpfs1/iopp/mummi_demoroot_20230722_profile/ml/iter00/structure_iter00_000000000095.npz,p_118920,12884
245,/p/gpfs1/iopp/mummi_demoroot_20230722_profile/sims-cg/structure_iter00_000000000095/createsims_success,p_118920,2001117310
246,p_118920,/p/gpfs1/iopp/mummi_demoroot_20230722_profile/sims-cg/structure_iter00_000000000095/createsims_success,2001117310
247,/p/gpfs1/iopp/mummi_demoroot_20230722_profile/ml/iter00/structure_iter00_000000000133.npz,p_49439,16257
248,/p/gpfs1/iopp/mummi_demoroot_20230722_profile/sims-cg/structure_iter00_000000000133/createsims_failure,p_49439,78104026
249,p_49439,/p/gpfs1/iopp/mummi_demoroot_20230722_profile/sims-cg/structure_iter00_000000000133/createsims_failure,78104026
250,/p/gpfs1/iopp/mummi_demoroot_20230722_profile/ml/iter00/structure_iter00_000000000236.npz,p_162906,25164
251,/p/gpfs1/iopp/mummi_demoroot_20230722_profile/sims-cg/structure_iter00_000000000236/createsims_success,p_162906,2051517618
252,p_162906,/p/gpfs1/iopp/mummi_demoroot_20230722_profile/sims-cg/structure_iter00_000000000236/createsims_success,2051517618
253,/p/gpfs1/iopp/mummi_demoroot_20230722_profile/ml/iter00/structure_iter00_000000000063.npz,p_38682,17441
254,/p/gpfs1/iopp/mummi_demoroot_20230722_profile/sims-cg/structure_iter00_000000000063/createsims_success,p_38682,1938049313
255,p_38682,/p/gpfs1/iopp/mummi_demoroot_20230722_profile/sims-cg/structure_iter00_000000000063/createsims_success,1938049313
256,/p/gpfs1/iopp/mummi_demoroot_20230722_profile/ml/iter00/structure_iter00_000000000205.npz,p_131206,17422
257,/p/gpfs1/iopp/mummi_demoroot_20230722_profile/sims-cg/structure_iter00_000000000205/createsims_failure,p_131206,79422687
258,p_131206,/p/gpfs1/iopp/mummi_demoroot_20230722_profile/sims-cg/structure_iter00_000000000205/createsims_failure,79422687
259,/p/gpfs1/iopp/mummi_demoroot_20230722_profile/ml/iter00/structure_iter00_000000000184.npz,p_107090,16202
260,/p/gpfs1/iopp/mummi_demoroot_20230722_profile/sims-cg/structure_iter00_000000000184/createsims_success,p_107090,3532736733
261,p_107090,/p/gpfs1/iopp/mummi_demoroot_20230722_profile/sims-cg/structure_iter00_000000000184/createsims_success,3532736733
262,/p/gpfs1/iopp/mummi_demoroot_20230722_profile/ml/iter00/structure_iter00_000000000191.npz,p_57073,18590
263,/p/gpfs1/iopp/mummi_demoroot_20230722_profile/sims-cg/structure_iter00_000000000191/createsims_success,p_57073,3023281924
264,p_57073,/p/gpfs1/iopp/mummi_demoroot_20230722_profile/sims-cg/structure_iter00_000000000191/createsims_success,3023281924
265,/p/gpfs1/iopp/mummi_demoroot_20230722_profile/ml/iter00/structure_iter00_000000000033.npz,p_13324,63116
266,/p/gpfs1/iopp/mummi_demoroot_20230722_profile/sims-cg/structure_iter00_000000000033/createsims_success,p_13324,2128140551
267,p_13324,/p/gpfs1/iopp/mummi_demoroot_20230722_profile/sims-cg/structure_iter00_000000000033/createsims_success,2128140551
268,/p/gpfs1/iopp/mummi_demoroot_20230722_profile/ml/iter00/structure_iter00_000000000206.npz,p_136739,23916
269,/p/gpfs1/iopp/mummi_demoroot_20230722_profile/sims-cg/structure_iter00_000000000206/createsims_success,p_136739,2049948693
270,p_136739,/p/gpfs1/iopp/mummi_demoroot_20230722_profile/sims-cg/structure_iter00_000000000206/createsims_success,2049948693
271,/p/gpfs1/iopp/mummi_demoroot_20230722_profile/ml/iter00/structure_iter00_000000000009.npz,p_158909,62925
272,/p/gpfs1/iopp/mummi_demoroot_20230722_profile/sims-cg/structure_iter00_000000000009/createsims_success,p_158909,2112404647
273,p_158909,/p/gpfs1/iopp/mummi_demoroot_20230722_profile/sims-cg/structure_iter00_000000000009/createsims_success,2112404647
274,/p/gpfs1/iopp/mummi_demoroot_20230722_profile/ml/iter00/structure_iter00_000000000125.npz,p_163469,15119
275,/p/gpfs1/iopp/mummi_demoroot_20230722_profile/sims-cg/structure_iter00_000000000125/createsims_success,p_163469,2254739211
276,p_163469,/p/gpfs1/iopp/mummi_demoroot_20230722_profile/sims-cg/structure_iter00_000000000125/createsims_success,2254739211
277,/p/gpfs1/iopp/mummi_demoroot_20230722_profile/ml/iter00/structure_iter00_000000000034.npz,p_95952,64374
278,/p/gpfs1/iopp/mummi_demoroot_20230722_profile/sims-cg/structure_iter00_000000000034/createsims_success,p_95952,1775723479
279,p_95952,/p/gpfs1/iopp/mummi_demoroot_20230722_profile/sims-cg/structure_iter00_000000000034/createsims_success,1775723479
280,/p/gpfs1/iopp/mummi_demoroot_20230722_profile/ml/iter00/structure_iter00_000000000023.npz,p_130922,17317
281,/p/gpfs1/iopp/mummi_demoroot_20230722_profile/sims-cg/structure_iter00_000000000023/createsims_success,p_130922,2401660318
282,p_130922,/p/gpfs1/iopp/mummi_demoroot_20230722_profile/sims-cg/structure_iter00_000000000023/createsims_success,2401660318
283,/p/gpfs1/iopp/mummi_demoroot_20230722_profile/ml/iter00/structure_iter00_000000000107.npz,p_62588,17909
284,/p/gpfs1/iopp/mummi_demoroot_20230722_profile/sims-cg/structure_iter00_000000000107/createsims_success,p_62588,2163390133
285,p_62588,/p/gpfs1/iopp/mummi_demoroot_20230722_profile/sims-cg/structure_iter00_000000000107/createsims_success,2163390133
286,/p/gpfs1/iopp/mummi_demoroot_20230722_profile/ml/iter00/structure_iter00_000000000017.npz,p_171467,59207
287,/p/gpfs1/iopp/mummi_demoroot_20230722_profile/sims-cg/structure_iter00_000000000017/createsims_success,p_171467,2287998023
288,p_171467,/p/gpfs1/iopp/mummi_demoroot_20230722_profile/sims-cg/structure_iter00_000000000017/createsims_success,2287998023
289,/p/gpfs1/iopp/mummi_demoroot_20230722_profile/ml/iter00/structure_iter00_000000000050.npz,p_1326,12717
290,/p/gpfs1/iopp/mummi_demoroot_20230722_profile/sims-cg/structure_iter00_000000000050/createsims_success,p_1326,2474185889
291,p_1326,/p/gpfs1/iopp/mummi_demoroot_20230722_profile/sims-cg/structure_iter00_000000000050/createsims_success,2474185889
292,/p/gpfs1/iopp/mummi_demoroot_20230722_profile/ml/iter00/structure_iter00_000000000087.npz,p_52507,17481
293,/p/gpfs1/iopp/mummi_demoroot_20230722_profile/sims-cg/structure_iter00_000000000087/createsims_success,p_52507,1986418713
294,p_52507,/p/gpfs1/iopp/mummi_demoroot_20230722_profile/sims-cg/structure_iter00_000000000087/createsims_success,1986418713
295,/p/gpfs1/iopp/mummi_demoroot_20230722_profile/ml/iter00/structure_iter00_000000000005.npz,p_5454,14894
296,/p/gpfs1/iopp/mummi_demoroot_20230722_profile/sims-cg/structure_iter00_000000000005/createsims_failure,p_5454,82053760
297,p_5454,/p/gpfs1/iopp/mummi_demoroot_20230722_profile/sims-cg/structure_iter00_000000000005/createsims_failure,82053760
298,/p/gpfs1/iopp/mummi_demoroot_20230722_profile/ml/iter00/structure_iter00_000000000081.npz,p_39033,45560
299,/p/gpfs1/iopp/mummi_demoroot_20230722_profile/sims-cg/structure_iter00_000000000081/createsims_failure,p_39033,79008639
300,p_39033,/p/gpfs1/iopp/mummi_demoroot_20230722_profile/sims-cg/structure_iter00_000000000081/createsims_failure,79008639
301,/p/gpfs1/iopp/mummi_demoroot_20230722_profile/ml/iter00/structure_iter00_000000000143.npz,p_49583,17194
302,/p/gpfs1/iopp/mummi_demoroot_20230722_profile/sims-cg/structure_iter00_000000000143/createsims_success,p_49583,2347046989
303,p_49583,/p/gpfs1/iopp/mummi_demoroot_20230722_profile/sims-cg/structure_iter00_000000000143/createsims_success,2347046989
304,/p/gpfs1/iopp/mummi_demoroot_20230722_profile/ml/iter00/structure_iter00_000000000235.npz,p_111734,17086
305,/p/gpfs1/iopp/mummi_demoroot_20230722_profile/ml/iter00/structure_iter00_000000000004.npz,p_1203,15795
306,/p/gpfs1/iopp/mummi_demoroot_20230722_profile/sims-cg/structure_iter00_000000000004/createsims_success,p_1203,1912179042
307,p_1203,/p/gpfs1/iopp/mummi_demoroot_20230722_profile/sims-cg/structure_iter00_000000000004/createsims_success,1912179042
308,/p/gpfs1/iopp/mummi_demoroot_20230722_profile/ml/iter00/structure_iter00_000000000053.npz,p_57294,15767
309,/p/gpfs1/iopp/mummi_demoroot_20230722_profile/sims-cg/structure_iter00_000000000053/createsims_success,p_57294,2506231992
310,p_57294,/p/gpfs1/iopp/mummi_demoroot_20230722_profile/sims-cg/structure_iter00_000000000053/createsims_success,2506231992
311,/p/gpfs1/iopp/mummi_demoroot_20230722_profile/ml/iter00/structure_iter00_000000000216.npz,p_142577,19954
312,/p/gpfs1/iopp/mummi_demoroot_20230722_profile/sims-cg/structure_iter00_000000000216/createsims_success,p_142577,1890849941
313,p_142577,/p/gpfs1/iopp/mummi_demoroot_20230722_profile/sims-cg/structure_iter00_000000000216/createsims_success,1890849941
314,/p/gpfs1/iopp/mummi_demoroot_20230722_profile/ml/iter00/structure_iter00_000000000108.npz,p_155777,18609
315,/p/gpfs1/iopp/mummi_demoroot_20230722_profile/sims-cg/structure_iter00_000000000108/createsims_success,p_155777,4355308620
316,p_155777,/p/gpfs1/iopp/mummi_demoroot_20230722_profile/sims-cg/structure_iter00_000000000108/createsims_success,4355308620
317,/p/gpfs1/iopp/mummi_demoroot_20230722_profile/ml/iter00/structure_iter00_000000000285.npz,p_25135,19424
318,/p/gpfs1/iopp/mummi_demoroot_20230722_profile/ml/iter00/structure_iter00_000000000203.npz,p_134845,15428
319,/p/gpfs1/iopp/mummi_demoroot_20230722_profile/ml/iter00/structure_iter00_000000000014.npz,p_175477,75320
320,/p/gpfs1/iopp/mummi_demoroot_20230722_profile/sims-cg/structure_iter00_000000000014/createsims_success,p_175477,1974547720
321,p_175477,/p/gpfs1/iopp/mummi_demoroot_20230722_profile/sims-cg/structure_iter00_000000000014/createsims_success,1974547720
322,/p/gpfs1/iopp/mummi_demoroot_20230722_profile/ml/iter00/structure_iter00_000000000200.npz,p_53847,19660
323,/p/gpfs1/iopp/mummi_demoroot_20230722_profile/ml/iter00/structure_iter00_000000000234.npz,p_87033,59272
324,/p/gpfs1/iopp/mummi_demoroot_20230722_profile/sims-cg/structure_iter00_000000000234/createsims_success,p_87033,1914489311
325,p_87033,/p/gpfs1/iopp/mummi_demoroot_20230722_profile/sims-cg/structure_iter00_000000000234/createsims_success,1914489311
326,/p/gpfs1/iopp/mummi_demoroot_20230722_profile/ml/iter00/structure_iter00_000000000132.npz,p_9247,16041
327,/p/gpfs1/iopp/mummi_demoroot_20230722_profile/sims-cg/structure_iter00_000000000132/createsims_success,p_9247,2415072269
328,p_9247,/p/gpfs1/iopp/mummi_demoroot_20230722_profile/sims-cg/structure_iter00_000000000132/createsims_success,2415072269
329,/p/gpfs1/iopp/mummi_demoroot_20230722_profile/ml/iter00/structure_iter00_000000000161.npz,p_146313,17414
330,/p/gpfs1/iopp/mummi_demoroot_20230722_profile/sims-cg/structure_iter00_000000000161/createsims_success,p_146313,2601314448
331,p_146313,/p/gpfs1/iopp/mummi_demoroot_20230722_profile/sims-cg/structure_iter00_000000000161/createsims_success,2601314448
332,/p/gpfs1/iopp/mummi_demoroot_20230722_profile/ml/iter00/structure_iter00_000000000144.npz,p_155027,16486
333,/p/gpfs1/iopp/mummi_demoroot_20230722_profile/sims-cg/structure_iter00_000000000144/createsims_success,p_155027,2171181931
334,p_155027,/p/gpfs1/iopp/mummi_demoroot_20230722_profile/sims-cg/structure_iter00_000000000144/createsims_success,2171181931
335,/p/gpfs1/iopp/mummi_demoroot_20230722_profile/ml/iter00/structure_iter00_000000000214.npz,p_67641,17016
336,/p/gpfs1/iopp/mummi_demoroot_20230722_profile/sims-cg/structure_iter00_000000000214/createsims_success,p_67641,4128431310
337,p_67641,/p/gpfs1/iopp/mummi_demoroot_20230722_profile/sims-cg/structure_iter00_000000000214/createsims_success,4128431310
338,/p/gpfs1/iopp/mummi_demoroot_20230722_profile/ml/iter00/structure_iter00_000000000066.npz,p_6578,15418
339,/p/gpfs1/iopp/mummi_demoroot_20230722_profile/sims-cg/structure_iter00_000000000066/createsims_success,p_6578,2881246524
340,p_6578,/p/gpfs1/iopp/mummi_demoroot_20230722_profile/sims-cg/structure_iter00_000000000066/createsims_success,2881246524
341,/p/gpfs1/iopp/mummi_demoroot_20230722_profile/ml/iter00/structure_iter00_000000000118.npz,p_43526,14394
342,/p/gpfs1/iopp/mummi_demoroot_20230722_profile/sims-cg/structure_iter00_000000000118/createsims_success,p_43526,2761336945
343,p_43526,/p/gpfs1/iopp/mummi_demoroot_20230722_profile/sims-cg/structure_iter00_000000000118/createsims_success,2761336945
344,/p/gpfs1/iopp/mummi_demoroot_20230722_profile/ml/iter00/structure_iter00_000000000000.npz,p_104999,29359864
345,p_104999,/p/gpfs1/iopp/mummi_demoroot_20230722_profile/ml/iter00/structure_iter00_000000000000.npz,29359864
346,/p/gpfs1/iopp/mummi_demoroot_20230722_profile/ml/iter00/structure_iter00_000000000001.npz,p_104999,29361913
347,p_104999,/p/gpfs1/iopp/mummi_demoroot_20230722_profile/ml/iter00/structure_iter00_000000000001.npz,29361913
348,/p/gpfs1/iopp/mummi_demoroot_20230722_profile/ml/iter00/structure_iter00_000000000002.npz,p_104999,29363767
349,p_104999,/p/gpfs1/iopp/mummi_demoroot_20230722_profile/ml/iter00/structure_iter00_000000000002.npz,29363767
350,/p/gpfs1/iopp/mummi_demoroot_20230722_profile/ml/iter00/structure_iter00_000000000003.npz,p_104999,29365633
351,p_104999,/p/gpfs1/iopp/mummi_demoroot_20230722_profile/ml/iter00/structure_iter00_000000000003.npz,29365633
352,/p/gpfs1/iopp/mummi_demoroot_20230722_profile/ml/iter00/structure_iter00_000000000004.npz,p_104999,29367854
353,p_104999,/p/gpfs1/iopp/mummi_demoroot_20230722_profile/ml/iter00/structure_iter00_000000000004.npz,29367854
354,/p/gpfs1/iopp/mummi_demoroot_20230722_profile/ml/iter00/structure_iter00_000000000005.npz,p_104999,29369699
355,p_104999,/p/gpfs1/iopp/mummi_demoroot_20230722_profile/ml/iter00/structure_iter00_000000000005.npz,29369699
356,/p/gpfs1/iopp/mummi_demoroot_20230722_profile/ml/iter00/structure_iter00_000000000006.npz,p_104999,29371555
357,p_104999,/p/gpfs1/iopp/mummi_demoroot_20230722_profile/ml/iter00/structure_iter00_000000000006.npz,29371555
358,/p/gpfs1/iopp/mummi_demoroot_20230722_profile/ml/iter00/structure_iter00_000000000007.npz,p_104999,29373391
359,p_104999,/p/gpfs1/iopp/mummi_demoroot_20230722_profile/ml/iter00/structure_iter00_000000000007.npz,29373391
360,/p/gpfs1/iopp/mummi_demoroot_20230722_profile/ml/iter00/structure_iter00_000000000009.npz,p_104999,29379322
361,p_104999,/p/gpfs1/iopp/mummi_demoroot_20230722_profile/ml/iter00/structure_iter00_000000000009.npz,29379322
362,/p/gpfs1/iopp/mummi_demoroot_20230722_profile/ml/iter00/structure_iter00_000000000010.npz,p_104999,29381512
363,p_104999,/p/gpfs1/iopp/mummi_demoroot_20230722_profile/ml/iter00/structure_iter00_000000000010.npz,29381512
364,/p/gpfs1/iopp/mummi_demoroot_20230722_profile/ml/iter00/structure_iter00_000000000011.npz,p_104999,29383350
365,p_104999,/p/gpfs1/iopp/mummi_demoroot_20230722_profile/ml/iter00/structure_iter00_000000000011.npz,29383350
366,/p/gpfs1/iopp/mummi_demoroot_20230722_profile/ml/iter00/structure_iter00_000000000012.npz,p_104999,29385199
367,p_104999,/p/gpfs1/iopp/mummi_demoroot_20230722_profile/ml/iter00/structure_iter00_000000000012.npz,29385199
368,/p/gpfs1/iopp/mummi_demoroot_20230722_profile/ml/iter00/structure_iter00_000000000013.npz,p_104999,29387169
369,p_104999,/p/gpfs1/iopp/mummi_demoroot_20230722_profile/ml/iter00/structure_iter00_000000000013.npz,29387169
370,/p/gpfs1/iopp/mummi_demoroot_20230722_profile/ml/iter00/structure_iter00_000000000014.npz,p_104999,29389015
371,p_104999,/p/gpfs1/iopp/mummi_demoroot_20230722_profile/ml/iter00/structure_iter00_000000000014.npz,29389015
372,/p/gpfs1/iopp/mummi_demoroot_20230722_profile/ml/iter00/structure_iter00_000000000016.npz,p_104999,29392733
373,p_104999,/p/gpfs1/iopp/mummi_demoroot_20230722_profile/ml/iter00/structure_iter00_000000000016.npz,29392733
374,/p/gpfs1/iopp/mummi_demoroot_20230722_profile/ml/iter00/structure_iter00_000000000017.npz,p_104999,29394597
375,p_104999,/p/gpfs1/iopp/mummi_demoroot_20230722_profile/ml/iter00/structure_iter00_000000000017.npz,29394597
376,/p/gpfs1/iopp/mummi_demoroot_20230722_profile/ml/iter00/structure_iter00_000000000020.npz,p_104999,29400161
377,p_104999,/p/gpfs1/iopp/mummi_demoroot_20230722_profile/ml/iter00/structure_iter00_000000000020.npz,29400161
378,/p/gpfs1/iopp/mummi_demoroot_20230722_profile/ml/iter00/structure_iter00_000000000021.npz,p_104999,29402024
379,p_104999,/p/gpfs1/iopp/mummi_demoroot_20230722_profile/ml/iter00/structure_iter00_000000000021.npz,29402024
380,/p/gpfs1/iopp/mummi_demoroot_20230722_profile/ml/iter00/structure_iter00_000000000022.npz,p_104999,29403877
381,p_104999,/p/gpfs1/iopp/mummi_demoroot_20230722_profile/ml/iter00/structure_iter00_000000000022.npz,29403877
382,/p/gpfs1/iopp/mummi_demoroot_20230722_profile/ml/iter00/structure_iter00_000000000023.npz,p_104999,29405754
383,p_104999,/p/gpfs1/iopp/mummi_demoroot_20230722_profile/ml/iter00/structure_iter00_000000000023.npz,29405754
384,/p/gpfs1/iopp/mummi_demoroot_20230722_profile/ml/iter00/structure_iter00_000000000024.npz,p_104999,29407608
385,p_104999,/p/gpfs1/iopp/mummi_demoroot_20230722_profile/ml/iter00/structure_iter00_000000000024.npz,29407608
386,/p/gpfs1/iopp/mummi_demoroot_20230722_profile/ml/iter00/structure_iter00_000000000026.npz,p_104999,29411304
387,p_104999,/p/gpfs1/iopp/mummi_demoroot_20230722_profile/ml/iter00/structure_iter00_000000000026.npz,29411304
388,/p/gpfs1/iopp/mummi_demoroot_20230722_profile/ml/iter00/structure_iter00_000000000027.npz,p_104999,29413160
389,p_104999,/p/gpfs1/iopp/mummi_demoroot_20230722_profile/ml/iter00/structure_iter00_000000000027.npz,29413160
390,/p/gpfs1/iopp/mummi_demoroot_20230722_profile/ml/iter00/structure_iter00_000000000028.npz,p_104999,29415038
391,p_104999,/p/gpfs1/iopp/mummi_demoroot_20230722_profile/ml/iter00/structure_iter00_000000000028.npz,29415038
392,/p/gpfs1/iopp/mummi_demoroot_20230722_profile/ml/iter00/structure_iter00_000000000031.npz,p_104999,29420927
393,p_104999,/p/gpfs1/iopp/mummi_demoroot_20230722_profile/ml/iter00/structure_iter00_000000000031.npz,29420927
394,/p/gpfs1/iopp/mummi_demoroot_20230722_profile/ml/iter00/structure_iter00_000000000032.npz,p_104999,29422808
395,p_104999,/p/gpfs1/iopp/mummi_demoroot_20230722_profile/ml/iter00/structure_iter00_000000000032.npz,29422808
396,/p/gpfs1/iopp/mummi_demoroot_20230722_profile/ml/iter00/structure_iter00_000000000033.npz,p_104999,29424658
397,p_104999,/p/gpfs1/iopp/mummi_demoroot_20230722_profile/ml/iter00/structure_iter00_000000000033.npz,29424658
398,/p/gpfs1/iopp/mummi_demoroot_20230722_profile/ml/iter00/structure_iter00_000000000034.npz,p_104999,29426528
399,p_104999,/p/gpfs1/iopp/mummi_demoroot_20230722_profile/ml/iter00/structure_iter00_000000000034.npz,29426528
400,/p/gpfs1/iopp/mummi_demoroot_20230722_profile/ml/iter00/structure_iter00_000000000035.npz,p_104999,29428394
401,p_104999,/p/gpfs1/iopp/mummi_demoroot_20230722_profile/ml/iter00/structure_iter00_000000000035.npz,29428394
402,/p/gpfs1/iopp/mummi_demoroot_20230722_profile/ml/iter00/structure_iter00_000000000036.npz,p_104999,29430257
403,p_104999,/p/gpfs1/iopp/mummi_demoroot_20230722_profile/ml/iter00/structure_iter00_000000000036.npz,29430257
404,/p/gpfs1/iopp/mummi_demoroot_20230722_profile/ml/iter00/structure_iter00_000000000037.npz,p_104999,29432136
405,p_104999,/p/gpfs1/iopp/mummi_demoroot_20230722_profile/ml/iter00/structure_iter00_000000000037.npz,29432136
406,/p/gpfs1/iopp/mummi_demoroot_20230722_profile/ml/iter00/structure_iter00_000000000042.npz,p_104999,29441502
407,p_104999,/p/gpfs1/iopp/mummi_demoroot_20230722_profile/ml/iter00/structure_iter00_000000000042.npz,29441502
408,/p/gpfs1/iopp/mummi_demoroot_20230722_profile/ml/iter00/structure_iter00_000000000043.npz,p_104999,29443383
409,p_104999,/p/gpfs1/iopp/mummi_demoroot_20230722_profile/ml/iter00/structure_iter00_000000000043.npz,29443383
410,/p/gpfs1/iopp/mummi_demoroot_20230722_profile/ml/iter00/structure_iter00_000000000045.npz,p_104999,29447156
411,p_104999,/p/gpfs1/iopp/mummi_demoroot_20230722_profile/ml/iter00/structure_iter00_000000000045.npz,29447156
412,/p/gpfs1/iopp/mummi_demoroot_20230722_profile/ml/iter00/structure_iter00_000000000046.npz,p_104999,29449058
413,p_104999,/p/gpfs1/iopp/mummi_demoroot_20230722_profile/ml/iter00/structure_iter00_000000000046.npz,29449058
414,/p/gpfs1/iopp/mummi_demoroot_20230722_profile/ml/iter00/structure_iter00_000000000047.npz,p_104999,29450944
415,p_104999,/p/gpfs1/iopp/mummi_demoroot_20230722_profile/ml/iter00/structure_iter00_000000000047.npz,29450944
416,/p/gpfs1/iopp/mummi_demoroot_20230722_profile/ml/iter00/structure_iter00_000000000048.npz,p_104999,29452839
417,p_104999,/p/gpfs1/iopp/mummi_demoroot_20230722_profile/ml/iter00/structure_iter00_000000000048.npz,29452839
418,/p/gpfs1/iopp/mummi_demoroot_20230722_profile/ml/iter00/structure_iter00_000000000049.npz,p_104999,29454714
419,p_104999,/p/gpfs1/iopp/mummi_demoroot_20230722_profile/ml/iter00/structure_iter00_000000000049.npz,29454714
420,/p/gpfs1/iopp/mummi_demoroot_20230722_profile/ml/iter00/structure_iter00_000000000050.npz,p_104999,115777508
421,p_104999,/p/gpfs1/iopp/mummi_demoroot_20230722_profile/ml/iter00/structure_iter00_000000000050.npz,115777508
422,/p/gpfs1/iopp/mummi_demoroot_20230722_profile/ml/iter00/structure_iter00_000000000051.npz,p_104999,115779804
423,p_104999,/p/gpfs1/iopp/mummi_demoroot_20230722_profile/ml/iter00/structure_iter00_000000000051.npz,115779804
424,/p/gpfs1/iopp/mummi_demoroot_20230722_profile/ml/iter00/structure_iter00_000000000053.npz,p_104999,115783708
425,p_104999,/p/gpfs1/iopp/mummi_demoroot_20230722_profile/ml/iter00/structure_iter00_000000000053.npz,115783708
426,/p/gpfs1/iopp/mummi_demoroot_20230722_profile/ml/iter00/structure_iter00_000000000054.npz,p_104999,115785643
427,p_104999,/p/gpfs1/iopp/mummi_demoroot_20230722_profile/ml/iter00/structure_iter00_000000000054.npz,115785643
428,/p/gpfs1/iopp/mummi_demoroot_20230722_profile/ml/iter00/structure_iter00_000000000056.npz,p_104999,115789487
429,p_104999,/p/gpfs1/iopp/mummi_demoroot_20230722_profile/ml/iter00/structure_iter00_000000000056.npz,115789487
430,/p/gpfs1/iopp/mummi_demoroot_20230722_profile/ml/iter00/structure_iter00_000000000057.npz,p_104999,115791409
431,p_104999,/p/gpfs1/iopp/mummi_demoroot_20230722_profile/ml/iter00/structure_iter00_000000000057.npz,115791409
432,/p/gpfs1/iopp/mummi_demoroot_20230722_profile/ml/iter00/structure_iter00_000000000059.npz,p_104999,115795321
433,p_104999,/p/gpfs1/iopp/mummi_demoroot_20230722_profile/ml/iter00/structure_iter00_000000000059.npz,115795321
434,/p/gpfs1/iopp/mummi_demoroot_20230722_profile/ml/iter00/structure_iter00_000000000060.npz,p_104999,115797259
435,p_104999,/p/gpfs1/iopp/mummi_demoroot_20230722_profile/ml/iter00/structure_iter00_000000000060.npz,115797259
436,/p/gpfs1/iopp/mummi_demoroot_20230722_profile/ml/iter00/structure_iter00_000000000061.npz,p_104999,115799187
437,p_104999,/p/gpfs1/iopp/mummi_demoroot_20230722_profile/ml/iter00/structure_iter00_000000000061.npz,115799187
438,/p/gpfs1/iopp/mummi_demoroot_20230722_profile/ml/iter00/structure_iter00_000000000062.npz,p_104999,115801129
439,p_104999,/p/gpfs1/iopp/mummi_demoroot_20230722_profile/ml/iter00/structure_iter00_000000000062.npz,115801129
440,/p/gpfs1/iopp/mummi_demoroot_20230722_profile/ml/iter00/structure_iter00_000000000063.npz,p_104999,115803085
441,p_104999,/p/gpfs1/iopp/mummi_demoroot_20230722_profile/ml/iter00/structure_iter00_000000000063.npz,115803085
442,/p/gpfs1/iopp/mummi_demoroot_20230722_profile/ml/iter00/structure_iter00_000000000064.npz,p_104999,115805025
443,p_104999,/p/gpfs1/iopp/mummi_demoroot_20230722_profile/ml/iter00/structure_iter00_000000000064.npz,115805025
444,/p/gpfs1/iopp/mummi_demoroot_20230722_profile/ml/iter00/structure_iter00_000000000065.npz,p_104999,115806973
445,p_104999,/p/gpfs1/iopp/mummi_demoroot_20230722_profile/ml/iter00/structure_iter00_000000000065.npz,115806973
446,/p/gpfs1/iopp/mummi_demoroot_20230722_profile/ml/iter00/structure_iter00_000000000066.npz,p_104999,115808911
447,p_104999,/p/gpfs1/iopp/mummi_demoroot_20230722_profile/ml/iter00/structure_iter00_000000000066.npz,115808911
448,/p/gpfs1/iopp/mummi_demoroot_20230722_profile/ml/iter00/structure_iter00_000000000067.npz,p_104999,115810835
449,p_104999,/p/gpfs1/iopp/mummi_demoroot_20230722_profile/ml/iter00/structure_iter00_000000000067.npz,115810835
450,/p/gpfs1/iopp/mummi_demoroot_20230722_profile/ml/iter00/structure_iter00_000000000068.npz,p_104999,115812758
451,p_104999,/p/gpfs1/iopp/mummi_demoroot_20230722_profile/ml/iter00/structure_iter00_000000000068.npz,115812758
452,/p/gpfs1/iopp/mummi_demoroot_20230722_profile/ml/iter00/structure_iter00_000000000069.npz,p_104999,115814684
453,p_104999,/p/gpfs1/iopp/mummi_demoroot_20230722_profile/ml/iter00/structure_iter00_000000000069.npz,115814684
454,/p/gpfs1/iopp/mummi_demoroot_20230722_profile/ml/iter00/structure_iter00_000000000070.npz,p_104999,115816627
455,p_104999,/p/gpfs1/iopp/mummi_demoroot_20230722_profile/ml/iter00/structure_iter00_000000000070.npz,115816627
456,/p/gpfs1/iopp/mummi_demoroot_20230722_profile/ml/iter00/structure_iter00_000000000071.npz,p_104999,115818562
457,p_104999,/p/gpfs1/iopp/mummi_demoroot_20230722_profile/ml/iter00/structure_iter00_000000000071.npz,115818562
458,/p/gpfs1/iopp/mummi_demoroot_20230722_profile/ml/iter00/structure_iter00_000000000073.npz,p_104999,115822420
459,p_104999,/p/gpfs1/iopp/mummi_demoroot_20230722_profile/ml/iter00/structure_iter00_000000000073.npz,115822420
460,/p/gpfs1/iopp/mummi_demoroot_20230722_profile/ml/iter00/structure_iter00_000000000074.npz,p_104999,115824348
461,p_104999,/p/gpfs1/iopp/mummi_demoroot_20230722_profile/ml/iter00/structure_iter00_000000000074.npz,115824348
462,/p/gpfs1/iopp/mummi_demoroot_20230722_profile/ml/iter00/structure_iter00_000000000075.npz,p_104999,115826289
463,p_104999,/p/gpfs1/iopp/mummi_demoroot_20230722_profile/ml/iter00/structure_iter00_000000000075.npz,115826289
464,/p/gpfs1/iopp/mummi_demoroot_20230722_profile/ml/iter00/structure_iter00_000000000076.npz,p_104999,115828250
465,p_104999,/p/gpfs1/iopp/mummi_demoroot_20230722_profile/ml/iter00/structure_iter00_000000000076.npz,115828250
466,/p/gpfs1/iopp/mummi_demoroot_20230722_profile/ml/iter00/structure_iter00_000000000077.npz,p_104999,115830190
467,p_104999,/p/gpfs1/iopp/mummi_demoroot_20230722_profile/ml/iter00/structure_iter00_000000000077.npz,115830190
468,/p/gpfs1/iopp/mummi_demoroot_20230722_profile/ml/iter00/structure_iter00_000000000078.npz,p_104999,115832126
469,p_104999,/p/gpfs1/iopp/mummi_demoroot_20230722_profile/ml/iter00/structure_iter00_000000000078.npz,115832126
470,/p/gpfs1/iopp/mummi_demoroot_20230722_profile/ml/iter00/structure_iter00_000000000079.npz,p_104999,115834063
471,p_104999,/p/gpfs1/iopp/mummi_demoroot_20230722_profile/ml/iter00/structure_iter00_000000000079.npz,115834063
472,/p/gpfs1/iopp/mummi_demoroot_20230722_profile/ml/iter00/structure_iter00_000000000080.npz,p_104999,115836013
473,p_104999,/p/gpfs1/iopp/mummi_demoroot_20230722_profile/ml/iter00/structure_iter00_000000000080.npz,115836013
474,/p/gpfs1/iopp/mummi_demoroot_20230722_profile/ml/iter00/structure_iter00_000000000081.npz,p_104999,115837950
475,p_104999,/p/gpfs1/iopp/mummi_demoroot_20230722_profile/ml/iter00/structure_iter00_000000000081.npz,115837950
476,/p/gpfs1/iopp/mummi_demoroot_20230722_profile/ml/iter00/structure_iter00_000000000082.npz,p_104999,115839894
477,p_104999,/p/gpfs1/iopp/mummi_demoroot_20230722_profile/ml/iter00/structure_iter00_000000000082.npz,115839894
478,/p/gpfs1/iopp/mummi_demoroot_20230722_profile/ml/iter00/structure_iter00_000000000083.npz,p_104999,115841982
479,p_104999,/p/gpfs1/iopp/mummi_demoroot_20230722_profile/ml/iter00/structure_iter00_000000000083.npz,115841982
480,/p/gpfs1/iopp/mummi_demoroot_20230722_profile/ml/iter00/structure_iter00_000000000084.npz,p_104999,115843931
481,p_104999,/p/gpfs1/iopp/mummi_demoroot_20230722_profile/ml/iter00/structure_iter00_000000000084.npz,115843931
482,/p/gpfs1/iopp/mummi_demoroot_20230722_profile/ml/iter00/structure_iter00_000000000085.npz,p_104999,115845881
483,p_104999,/p/gpfs1/iopp/mummi_demoroot_20230722_profile/ml/iter00/structure_iter00_000000000085.npz,115845881
484,/p/gpfs1/iopp/mummi_demoroot_20230722_profile/ml/iter00/structure_iter00_000000000087.npz,p_104999,115849783
485,p_104999,/p/gpfs1/iopp/mummi_demoroot_20230722_profile/ml/iter00/structure_iter00_000000000087.npz,115849783
486,/p/gpfs1/iopp/mummi_demoroot_20230722_profile/ml/iter00/structure_iter00_000000000088.npz,p_104999,115851741
487,p_104999,/p/gpfs1/iopp/mummi_demoroot_20230722_profile/ml/iter00/structure_iter00_000000000088.npz,115851741
488,/p/gpfs1/iopp/mummi_demoroot_20230722_profile/ml/iter00/structure_iter00_000000000089.npz,p_104999,115853696
489,p_104999,/p/gpfs1/iopp/mummi_demoroot_20230722_profile/ml/iter00/structure_iter00_000000000089.npz,115853696
490,/p/gpfs1/iopp/mummi_demoroot_20230722_profile/ml/iter00/structure_iter00_000000000090.npz,p_104999,115855677
491,p_104999,/p/gpfs1/iopp/mummi_demoroot_20230722_profile/ml/iter00/structure_iter00_000000000090.npz,115855677
492,/p/gpfs1/iopp/mummi_demoroot_20230722_profile/ml/iter00/structure_iter00_000000000091.npz,p_104999,115857635
493,p_104999,/p/gpfs1/iopp/mummi_demoroot_20230722_profile/ml/iter00/structure_iter00_000000000091.npz,115857635
494,/p/gpfs1/iopp/mummi_demoroot_20230722_profile/ml/iter00/structure_iter00_000000000092.npz,p_104999,115859577
495,p_104999,/p/gpfs1/iopp/mummi_demoroot_20230722_profile/ml/iter00/structure_iter00_000000000092.npz,115859577
496,/p/gpfs1/iopp/mummi_demoroot_20230722_profile/ml/iter00/structure_iter00_000000000094.npz,p_104999,115863607
497,p_104999,/p/gpfs1/iopp/mummi_demoroot_20230722_profile/ml/iter00/structure_iter00_000000000094.npz,115863607
498,/p/gpfs1/iopp/mummi_demoroot_20230722_profile/ml/iter00/structure_iter00_000000000095.npz,p_104999,115865568
499,p_104999,/p/gpfs1/iopp/mummi_demoroot_20230722_profile/ml/iter00/structure_iter00_000000000095.npz,115865568
500,/p/gpfs1/iopp/mummi_demoroot_20230722_profile/ml/iter00/structure_iter00_000000000096.npz,p_104999,115867528
501,p_104999,/p/gpfs1/iopp/mummi_demoroot_20230722_profile/ml/iter00/structure_iter00_000000000096.npz,115867528
502,/p/gpfs1/iopp/mummi_demoroot_20230722_profile/ml/iter00/structure_iter00_000000000097.npz,p_104999,115869482
503,p_104999,/p/gpfs1/iopp/mummi_demoroot_20230722_profile/ml/iter00/structure_iter00_000000000097.npz,115869482
504,/p/gpfs1/iopp/mummi_demoroot_20230722_profile/ml/iter00/structure_iter00_000000000098.npz,p_104999,115871436
505,p_104999,/p/gpfs1/iopp/mummi_demoroot_20230722_profile/ml/iter00/structure_iter00_000000000098.npz,115871436
506,/p/gpfs1/iopp/mummi_demoroot_20230722_profile/ml/iter00/structure_iter00_000000000100.npz,p_104999,205175629
507,p_104999,/p/gpfs1/iopp/mummi_demoroot_20230722_profile/ml/iter00/structure_iter00_000000000100.npz,205175629
508,/p/gpfs1/iopp/mummi_demoroot_20230722_profile/ml/iter00/structure_iter00_000000000102.npz,p_104999,205180212
509,p_104999,/p/gpfs1/iopp/mummi_demoroot_20230722_profile/ml/iter00/structure_iter00_000000000102.npz,205180212
510,/p/gpfs1/iopp/mummi_demoroot_20230722_profile/ml/iter00/structure_iter00_000000000103.npz,p_104999,205182199
511,p_104999,/p/gpfs1/iopp/mummi_demoroot_20230722_profile/ml/iter00/structure_iter00_000000000103.npz,205182199
512,/p/gpfs1/iopp/mummi_demoroot_20230722_profile/ml/iter00/structure_iter00_000000000104.npz,p_104999,205184182
513,p_104999,/p/gpfs1/iopp/mummi_demoroot_20230722_profile/ml/iter00/structure_iter00_000000000104.npz,205184182
514,/p/gpfs1/iopp/mummi_demoroot_20230722_profile/ml/iter00/structure_iter00_000000000105.npz,p_104999,205186175
515,p_104999,/p/gpfs1/iopp/mummi_demoroot_20230722_profile/ml/iter00/structure_iter00_000000000105.npz,205186175
516,/p/gpfs1/iopp/mummi_demoroot_20230722_profile/ml/iter00/structure_iter00_000000000107.npz,p_104999,205190211
517,p_104999,/p/gpfs1/iopp/mummi_demoroot_20230722_profile/ml/iter00/structure_iter00_000000000107.npz,205190211
518,/p/gpfs1/iopp/mummi_demoroot_20230722_profile/ml/iter00/structure_iter00_000000000108.npz,p_104999,205192206
519,p_104999,/p/gpfs1/iopp/mummi_demoroot_20230722_profile/ml/iter00/structure_iter00_000000000108.npz,205192206
520,/p/gpfs1/iopp/mummi_demoroot_20230722_profile/ml/iter00/structure_iter00_000000000109.npz,p_104999,205194209
521,p_104999,/p/gpfs1/iopp/mummi_demoroot_20230722_profile/ml/iter00/structure_iter00_000000000109.npz,205194209
522,/p/gpfs1/iopp/mummi_demoroot_20230722_profile/ml/iter00/structure_iter00_000000000110.npz,p_104999,205196217
523,p_104999,/p/gpfs1/iopp/mummi_demoroot_20230722_profile/ml/iter00/structure_iter00_000000000110.npz,205196217
524,/p/gpfs1/iopp/mummi_demoroot_20230722_profile/ml/iter00/structure_iter00_000000000111.npz,p_104999,205198209
525,p_104999,/p/gpfs1/iopp/mummi_demoroot_20230722_profile/ml/iter00/structure_iter00_000000000111.npz,205198209
526,/p/gpfs1/iopp/mummi_demoroot_20230722_profile/ml/iter00/structure_iter00_000000000112.npz,p_104999,205200189
527,p_104999,/p/gpfs1/iopp/mummi_demoroot_20230722_profile/ml/iter00/structure_iter00_000000000112.npz,205200189
528,/p/gpfs1/iopp/mummi_demoroot_20230722_profile/ml/iter00/structure_iter00_000000000113.npz,p_104999,205202180
529,p_104999,/p/gpfs1/iopp/mummi_demoroot_20230722_profile/ml/iter00/structure_iter00_000000000113.npz,205202180
530,/p/gpfs1/iopp/mummi_demoroot_20230722_profile/ml/iter00/structure_iter00_000000000115.npz,p_104999,205206170
531,p_104999,/p/gpfs1/iopp/mummi_demoroot_20230722_profile/ml/iter00/structure_iter00_000000000115.npz,205206170
532,/p/gpfs1/iopp/mummi_demoroot_20230722_profile/ml/iter00/structure_iter00_000000000117.npz,p_104999,205210144
533,p_104999,/p/gpfs1/iopp/mummi_demoroot_20230722_profile/ml/iter00/structure_iter00_000000000117.npz,205210144
534,/p/gpfs1/iopp/mummi_demoroot_20230722_profile/ml/iter00/structure_iter00_000000000118.npz,p_104999,205212135
535,p_104999,/p/gpfs1/iopp/mummi_demoroot_20230722_profile/ml/iter00/structure_iter00_000000000118.npz,205212135
536,/p/gpfs1/iopp/mummi_demoroot_20230722_profile/ml/iter00/structure_iter00_000000000119.npz,p_104999,205214130
537,p_104999,/p/gpfs1/iopp/mummi_demoroot_20230722_profile/ml/iter00/structure_iter00_000000000119.npz,205214130
538,/p/gpfs1/iopp/mummi_demoroot_20230722_profile/ml/iter00/structure_iter00_000000000120.npz,p_104999,205216143
539,p_104999,/p/gpfs1/iopp/mummi_demoroot_20230722_profile/ml/iter00/structure_iter00_000000000120.npz,205216143
540,/p/gpfs1/iopp/mummi_demoroot_20230722_profile/ml/iter00/structure_iter00_000000000121.npz,p_104999,205218152
541,p_104999,/p/gpfs1/iopp/mummi_demoroot_20230722_profile/ml/iter00/structure_iter00_000000000121.npz,205218152
542,/p/gpfs1/iopp/mummi_demoroot_20230722_profile/ml/iter00/structure_iter00_000000000122.npz,p_104999,205220144
543,p_104999,/p/gpfs1/iopp/mummi_demoroot_20230722_profile/ml/iter00/structure_iter00_000000000122.npz,205220144
544,/p/gpfs1/iopp/mummi_demoroot_20230722_profile/ml/iter00/structure_iter00_000000000123.npz,p_104999,205222195
545,p_104999,/p/gpfs1/iopp/mummi_demoroot_20230722_profile/ml/iter00/structure_iter00_000000000123.npz,205222195
546,/p/gpfs1/iopp/mummi_demoroot_20230722_profile/ml/iter00/structure_iter00_000000000124.npz,p_104999,205224202
547,p_104999,/p/gpfs1/iopp/mummi_demoroot_20230722_profile/ml/iter00/structure_iter00_000000000124.npz,205224202
548,/p/gpfs1/iopp/mummi_demoroot_20230722_profile/ml/iter00/structure_iter00_000000000125.npz,p_104999,205226215
549,p_104999,/p/gpfs1/iopp/mummi_demoroot_20230722_profile/ml/iter00/structure_iter00_000000000125.npz,205226215
550,/p/gpfs1/iopp/mummi_demoroot_20230722_profile/ml/iter00/structure_iter00_000000000126.npz,p_104999,205228249
551,p_104999,/p/gpfs1/iopp/mummi_demoroot_20230722_profile/ml/iter00/structure_iter00_000000000126.npz,205228249
552,/p/gpfs1/iopp/mummi_demoroot_20230722_profile/ml/iter00/structure_iter00_000000000127.npz,p_104999,205230260
553,p_104999,/p/gpfs1/iopp/mummi_demoroot_20230722_profile/ml/iter00/structure_iter00_000000000127.npz,205230260
554,/p/gpfs1/iopp/mummi_demoroot_20230722_profile/ml/iter00/structure_iter00_000000000128.npz,p_104999,205232261
555,p_104999,/p/gpfs1/iopp/mummi_demoroot_20230722_profile/ml/iter00/structure_iter00_000000000128.npz,205232261
556,/p/gpfs1/iopp/mummi_demoroot_20230722_profile/ml/iter00/structure_iter00_000000000129.npz,p_104999,205234282
557,p_104999,/p/gpfs1/iopp/mummi_demoroot_20230722_profile/ml/iter00/structure_iter00_000000000129.npz,205234282
558,/p/gpfs1/iopp/mummi_demoroot_20230722_profile/ml/iter00/structure_iter00_000000000130.npz,p_104999,205236304
559,p_104999,/p/gpfs1/iopp/mummi_demoroot_20230722_profile/ml/iter00/structure_iter00_000000000130.npz,205236304
560,/p/gpfs1/iopp/mummi_demoroot_20230722_profile/ml/iter00/structure_iter00_000000000132.npz,p_104999,205240322
561,p_104999,/p/gpfs1/iopp/mummi_demoroot_20230722_profile/ml/iter00/structure_iter00_000000000132.npz,205240322
562,/p/gpfs1/iopp/mummi_demoroot_20230722_profile/ml/iter00/structure_iter00_000000000133.npz,p_104999,205242343
563,p_104999,/p/gpfs1/iopp/mummi_demoroot_20230722_profile/ml/iter00/structure_iter00_000000000133.npz,205242343
564,/p/gpfs1/iopp/mummi_demoroot_20230722_profile/ml/iter00/structure_iter00_000000000135.npz,p_104999,205246395
565,p_104999,/p/gpfs1/iopp/mummi_demoroot_20230722_profile/ml/iter00/structure_iter00_000000000135.npz,205246395
566,/p/gpfs1/iopp/mummi_demoroot_20230722_profile/ml/iter00/structure_iter00_000000000136.npz,p_104999,205248412
567,p_104999,/p/gpfs1/iopp/mummi_demoroot_20230722_profile/ml/iter00/structure_iter00_000000000136.npz,205248412
568,/p/gpfs1/iopp/mummi_demoroot_20230722_profile/ml/iter00/structure_iter00_000000000138.npz,p_104999,205252436
569,p_104999,/p/gpfs1/iopp/mummi_demoroot_20230722_profile/ml/iter00/structure_iter00_000000000138.npz,205252436
570,/p/gpfs1/iopp/mummi_demoroot_20230722_profile/ml/iter00/structure_iter00_000000000139.npz,p_104999,205254446
571,p_104999,/p/gpfs1/iopp/mummi_demoroot_20230722_profile/ml/iter00/structure_iter00_000000000139.npz,205254446
572,/p/gpfs1/iopp/mummi_demoroot_20230722_profile/ml/iter00/structure_iter00_000000000140.npz,p_104999,205256469
573,p_104999,/p/gpfs1/iopp/mummi_demoroot_20230722_profile/ml/iter00/structure_iter00_000000000140.npz,205256469
574,/p/gpfs1/iopp/mummi_demoroot_20230722_profile/ml/iter00/structure_iter00_000000000141.npz,p_104999,205258484
575,p_104999,/p/gpfs1/iopp/mummi_demoroot_20230722_profile/ml/iter00/structure_iter00_000000000141.npz,205258484
576,/p/gpfs1/iopp/mummi_demoroot_20230722_profile/ml/iter00/structure_iter00_000000000143.npz,p_104999,205262969
577,p_104999,/p/gpfs1/iopp/mummi_demoroot_20230722_profile/ml/iter00/structure_iter00_000000000143.npz,205262969
578,/p/gpfs1/iopp/mummi_demoroot_20230722_profile/ml/iter00/structure_iter00_000000000144.npz,p_104999,205265047
579,p_104999,/p/gpfs1/iopp/mummi_demoroot_20230722_profile/ml/iter00/structure_iter00_000000000144.npz,205265047
580,/p/gpfs1/iopp/mummi_demoroot_20230722_profile/ml/iter00/structure_iter00_000000000145.npz,p_104999,205267133
581,p_104999,/p/gpfs1/iopp/mummi_demoroot_20230722_profile/ml/iter00/structure_iter00_000000000145.npz,205267133
582,/p/gpfs1/iopp/mummi_demoroot_20230722_profile/ml/iter00/structure_iter00_000000000147.npz,p_104999,205271298
583,p_104999,/p/gpfs1/iopp/mummi_demoroot_20230722_profile/ml/iter00/structure_iter00_000000000147.npz,205271298
584,/p/gpfs1/iopp/mummi_demoroot_20230722_profile/ml/iter00/structure_iter00_000000000149.npz,p_104999,205275450
585,p_104999,/p/gpfs1/iopp/mummi_demoroot_20230722_profile/ml/iter00/structure_iter00_000000000149.npz,205275450
586,/p/gpfs1/iopp/mummi_demoroot_20230722_profile/ml/iter00/structure_iter00_000000000150.npz,p_104999,304842601
587,p_104999,/p/gpfs1/iopp/mummi_demoroot_20230722_profile/ml/iter00/structure_iter00_000000000150.npz,304842601
588,/p/gpfs1/iopp/mummi_demoroot_20230722_profile/ml/iter00/structure_iter00_000000000151.npz,p_104999,304845169
589,p_104999,/p/gpfs1/iopp/mummi_demoroot_20230722_profile/ml/iter00/structure_iter00_000000000151.npz,304845169
590,/p/gpfs1/iopp/mummi_demoroot_20230722_profile/ml/iter00/structure_iter00_000000000153.npz,p_104999,304849460
591,p_104999,/p/gpfs1/iopp/mummi_demoroot_20230722_profile/ml/iter00/structure_iter00_000000000153.npz,304849460
592,/p/gpfs1/iopp/mummi_demoroot_20230722_profile/ml/iter00/structure_iter00_000000000154.npz,p_104999,304851588
593,p_104999,/p/gpfs1/iopp/mummi_demoroot_20230722_profile/ml/iter00/structure_iter00_000000000154.npz,304851588
594,/p/gpfs1/iopp/mummi_demoroot_20230722_profile/ml/iter00/structure_iter00_000000000155.npz,p_104999,304853723
595,p_104999,/p/gpfs1/iopp/mummi_demoroot_20230722_profile/ml/iter00/structure_iter00_000000000155.npz,304853723
596,/p/gpfs1/iopp/mummi_demoroot_20230722_profile/ml/iter00/structure_iter00_000000000156.npz,p_104999,304855865
597,p_104999,/p/gpfs1/iopp/mummi_demoroot_20230722_profile/ml/iter00/structure_iter00_000000000156.npz,304855865
598,/p/gpfs1/iopp/mummi_demoroot_20230722_profile/ml/iter00/structure_iter00_000000000157.npz,p_104999,304857998
599,p_104999,/p/gpfs1/iopp/mummi_demoroot_20230722_profile/ml/iter00/structure_iter00_000000000157.npz,304857998
600,/p/gpfs1/iopp/mummi_demoroot_20230722_profile/ml/iter00/structure_iter00_000000000158.npz,p_104999,304860123
601,p_104999,/p/gpfs1/iopp/mummi_demoroot_20230722_profile/ml/iter00/structure_iter00_000000000158.npz,304860123
602,/p/gpfs1/iopp/mummi_demoroot_20230722_profile/ml/iter00/structure_iter00_000000000159.npz,p_104999,304862249
603,p_104999,/p/gpfs1/iopp/mummi_demoroot_20230722_profile/ml/iter00/structure_iter00_000000000159.npz,304862249
604,/p/gpfs1/iopp/mummi_demoroot_20230722_profile/ml/iter00/structure_iter00_000000000160.npz,p_104999,304864386
605,p_104999,/p/gpfs1/iopp/mummi_demoroot_20230722_profile/ml/iter00/structure_iter00_000000000160.npz,304864386
606,/p/gpfs1/iopp/mummi_demoroot_20230722_profile/ml/iter00/structure_iter00_000000000161.npz,p_104999,304866525
607,p_104999,/p/gpfs1/iopp/mummi_demoroot_20230722_profile/ml/iter00/structure_iter00_000000000161.npz,304866525
608,/p/gpfs1/iopp/mummi_demoroot_20230722_profile/ml/iter00/structure_iter00_000000000162.npz,p_104999,304868663
609,p_104999,/p/gpfs1/iopp/mummi_demoroot_20230722_profile/ml/iter00/structure_iter00_000000000162.npz,304868663
610,/p/gpfs1/iopp/mummi_demoroot_20230722_profile/ml/iter00/structure_iter00_000000000165.npz,p_104999,304875061
611,p_104999,/p/gpfs1/iopp/mummi_demoroot_20230722_profile/ml/iter00/structure_iter00_000000000165.npz,304875061
612,/p/gpfs1/iopp/mummi_demoroot_20230722_profile/ml/iter00/structure_iter00_000000000166.npz,p_104999,304877206
613,p_104999,/p/gpfs1/iopp/mummi_demoroot_20230722_profile/ml/iter00/structure_iter00_000000000166.npz,304877206
614,/p/gpfs1/iopp/mummi_demoroot_20230722_profile/ml/iter00/structure_iter00_000000000169.npz,p_104999,304883655
615,p_104999,/p/gpfs1/iopp/mummi_demoroot_20230722_profile/ml/iter00/structure_iter00_000000000169.npz,304883655
616,/p/gpfs1/iopp/mummi_demoroot_20230722_profile/ml/iter00/structure_iter00_000000000170.npz,p_104999,304885803
617,p_104999,/p/gpfs1/iopp/mummi_demoroot_20230722_profile/ml/iter00/structure_iter00_000000000170.npz,304885803
618,/p/gpfs1/iopp/mummi_demoroot_20230722_profile/ml/iter00/structure_iter00_000000000171.npz,p_104999,304887937
619,p_104999,/p/gpfs1/iopp/mummi_demoroot_20230722_profile/ml/iter00/structure_iter00_000000000171.npz,304887937
620,/p/gpfs1/iopp/mummi_demoroot_20230722_profile/ml/iter00/structure_iter00_000000000174.npz,p_104999,304894354
621,p_104999,/p/gpfs1/iopp/mummi_demoroot_20230722_profile/ml/iter00/structure_iter00_000000000174.npz,304894354
622,/p/gpfs1/iopp/mummi_demoroot_20230722_profile/ml/iter00/structure_iter00_000000000175.npz,p_104999,304896502
623,p_104999,/p/gpfs1/iopp/mummi_demoroot_20230722_profile/ml/iter00/structure_iter00_000000000175.npz,304896502
624,/p/gpfs1/iopp/mummi_demoroot_20230722_profile/ml/iter00/structure_iter00_000000000176.npz,p_104999,304898632
625,p_104999,/p/gpfs1/iopp/mummi_demoroot_20230722_profile/ml/iter00/structure_iter00_000000000176.npz,304898632
626,/p/gpfs1/iopp/mummi_demoroot_20230722_profile/ml/iter00/structure_iter00_000000000177.npz,p_104999,304900766
627,p_104999,/p/gpfs1/iopp/mummi_demoroot_20230722_profile/ml/iter00/structure_iter00_000000000177.npz,304900766
628,/p/gpfs1/iopp/mummi_demoroot_20230722_profile/ml/iter00/structure_iter00_000000000178.npz,p_104999,304902898
629,p_104999,/p/gpfs1/iopp/mummi_demoroot_20230722_profile/ml/iter00/structure_iter00_000000000178.npz,304902898
630,/p/gpfs1/iopp/mummi_demoroot_20230722_profile/ml/iter00/structure_iter00_000000000179.npz,p_104999,304905046
631,p_104999,/p/gpfs1/iopp/mummi_demoroot_20230722_profile/ml/iter00/structure_iter00_000000000179.npz,304905046
632,/p/gpfs1/iopp/mummi_demoroot_20230722_profile/ml/iter00/structure_iter00_000000000180.npz,p_104999,304907192
633,p_104999,/p/gpfs1/iopp/mummi_demoroot_20230722_profile/ml/iter00/structure_iter00_000000000180.npz,304907192
634,/p/gpfs1/iopp/mummi_demoroot_20230722_profile/ml/iter00/structure_iter00_000000000181.npz,p_104999,304909331
635,p_104999,/p/gpfs1/iopp/mummi_demoroot_20230722_profile/ml/iter00/structure_iter00_000000000181.npz,304909331
636,/p/gpfs1/iopp/mummi_demoroot_20230722_profile/ml/iter00/structure_iter00_000000000183.npz,p_104999,304913619
637,p_104999,/p/gpfs1/iopp/mummi_demoroot_20230722_profile/ml/iter00/structure_iter00_000000000183.npz,304913619
638,/p/gpfs1/iopp/mummi_demoroot_20230722_profile/ml/iter00/structure_iter00_000000000184.npz,p_104999,304915770
639,p_104999,/p/gpfs1/iopp/mummi_demoroot_20230722_profile/ml/iter00/structure_iter00_000000000184.npz,304915770
640,/p/gpfs1/iopp/mummi_demoroot_20230722_profile/ml/iter00/structure_iter00_000000000185.npz,p_104999,304917922
641,p_104999,/p/gpfs1/iopp/mummi_demoroot_20230722_profile/ml/iter00/structure_iter00_000000000185.npz,304917922
642,/p/gpfs1/iopp/mummi_demoroot_20230722_profile/ml/iter00/structure_iter00_000000000186.npz,p_104999,304920079
643,p_104999,/p/gpfs1/iopp/mummi_demoroot_20230722_profile/ml/iter00/structure_iter00_000000000186.npz,304920079
644,/p/gpfs1/iopp/mummi_demoroot_20230722_profile/ml/iter00/structure_iter00_000000000187.npz,p_104999,304922237
645,p_104999,/p/gpfs1/iopp/mummi_demoroot_20230722_profile/ml/iter00/structure_iter00_000000000187.npz,304922237
646,/p/gpfs1/iopp/mummi_demoroot_20230722_profile/ml/iter00/structure_iter00_000000000188.npz,p_104999,304924405
647,p_104999,/p/gpfs1/iopp/mummi_demoroot_20230722_profile/ml/iter00/structure_iter00_000000000188.npz,304924405
648,/p/gpfs1/iopp/mummi_demoroot_20230722_profile/ml/iter00/structure_iter00_000000000191.npz,p_104999,304930861
649,p_104999,/p/gpfs1/iopp/mummi_demoroot_20230722_profile/ml/iter00/structure_iter00_000000000191.npz,304930861
650,/p/gpfs1/iopp/mummi_demoroot_20230722_profile/ml/iter00/structure_iter00_000000000192.npz,p_104999,304933013
651,p_104999,/p/gpfs1/iopp/mummi_demoroot_20230722_profile/ml/iter00/structure_iter00_000000000192.npz,304933013
652,/p/gpfs1/iopp/mummi_demoroot_20230722_profile/ml/iter00/structure_iter00_000000000193.npz,p_104999,304935159
653,p_104999,/p/gpfs1/iopp/mummi_demoroot_20230722_profile/ml/iter00/structure_iter00_000000000193.npz,304935159
654,/p/gpfs1/iopp/mummi_demoroot_20230722_profile/ml/iter00/structure_iter00_000000000195.npz,p_104999,304939830
655,p_104999,/p/gpfs1/iopp/mummi_demoroot_20230722_profile/ml/iter00/structure_iter00_000000000195.npz,304939830
656,/p/gpfs1/iopp/mummi_demoroot_20230722_profile/ml/iter00/structure_iter00_000000000196.npz,p_104999,304941978
657,p_104999,/p/gpfs1/iopp/mummi_demoroot_20230722_profile/ml/iter00/structure_iter00_000000000196.npz,304941978
658,/p/gpfs1/iopp/mummi_demoroot_20230722_profile/ml/iter00/structure_iter00_000000000198.npz,p_104999,304946297
659,p_104999,/p/gpfs1/iopp/mummi_demoroot_20230722_profile/ml/iter00/structure_iter00_000000000198.npz,304946297
660,/p/gpfs1/iopp/mummi_demoroot_20230722_profile/ml/iter00/structure_iter00_000000000199.npz,p_104999,304948455
661,p_104999,/p/gpfs1/iopp/mummi_demoroot_20230722_profile/ml/iter00/structure_iter00_000000000199.npz,304948455
662,/p/gpfs1/iopp/mummi_demoroot_20230722_profile/ml/iter00/structure_iter00_000000000200.npz,p_104999,402238665
663,p_104999,/p/gpfs1/iopp/mummi_demoroot_20230722_profile/ml/iter00/structure_iter00_000000000200.npz,402238665
664,/p/gpfs1/iopp/mummi_demoroot_20230722_profile/ml/iter00/structure_iter00_000000000201.npz,p_104999,402241315
665,p_104999,/p/gpfs1/iopp/mummi_demoroot_20230722_profile/ml/iter00/structure_iter00_000000000201.npz,402241315
666,/p/gpfs1/iopp/mummi_demoroot_20230722_profile/ml/iter00/structure_iter00_000000000202.npz,p_104999,402243585
667,p_104999,/p/gpfs1/iopp/mummi_demoroot_20230722_profile/ml/iter00/structure_iter00_000000000202.npz,402243585
668,/p/gpfs1/iopp/mummi_demoroot_20230722_profile/ml/iter00/structure_iter00_000000000203.npz,p_104999,402245866
669,p_104999,/p/gpfs1/iopp/mummi_demoroot_20230722_profile/ml/iter00/structure_iter00_000000000203.npz,402245866
670,/p/gpfs1/iopp/mummi_demoroot_20230722_profile/ml/iter00/structure_iter00_000000000204.npz,p_104999,402248129
671,p_104999,/p/gpfs1/iopp/mummi_demoroot_20230722_profile/ml/iter00/structure_iter00_000000000204.npz,402248129
672,/p/gpfs1/iopp/mummi_demoroot_20230722_profile/ml/iter00/structure_iter00_000000000205.npz,p_104999,402250366
673,p_104999,/p/gpfs1/iopp/mummi_demoroot_20230722_profile/ml/iter00/structure_iter00_000000000205.npz,402250366
674,/p/gpfs1/iopp/mummi_demoroot_20230722_profile/ml/iter00/structure_iter00_000000000206.npz,p_104999,402252617
675,p_104999,/p/gpfs1/iopp/mummi_demoroot_20230722_profile/ml/iter00/structure_iter00_000000000206.npz,402252617
676,/p/gpfs1/iopp/mummi_demoroot_20230722_profile/ml/iter00/structure_iter00_000000000208.npz,p_104999,402257091
677,p_104999,/p/gpfs1/iopp/mummi_demoroot_20230722_profile/ml/iter00/structure_iter00_000000000208.npz,402257091
678,/p/gpfs1/iopp/mummi_demoroot_20230722_profile/ml/iter00/structure_iter00_000000000209.npz,p_104999,402259329
679,p_104999,/p/gpfs1/iopp/mummi_demoroot_20230722_profile/ml/iter00/structure_iter00_000000000209.npz,402259329
680,/p/gpfs1/iopp/mummi_demoroot_20230722_profile/ml/iter00/structure_iter00_000000000212.npz,p_104999,402266056
681,p_104999,/p/gpfs1/iopp/mummi_demoroot_20230722_profile/ml/iter00/structure_iter00_000000000212.npz,402266056
682,/p/gpfs1/iopp/mummi_demoroot_20230722_profile/ml/iter00/structure_iter00_000000000213.npz,p_104999,402268294
683,p_104999,/p/gpfs1/iopp/mummi_demoroot_20230722_profile/ml/iter00/structure_iter00_000000000213.npz,402268294
684,/p/gpfs1/iopp/mummi_demoroot_20230722_profile/ml/iter00/structure_iter00_000000000214.npz,p_104999,402270521
685,p_104999,/p/gpfs1/iopp/mummi_demoroot_20230722_profile/ml/iter00/structure_iter00_000000000214.npz,402270521
686,/p/gpfs1/iopp/mummi_demoroot_20230722_profile/ml/iter00/structure_iter00_000000000215.npz,p_104999,402272758
687,p_104999,/p/gpfs1/iopp/mummi_demoroot_20230722_profile/ml/iter00/structure_iter00_000000000215.npz,402272758
688,/p/gpfs1/iopp/mummi_demoroot_20230722_profile/ml/iter00/structure_iter00_000000000216.npz,p_104999,402274992
689,p_104999,/p/gpfs1/iopp/mummi_demoroot_20230722_profile/ml/iter00/structure_iter00_000000000216.npz,402274992
690,/p/gpfs1/iopp/mummi_demoroot_20230722_profile/ml/iter00/structure_iter00_000000000218.npz,p_104999,402279464
691,p_104999,/p/gpfs1/iopp/mummi_demoroot_20230722_profile/ml/iter00/structure_iter00_000000000218.npz,402279464
692,/p/gpfs1/iopp/mummi_demoroot_20230722_profile/ml/iter00/structure_iter00_000000000219.npz,p_104999,402281701
693,p_104999,/p/gpfs1/iopp/mummi_demoroot_20230722_profile/ml/iter00/structure_iter00_000000000219.npz,402281701
694,/p/gpfs1/iopp/mummi_demoroot_20230722_profile/ml/iter00/structure_iter00_000000000221.npz,p_104999,402286205
695,p_104999,/p/gpfs1/iopp/mummi_demoroot_20230722_profile/ml/iter00/structure_iter00_000000000221.npz,402286205
696,/p/gpfs1/iopp/mummi_demoroot_20230722_profile/ml/iter00/structure_iter00_000000000222.npz,p_104999,402288867
697,p_104999,/p/gpfs1/iopp/mummi_demoroot_20230722_profile/ml/iter00/structure_iter00_000000000222.npz,402288867
698,/p/gpfs1/iopp/mummi_demoroot_20230722_profile/ml/iter00/structure_iter00_000000000223.npz,p_104999,402291095
699,p_104999,/p/gpfs1/iopp/mummi_demoroot_20230722_profile/ml/iter00/structure_iter00_000000000223.npz,402291095
700,/p/gpfs1/iopp/mummi_demoroot_20230722_profile/ml/iter00/structure_iter00_000000000225.npz,p_104999,402295581
701,p_104999,/p/gpfs1/iopp/mummi_demoroot_20230722_profile/ml/iter00/structure_iter00_000000000225.npz,402295581
702,/p/gpfs1/iopp/mummi_demoroot_20230722_profile/ml/iter00/structure_iter00_000000000226.npz,p_104999,402297821
703,p_104999,/p/gpfs1/iopp/mummi_demoroot_20230722_profile/ml/iter00/structure_iter00_000000000226.npz,402297821
704,/p/gpfs1/iopp/mummi_demoroot_20230722_profile/ml/iter00/structure_iter00_000000000227.npz,p_104999,402300061
705,p_104999,/p/gpfs1/iopp/mummi_demoroot_20230722_profile/ml/iter00/structure_iter00_000000000227.npz,402300061
706,/p/gpfs1/iopp/mummi_demoroot_20230722_profile/ml/iter00/structure_iter00_000000000228.npz,p_104999,402302302
707,p_104999,/p/gpfs1/iopp/mummi_demoroot_20230722_profile/ml/iter00/structure_iter00_000000000228.npz,402302302
708,/p/gpfs1/iopp/mummi_demoroot_20230722_profile/ml/iter00/structure_iter00_000000000229.npz,p_104999,402304541
709,p_104999,/p/gpfs1/iopp/mummi_demoroot_20230722_profile/ml/iter00/structure_iter00_000000000229.npz,402304541
710,/p/gpfs1/iopp/mummi_demoroot_20230722_profile/ml/iter00/structure_iter00_000000000230.npz,p_104999,402306798
711,p_104999,/p/gpfs1/iopp/mummi_demoroot_20230722_profile/ml/iter00/structure_iter00_000000000230.npz,402306798
712,/p/gpfs1/iopp/mummi_demoroot_20230722_profile/ml/iter00/structure_iter00_000000000231.npz,p_104999,402309401
713,p_104999,/p/gpfs1/iopp/mummi_demoroot_20230722_profile/ml/iter00/structure_iter00_000000000231.npz,402309401
714,/p/gpfs1/iopp/mummi_demoroot_20230722_profile/ml/iter00/structure_iter00_000000000232.npz,p_104999,402311646
715,p_104999,/p/gpfs1/iopp/mummi_demoroot_20230722_profile/ml/iter00/structure_iter00_000000000232.npz,402311646
716,/p/gpfs1/iopp/mummi_demoroot_20230722_profile/ml/iter00/structure_iter00_000000000233.npz,p_104999,402313888
717,p_104999,/p/gpfs1/iopp/mummi_demoroot_20230722_profile/ml/iter00/structure_iter00_000000000233.npz,402313888
718,/p/gpfs1/iopp/mummi_demoroot_20230722_profile/ml/iter00/structure_iter00_000000000234.npz,p_104999,402316156
719,p_104999,/p/gpfs1/iopp/mummi_demoroot_20230722_profile/ml/iter00/structure_iter00_000000000234.npz,402316156
720,/p/gpfs1/iopp/mummi_demoroot_20230722_profile/ml/iter00/structure_iter00_000000000235.npz,p_104999,402318415
721,p_104999,/p/gpfs1/iopp/mummi_demoroot_20230722_profile/ml/iter00/structure_iter00_000000000235.npz,402318415
722,/p/gpfs1/iopp/mummi_demoroot_20230722_profile/ml/iter00/structure_iter00_000000000236.npz,p_104999,402320671
723,p_104999,/p/gpfs1/iopp/mummi_demoroot_20230722_profile/ml/iter00/structure_iter00_000000000236.npz,402320671
724,/p/gpfs1/iopp/mummi_demoroot_20230722_profile/ml/iter00/structure_iter00_000000000237.npz,p_104999,402322933
725,p_104999,/p/gpfs1/iopp/mummi_demoroot_20230722_profile/ml/iter00/structure_iter00_000000000237.npz,402322933
726,/p/gpfs1/iopp/mummi_demoroot_20230722_profile/ml/iter00/structure_iter00_000000000238.npz,p_104999,402325193
727,p_104999,/p/gpfs1/iopp/mummi_demoroot_20230722_profile/ml/iter00/structure_iter00_000000000238.npz,402325193
728,/p/gpfs1/iopp/mummi_demoroot_20230722_profile/ml/iter00/structure_iter00_000000000239.npz,p_104999,402327456
729,p_104999,/p/gpfs1/iopp/mummi_demoroot_20230722_profile/ml/iter00/structure_iter00_000000000239.npz,402327456
730,/p/gpfs1/iopp/mummi_demoroot_20230722_profile/ml/iter00/structure_iter00_000000000240.npz,p_104999,402329716
731,p_104999,/p/gpfs1/iopp/mummi_demoroot_20230722_profile/ml/iter00/structure_iter00_000000000240.npz,402329716
732,/p/gpfs1/iopp/mummi_demoroot_20230722_profile/ml/iter00/structure_iter00_000000000241.npz,p_104999,402331992
733,p_104999,/p/gpfs1/iopp/mummi_demoroot_20230722_profile/ml/iter00/structure_iter00_000000000241.npz,402331992
734,/p/gpfs1/iopp/mummi_demoroot_20230722_profile/ml/iter00/structure_iter00_000000000242.npz,p_104999,402334256
735,p_104999,/p/gpfs1/iopp/mummi_demoroot_20230722_profile/ml/iter00/structure_iter00_000000000242.npz,402334256
736,/p/gpfs1/iopp/mummi_demoroot_20230722_profile/ml/iter00/structure_iter00_000000000243.npz,p_104999,402336526
737,p_104999,/p/gpfs1/iopp/mummi_demoroot_20230722_profile/ml/iter00/structure_iter00_000000000243.npz,402336526
738,/p/gpfs1/iopp/mummi_demoroot_20230722_profile/ml/iter00/structure_iter00_000000000244.npz,p_104999,402338801
739,p_104999,/p/gpfs1/iopp/mummi_demoroot_20230722_profile/ml/iter00/structure_iter00_000000000244.npz,402338801
740,/p/gpfs1/iopp/mummi_demoroot_20230722_profile/ml/iter00/structure_iter00_000000000245.npz,p_104999,402341105
741,p_104999,/p/gpfs1/iopp/mummi_demoroot_20230722_profile/ml/iter00/structure_iter00_000000000245.npz,402341105
742,/p/gpfs1/iopp/mummi_demoroot_20230722_profile/ml/iter00/structure_iter00_000000000246.npz,p_104999,402343379
743,p_104999,/p/gpfs1/iopp/mummi_demoroot_20230722_profile/ml/iter00/structure_iter00_000000000246.npz,402343379
744,/p/gpfs1/iopp/mummi_demoroot_20230722_profile/ml/iter00/structure_iter00_000000000247.npz,p_104999,402350020
745,p_104999,/p/gpfs1/iopp/mummi_demoroot_20230722_profile/ml/iter00/structure_iter00_000000000247.npz,402350020
746,/p/gpfs1/iopp/mummi_demoroot_20230722_profile/ml/iter00/structure_iter00_000000000248.npz,p_104999,402352401
747,p_104999,/p/gpfs1/iopp/mummi_demoroot_20230722_profile/ml/iter00/structure_iter00_000000000248.npz,402352401
748,/p/gpfs1/iopp/mummi_demoroot_20230722_profile/ml/iter00/structure_iter00_000000000249.npz,p_104999,402354666
749,p_104999,/p/gpfs1/iopp/mummi_demoroot_20230722_profile/ml/iter00/structure_iter00_000000000249.npz,402354666
750,/p/gpfs1/iopp/mummi_demoroot_20230722_profile/ml/iter00/structure_iter00_000000000251.npz,p_104999,504411169
751,p_104999,/p/gpfs1/iopp/mummi_demoroot_20230722_profile/ml/iter00/structure_iter00_000000000251.npz,504411169
752,/p/gpfs1/iopp/mummi_demoroot_20230722_profile/ml/iter00/structure_iter00_000000000252.npz,p_104999,504413563
753,p_104999,/p/gpfs1/iopp/mummi_demoroot_20230722_profile/ml/iter00/structure_iter00_000000000252.npz,504413563
754,/p/gpfs1/iopp/mummi_demoroot_20230722_profile/ml/iter00/structure_iter00_000000000258.npz,p_104999,504427863
755,p_104999,/p/gpfs1/iopp/mummi_demoroot_20230722_profile/ml/iter00/structure_iter00_000000000258.npz,504427863
756,/p/gpfs1/iopp/mummi_demoroot_20230722_profile/ml/iter00/structure_iter00_000000000262.npz,p_104999,504437362
757,p_104999,/p/gpfs1/iopp/mummi_demoroot_20230722_profile/ml/iter00/structure_iter00_000000000262.npz,504437362
758,/p/gpfs1/iopp/mummi_demoroot_20230722_profile/ml/iter00/structure_iter00_000000000270.npz,p_104999,504456961
759,p_104999,/p/gpfs1/iopp/mummi_demoroot_20230722_profile/ml/iter00/structure_iter00_000000000270.npz,504456961
760,/p/gpfs1/iopp/mummi_demoroot_20230722_profile/ml/iter00/structure_iter00_000000000274.npz,p_104999,504466483
761,p_104999,/p/gpfs1/iopp/mummi_demoroot_20230722_profile/ml/iter00/structure_iter00_000000000274.npz,504466483
762,/p/gpfs1/iopp/mummi_demoroot_20230722_profile/ml/iter00/structure_iter00_000000000275.npz,p_104999,504468859
763,p_104999,/p/gpfs1/iopp/mummi_demoroot_20230722_profile/ml/iter00/structure_iter00_000000000275.npz,504468859
764,/p/gpfs1/iopp/mummi_demoroot_20230722_profile/ml/iter00/structure_iter00_000000000277.npz,p_104999,504473630
765,p_104999,/p/gpfs1/iopp/mummi_demoroot_20230722_profile/ml/iter00/structure_iter00_000000000277.npz,504473630
766,/p/gpfs1/iopp/mummi_demoroot_20230722_profile/ml/iter00/structure_iter00_000000000285.npz,p_104999,504493168
767,p_104999,/p/gpfs1/iopp/mummi_demoroot_20230722_profile/ml/iter00/structure_iter00_000000000285.npz,504493168
768,/p/gpfs1/iopp/mummi_demoroot_20230722_profile/ml/iter00/structure_iter00_000000000293.npz,p_104999,504512693
769,p_104999,/p/gpfs1/iopp/mummi_demoroot_20230722_profile/ml/iter00/structure_iter00_000000000293.npz,504512693
770,/p/gpfs1/iopp/mummi_demoroot_20230722_profile/ml/iter00/structure_iter00_000000000299.npz,p_104999,504527173
771,p_104999,/p/gpfs1/iopp/mummi_demoroot_20230722_profile/ml/iter00/structure_iter00_000000000299.npz,504527173
772,/p/gpfs1/iopp/mummi_demoroot_20230722_profile/ml/iter00/structure_iter00_000000000239.npz,p_19210,17011
773,/p/gpfs1/iopp/mummi_demoroot_20230722_profile/ml/iter00/structure_iter00_000000000156.npz,p_88340,17191
774,/p/gpfs1/iopp/mummi_demoroot_20230722_profile/sims-cg/structure_iter00_000000000156/createsims_success,p_88340,2306732891
775,p_88340,/p/gpfs1/iopp/mummi_demoroot_20230722_profile/sims-cg/structure_iter00_000000000156/createsims_success,2306732891
776,/p/gpfs1/iopp/mummi_demoroot_20230722_profile/ml/iter00/structure_iter00_000000000258.npz,p_105178,18790
777,/p/gpfs1/iopp/mummi_demoroot_20230722_profile/ml/iter00/structure_iter00_000000000065.npz,p_23011,16571
778,/p/gpfs1/iopp/mummi_demoroot_20230722_profile/sims-cg/structure_iter00_000000000065/createsims_success,p_23011,2528131933
779,p_23011,/p/gpfs1/iopp/mummi_demoroot_20230722_profile/sims-cg/structure_iter00_000000000065/createsims_success,2528131933
780,/p/gpfs1/iopp/mummi_demoroot_20230722_profile/ml/iter00/structure_iter00_000000000222.npz,p_153801,13697
781,/p/gpfs1/iopp/mummi_demoroot_20230722_profile/sims-cg/structure_iter00_000000000222/createsims_success,p_153801,2341502408
782,p_153801,/p/gpfs1/iopp/mummi_demoroot_20230722_profile/sims-cg/structure_iter00_000000000222/createsims_success,2341502408
783,/p/gpfs1/iopp/mummi_demoroot_20230722_profile/ml/iter00/structure_iter00_000000000244.npz,p_167105,17673
784,/p/gpfs1/iopp/mummi_demoroot_20230722_profile/ml/iter00/structure_iter00_000000000120.npz,p_56754,17284
785,/p/gpfs1/iopp/mummi_demoroot_20230722_profile/sims-cg/structure_iter00_000000000120/createsims_success,p_56754,2173121291
786,p_56754,/p/gpfs1/iopp/mummi_demoroot_20230722_profile/sims-cg/structure_iter00_000000000120/createsims_success,2173121291
787,/p/gpfs1/iopp/mummi_demoroot_20230722_profile/ml/iter00/structure_iter00_000000000077.npz,p_137142,154853
788,/p/gpfs1/iopp/mummi_demoroot_20230722_profile/sims-cg/structure_iter00_000000000077/createsims_success,p_137142,2518393676
789,p_137142,/p/gpfs1/iopp/mummi_demoroot_20230722_profile/sims-cg/structure_iter00_000000000077/createsims_success,2518393676
790,/p/gpfs1/iopp/mummi_demoroot_20230722_profile/ml/iter00/structure_iter00_000000000177.npz,p_16923,17505
791,/p/gpfs1/iopp/mummi_demoroot_20230722_profile/sims-cg/structure_iter00_000000000177/createsims_success,p_16923,3635987536
792,p_16923,/p/gpfs1/iopp/mummi_demoroot_20230722_profile/sims-cg/structure_iter00_000000000177/createsims_success,3635987536
793,/p/gpfs1/iopp/mummi_demoroot_20230722_profile/ml/iter00/structure_iter00_000000000007.npz,p_149892,66170
794,/p/gpfs1/iopp/mummi_demoroot_20230722_profile/sims-cg/structure_iter00_000000000007/createsims_failure,p_149892,79924444
795,p_149892,/p/gpfs1/iopp/mummi_demoroot_20230722_profile/sims-cg/structure_iter00_000000000007/createsims_failure,79924444
796,/p/gpfs1/iopp/mummi_demoroot_20230722_profile/ml/iter00/structure_iter00_000000000247.npz,p_143223,22968
797,/p/gpfs1/iopp/mummi_demoroot_20230722_profile/sims-cg/structure_iter00_000000000247/createsims_success,p_143223,1760952140
798,p_143223,/p/gpfs1/iopp/mummi_demoroot_20230722_profile/sims-cg/structure_iter00_000000000247/createsims_success,1760952140
799,/p/gpfs1/iopp/mummi_demoroot_20230722_profile/ml/iter00/structure_iter00_000000000076.npz,p_128971,16711
800,/p/gpfs1/iopp/mummi_demoroot_20230722_profile/sims-cg/structure_iter00_000000000076/createsims_failure,p_128971,80002777
801,p_128971,/p/gpfs1/iopp/mummi_demoroot_20230722_profile/sims-cg/structure_iter00_000000000076/createsims_failure,80002777
802,/p/gpfs1/iopp/mummi_demoroot_20230722_profile/ml/iter00/structure_iter00_000000000186.npz,p_86448,17324
803,/p/gpfs1/iopp/mummi_demoroot_20230722_profile/sims-cg/structure_iter00_000000000186/createsims_failure,p_86448,83093505
804,p_86448,/p/gpfs1/iopp/mummi_demoroot_20230722_profile/sims-cg/structure_iter00_000000000186/createsims_failure,83093505
805,/p/gpfs1/iopp/mummi_demoroot_20230722_profile/ml/iter00/structure_iter00_000000000150.npz,p_143599,14668
806,/p/gpfs1/iopp/mummi_demoroot_20230722_profile/sims-cg/structure_iter00_000000000150/createsims_success,p_143599,3861212827
807,p_143599,/p/gpfs1/iopp/mummi_demoroot_20230722_profile/sims-cg/structure_iter00_000000000150/createsims_success,3861212827
808,/p/gpfs1/iopp/mummi_demoroot_20230722_profile/ml/iter00/structure_iter00_000000000195.npz,p_82364,43055
809,/p/gpfs1/iopp/mummi_demoroot_20230722_profile/sims-cg/structure_iter00_000000000195/createsims_failure,p_82364,79006215
810,p_82364,/p/gpfs1/iopp/mummi_demoroot_20230722_profile/sims-cg/structure_iter00_000000000195/createsims_failure,79006215
811,/p/gpfs1/iopp/mummi_demoroot_20230722_profile/ml/iter00/structure_iter00_000000000117.npz,p_64134,15878
812,/p/gpfs1/iopp/mummi_demoroot_20230722_profile/sims-cg/structure_iter00_000000000117/createsims_success,p_64134,2056929886
813,p_64134,/p/gpfs1/iopp/mummi_demoroot_20230722_profile/sims-cg/structure_iter00_000000000117/createsims_success,2056929886
814,/p/gpfs1/iopp/mummi_demoroot_20230722_profile/ml/iter00/structure_iter00_000000000012.npz,p_174511,70773
815,/p/gpfs1/iopp/mummi_demoroot_20230722_profile/sims-cg/structure_iter00_000000000012/createsims_success,p_174511,1937448852
816,p_174511,/p/gpfs1/iopp/mummi_demoroot_20230722_profile/sims-cg/structure_iter00_000000000012/createsims_success,1937448852
817,/p/gpfs1/iopp/mummi_demoroot_20230722_profile/ml/iter00/structure_iter00_000000000129.npz,p_170604,20453
818,/p/gpfs1/iopp/mummi_demoroot_20230722_profile/sims-cg/structure_iter00_000000000129/createsims_failure,p_170604,78358495
819,p_170604,/p/gpfs1/iopp/mummi_demoroot_20230722_profile/sims-cg/structure_iter00_000000000129/createsims_failure,78358495
820,/p/gpfs1/iopp/mummi_demoroot_20230722_profile/ml/iter00/structure_iter00_000000000136.npz,p_53493,19695
821,/p/gpfs1/iopp/mummi_demoroot_20230722_profile/sims-cg/structure_iter00_000000000136/createsims_success,p_53493,1966079053
822,p_53493,/p/gpfs1/iopp/mummi_demoroot_20230722_profile/sims-cg/structure_iter00_000000000136/createsims_success,1966079053
823,/p/gpfs1/iopp/mummi_demoroot_20230722_profile/ml/iter00/structure_iter00_000000000011.npz,p_136673,64796
824,/p/gpfs1/iopp/mummi_demoroot_20230722_profile/sims-cg/structure_iter00_000000000011/createsims_success,p_136673,1951714852
825,p_136673,/p/gpfs1/iopp/mummi_demoroot_20230722_profile/sims-cg/structure_iter00_000000000011/createsims_success,1951714852
826,/p/gpfs1/iopp/mummi_demoroot_20230722_profile/ml/iter00/structure_iter00_000000000202.npz,p_69041,26021
827,/p/gpfs1/iopp/mummi_demoroot_20230722_profile/ml/iter00/structure_iter00_000000000277.npz,p_14033,24395
828,/p/gpfs1/iopp/mummi_demoroot_20230722_profile/ml/iter00/structure_iter00_000000000085.npz,p_38599,12624
829,/p/gpfs1/iopp/mummi_demoroot_20230722_profile/sims-cg/structure_iter00_000000000085/createsims_failure,p_38599,78902936
830,p_38599,/p/gpfs1/iopp/mummi_demoroot_20230722_profile/sims-cg/structure_iter00_000000000085/createsims_failure,78902936
831,/p/gpfs1/iopp/mummi_demoroot_20230722_profile/ml/iter00/structure_iter00_000000000204.npz,p_110054,20040
832,/p/gpfs1/iopp/mummi_demoroot_20230722_profile/ml/iter00/structure_iter00_000000000067.npz,p_162221,17533
833,/p/gpfs1/iopp/mummi_demoroot_20230722_profile/sims-cg/structure_iter00_000000000067/createsims_success,p_162221,1996473360
834,p_162221,/p/gpfs1/iopp/mummi_demoroot_20230722_profile/sims-cg/structure_iter00_000000000067/createsims_success,1996473360
835,/p/gpfs1/iopp/mummi_demoroot_20230722_profile/ml/iter00/structure_iter00_000000000021.npz,p_128059,65834
836,/p/gpfs1/iopp/mummi_demoroot_20230722_profile/sims-cg/structure_iter00_000000000021/createsims_failure,p_128059,81553379
837,p_128059,/p/gpfs1/iopp/mummi_demoroot_20230722_profile/sims-cg/structure_iter00_000000000021/createsims_failure,81553379
838,/p/gpfs1/iopp/mummi_demoroot_20230722_profile/ml/iter00/structure_iter00_000000000153.npz,p_14743,18258
839,/p/gpfs1/iopp/mummi_demoroot_20230722_profile/sims-cg/structure_iter00_000000000153/createsims_failure,p_14743,78920356
840,p_14743,/p/gpfs1/iopp/mummi_demoroot_20230722_profile/sims-cg/structure_iter00_000000000153/createsims_failure,78920356
841,/p/gpfs1/iopp/mummi_demoroot_20230722_profile/ml/iter00/structure_iter00_000000000075.npz,p_8084,14423
842,/p/gpfs1/iopp/mummi_demoroot_20230722_profile/sims-cg/structure_iter00_000000000075/createsims_success,p_8084,2232626595
843,p_8084,/p/gpfs1/iopp/mummi_demoroot_20230722_profile/sims-cg/structure_iter00_000000000075/createsims_success,2232626595
844,/p/gpfs1/iopp/mummi_demoroot_20230722_profile/ml/iter00/structure_iter00_000000000240.npz,p_74889,18999
845,/p/gpfs1/iopp/mummi_demoroot_20230722_profile/ml/iter00/structure_iter00_000000000218.npz,p_20951,26065
846,/p/gpfs1/iopp/mummi_demoroot_20230722_profile/sims-cg/structure_iter00_000000000218/createsims_success,p_20951,4779049226
847,p_20951,/p/gpfs1/iopp/mummi_demoroot_20230722_profile/sims-cg/structure_iter00_000000000218/createsims_success,4779049226
848,/p/gpfs1/iopp/mummi_demoroot_20230722_profile/ml/iter00/structure_iter00_000000000068.npz,p_149963,16592
849,/p/gpfs1/iopp/mummi_demoroot_20230722_profile/sims-cg/structure_iter00_000000000068/createsims_success,p_149963,1959963526
850,p_149963,/p/gpfs1/iopp/mummi_demoroot_20230722_profile/sims-cg/structure_iter00_000000000068/createsims_success,1959963526
851,/p/gpfs1/iopp/mummi_demoroot_20230722_profile/ml/iter00/structure_iter00_000000000141.npz,p_59820,15686
852,/p/gpfs1/iopp/mummi_demoroot_20230722_profile/sims-cg/structure_iter00_000000000141/createsims_success,p_59820,2267442078
853,p_59820,/p/gpfs1/iopp/mummi_demoroot_20230722_profile/sims-cg/structure_iter00_000000000141/createsims_success,2267442078
854,/p/gpfs1/iopp/mummi_demoroot_20230722_profile/ml/iter00/structure_iter00_000000000226.npz,p_45125,23988
855,/p/gpfs1/iopp/mummi_demoroot_20230722_profile/ml/iter00/structure_iter00_000000000135.npz,p_118290,14483
856,/p/gpfs1/iopp/mummi_demoroot_20230722_profile/sims-cg/structure_iter00_000000000135/createsims_success,p_118290,2346278228
857,p_118290,/p/gpfs1/iopp/mummi_demoroot_20230722_profile/sims-cg/structure_iter00_000000000135/createsims_success,2346278228
858,/p/gpfs1/iopp/mummi_demoroot_20230722_profile/ml/iter00/structure_iter00_000000000166.npz,p_89782,14475
859,/p/gpfs1/iopp/mummi_demoroot_20230722_profile/sims-cg/structure_iter00_000000000166/createsims_success,p_89782,3246700859
860,p_89782,/p/gpfs1/iopp/mummi_demoroot_20230722_profile/sims-cg/structure_iter00_000000000166/createsims_success,3246700859
861,/p/gpfs1/iopp/mummi_demoroot_20230722_profile/ml/iter00/structure_iter00_000000000115.npz,p_8681,17719
862,/p/gpfs1/iopp/mummi_demoroot_20230722_profile/sims-cg/structure_iter00_000000000115/createsims_failure,p_8681,78817518
863,p_8681,/p/gpfs1/iopp/mummi_demoroot_20230722_profile/sims-cg/structure_iter00_000000000115/createsims_failure,78817518
864,/p/gpfs1/iopp/mummi_demoroot_20230722_profile/ml/iter00/structure_iter00_000000000157.npz,p_34484,19160
865,/p/gpfs1/iopp/mummi_demoroot_20230722_profile/sims-cg/structure_iter00_000000000157/createsims_success,p_34484,2350141993
866,p_34484,/p/gpfs1/iopp/mummi_demoroot_20230722_profile/sims-cg/structure_iter00_000000000157/createsims_success,2350141993
867,/p/gpfs1/iopp/mummi_demoroot_20230722_profile/ml/iter00/structure_iter00_000000000061.npz,p_130620,16668
868,/p/gpfs1/iopp/mummi_demoroot_20230722_profile/sims-cg/structure_iter00_000000000061/createsims_success,p_130620,1706716005
869,p_130620,/p/gpfs1/iopp/mummi_demoroot_20230722_profile/sims-cg/structure_iter00_000000000061/createsims_success,1706716005
870,/p/gpfs1/iopp/mummi_demoroot_20230722_profile/ml/iter00/structure_iter00_000000000124.npz,p_75216,16381
871,/p/gpfs1/iopp/mummi_demoroot_20230722_profile/sims-cg/structure_iter00_000000000124/createsims_success,p_75216,2168236294
872,p_75216,/p/gpfs1/iopp/mummi_demoroot_20230722_profile/sims-cg/structure_iter00_000000000124/createsims_success,2168236294
873,/p/gpfs1/iopp/mummi_demoroot_20230722_profile/ml/iter00/structure_iter00_000000000024.npz,p_99410,65918
874,/p/gpfs1/iopp/mummi_demoroot_20230722_profile/sims-cg/structure_iter00_000000000024/createsims_success,p_99410,1715843288
875,p_99410,/p/gpfs1/iopp/mummi_demoroot_20230722_profile/sims-cg/structure_iter00_000000000024/createsims_success,1715843288
876,/p/gpfs1/iopp/mummi_demoroot_20230722_profile/ml/iter00/structure_iter00_000000000042.npz,p_15644,64934
877,/p/gpfs1/iopp/mummi_demoroot_20230722_profile/sims-cg/structure_iter00_000000000042/createsims_success,p_15644,2003274113
878,p_15644,/p/gpfs1/iopp/mummi_demoroot_20230722_profile/sims-cg/structure_iter00_000000000042/createsims_success,2003274113
879,/p/gpfs1/iopp/mummi_demoroot_20230722_profile/ml/iter00/structure_iter00_000000000083.npz,p_18952,97942
880,/p/gpfs1/iopp/mummi_demoroot_20230722_profile/sims-cg/structure_iter00_000000000083/createsims_success,p_18952,2199703190
881,p_18952,/p/gpfs1/iopp/mummi_demoroot_20230722_profile/sims-cg/structure_iter00_000000000083/createsims_success,2199703190
882,/p/gpfs1/iopp/mummi_demoroot_20230722_profile/ml/iter00/structure_iter00_000000000074.npz,p_40594,15155
883,/p/gpfs1/iopp/mummi_demoroot_20230722_profile/sims-cg/structure_iter00_000000000074/createsims_failure,p_40594,82785741
884,p_40594,/p/gpfs1/iopp/mummi_demoroot_20230722_profile/sims-cg/structure_iter00_000000000074/createsims_failure,82785741
885,/p/gpfs1/iopp/mummi_demoroot_20230722_profile/ml/iter00/structure_iter00_000000000010.npz,p_152606,16261
886,/p/gpfs1/iopp/mummi_demoroot_20230722_profile/sims-cg/structure_iter00_000000000010/createsims_success,p_152606,2205517149
887,p_152606,/p/gpfs1/iopp/mummi_demoroot_20230722_profile/sims-cg/structure_iter00_000000000010/createsims_success,2205517149
888,/p/gpfs1/iopp/mummi_demoroot_20230722_profile/ml/iter00/structure_iter00_000000000127.npz,p_47700,18573
889,/p/gpfs1/iopp/mummi_demoroot_20230722_profile/sims-cg/structure_iter00_000000000127/createsims_success,p_47700,2511417442
890,p_47700,/p/gpfs1/iopp/mummi_demoroot_20230722_profile/sims-cg/structure_iter00_000000000127/createsims_success,2511417442
891,/p/gpfs1/iopp/mummi_demoroot_20230722_profile/ml/iter00/structure_iter00_000000000187.npz,p_61648,15585
892,/p/gpfs1/iopp/mummi_demoroot_20230722_profile/sims-cg/structure_iter00_000000000187/createsims_success,p_61648,2373143973
893,p_61648,/p/gpfs1/iopp/mummi_demoroot_20230722_profile/sims-cg/structure_iter00_000000000187/createsims_success,2373143973
894,/p/gpfs1/iopp/mummi_demoroot_20230722_profile/ml/iter00/structure_iter00_000000000111.npz,p_59721,16088
895,/p/gpfs1/iopp/mummi_demoroot_20230722_profile/sims-cg/structure_iter00_000000000111/createsims_failure,p_59721,77047532
896,p_59721,/p/gpfs1/iopp/mummi_demoroot_20230722_profile/sims-cg/structure_iter00_000000000111/createsims_failure,77047532
897,/p/gpfs1/iopp/mummi_demoroot_20230722_profile/ml/iter00/structure_iter00_000000000227.npz,p_82908,17382
898,/p/gpfs1/iopp/mummi_demoroot_20230722_profile/ml/iter00/structure_iter00_000000000037.npz,p_29966,62966
899,/p/gpfs1/iopp/mummi_demoroot_20230722_profile/sims-cg/structure_iter00_000000000037/createsims_success,p_29966,1956347024
900,p_29966,/p/gpfs1/iopp/mummi_demoroot_20230722_profile/sims-cg/structure_iter00_000000000037/createsims_success,1956347024
901,/p/gpfs1/iopp/mummi_demoroot_20230722_profile/ml/iter00/structure_iter00_000000000088.npz,p_117061,17345
902,/p/gpfs1/iopp/mummi_demoroot_20230722_profile/sims-cg/structure_iter00_000000000088/createsims_success,p_117061,1888379366
903,p_117061,/p/gpfs1/iopp/mummi_demoroot_20230722_profile/sims-cg/structure_iter00_000000000088/createsims_success,1888379366
904,/p/gpfs1/iopp/mummi_demoroot_20230722_profile/ml/iter00/structure_iter00_000000000154.npz,p_173524,15780
905,/p/gpfs1/iopp/mummi_demoroot_20230722_profile/sims-cg/structure_iter00_000000000154/createsims_failure,p_173524,80012686
906,p_173524,/p/gpfs1/iopp/mummi_demoroot_20230722_profile/sims-cg/structure_iter00_000000000154/createsims_failure,80012686
907,/p/gpfs1/iopp/mummi_demoroot_20230722_profile/ml/iter00/structure_iter00_000000000045.npz,p_166074,60594
908,/p/gpfs1/iopp/mummi_demoroot_20230722_profile/sims-cg/structure_iter00_000000000045/createsims_success,p_166074,1835596378
909,p_166074,/p/gpfs1/iopp/mummi_demoroot_20230722_profile/sims-cg/structure_iter00_000000000045/createsims_success,1835596378
910,/p/gpfs1/iopp/mummi_demoroot_20230722_profile/ml/iter00/structure_iter00_000000000000.npz,p_177646,62237
911,/p/gpfs1/iopp/mummi_demoroot_20230722_profile/sims-cg/structure_iter00_000000000000/createsims_failure,p_177646,84433912
912,p_177646,/p/gpfs1/iopp/mummi_demoroot_20230722_profile/sims-cg/structure_iter00_000000000000/createsims_failure,84433912
913,/p/gpfs1/iopp/mummi_demoroot_20230722_profile/ml/iter00/structure_iter00_000000000245.npz,p_87672,20963
914,/p/gpfs1/iopp/mummi_demoroot_20230722_profile/sims-cg/structure_iter00_000000000245/createsims_success,p_87672,1832873341
915,p_87672,/p/gpfs1/iopp/mummi_demoroot_20230722_profile/sims-cg/structure_iter00_000000000245/createsims_success,1832873341
916,/p/gpfs1/iopp/mummi_demoroot_20230722_profile/ml/iter00/structure_iter00_000000000213.npz,p_149157,25636
917,/p/gpfs1/iopp/mummi_demoroot_20230722_profile/ml/iter00/structure_iter00_000000000251.npz,p_124274,18154
918,/p/gpfs1/iopp/mummi_demoroot_20230722_profile/ml/iter00/structure_iter00_000000000165.npz,p_3962,15731
919,/p/gpfs1/iopp/mummi_demoroot_20230722_profile/sims-cg/structure_iter00_000000000165/createsims_success,p_3962,2544432510
920,p_3962,/p/gpfs1/iopp/mummi_demoroot_20230722_profile/sims-cg/structure_iter00_000000000165/createsims_success,2544432510
921,/p/gpfs1/iopp/mummi_demoroot_20230722_profile/ml/iter00/structure_iter00_000000000176.npz,p_91570,14850
922,/p/gpfs1/iopp/mummi_demoroot_20230722_profile/sims-cg/structure_iter00_000000000176/createsims_failure,p_91570,79473373
923,p_91570,/p/gpfs1/iopp/mummi_demoroot_20230722_profile/sims-cg/structure_iter00_000000000176/createsims_failure,79473373
924,/p/gpfs1/iopp/mummi_demoroot_20230722_profile/ml/iter00/structure_iter00_000000000080.npz,p_159259,18883
925,/p/gpfs1/iopp/mummi_demoroot_20230722_profile/sims-cg/structure_iter00_000000000080/createsims_success,p_159259,2099391149
926,p_159259,/p/gpfs1/iopp/mummi_demoroot_20230722_profile/sims-cg/structure_iter00_000000000080/createsims_success,2099391149
927,/p/gpfs1/iopp/mummi_demoroot_20230722_profile/ml/iter00/structure_iter00_000000000113.npz,p_5725,14150
928,/p/gpfs1/iopp/mummi_demoroot_20230722_profile/sims-cg/structure_iter00_000000000113/createsims_success,p_5725,2331075659
929,p_5725,/p/gpfs1/iopp/mummi_demoroot_20230722_profile/sims-cg/structure_iter00_000000000113/createsims_success,2331075659
930,/p/gpfs1/iopp/mummi_demoroot_20230722_profile/ml/iter00/structure_iter00_000000000130.npz,p_138207,14899
931,/p/gpfs1/iopp/mummi_demoroot_20230722_profile/sims-cg/structure_iter00_000000000130/createsims_success,p_138207,1978517699
932,p_138207,/p/gpfs1/iopp/mummi_demoroot_20230722_profile/sims-cg/structure_iter00_000000000130/createsims_success,1978517699
933,/p/gpfs1/iopp/mummi_demoroot_20230722_profile/ml/iter00/structure_iter00_000000000215.npz,p_105052,18211
934,/p/gpfs1/iopp/mummi_demoroot_20230722_profile/ml/iter00/structure_iter00_000000000221.npz,p_108445,22171
935,/p/gpfs1/iopp/mummi_demoroot_20230722_profile/ml/iter00/structure_iter00_000000000246.npz,p_119702,19345
936,/p/gpfs1/iopp/mummi_demoroot_20230722_profile/ml/iter00/structure_iter00_000000000181.npz,p_135518,14841
937,/p/gpfs1/iopp/mummi_demoroot_20230722_profile/sims-cg/structure_iter00_000000000181/createsims_failure,p_135518,79892297
938,p_135518,/p/gpfs1/iopp/mummi_demoroot_20230722_profile/sims-cg/structure_iter00_000000000181/createsims_failure,79892297
939,/p/gpfs1/iopp/mummi_demoroot_20230722_profile/sims-cg/structure_iter00_000000000000/createsims_failure,p_14251,85904186
940,/p/gpfs1/iopp/mummi_demoroot_20230722_profile/sims-cg/structure_iter00_000000000001/createsims_success,p_14251,85904283
941,/p/gpfs1/iopp/mummi_demoroot_20230722_profile/sims-cg/structure_iter00_000000000003/createsims_failure,p_14251,85905942
942,/p/gpfs1/iopp/mummi_demoroot_20230722_profile/sims-cg/structure_iter00_000000000004/createsims_success,p_14251,85906029
943,/p/gpfs1/iopp/mummi_demoroot_20230722_profile/sims-cg/structure_iter00_000000000005/createsims_failure,p_14251,85906299
944,/p/gpfs1/iopp/mummi_demoroot_20230722_profile/sims-cg/structure_iter00_000000000006/createsims_success,p_14251,85906385
945,/p/gpfs1/iopp/mummi_demoroot_20230722_profile/sims-cg/structure_iter00_000000000007/createsims_failure,p_14251,85906652
946,/p/gpfs1/iopp/mummi_demoroot_20230722_profile/sims-cg/structure_iter00_000000000009/createsims_success,p_14251,85906738
947,/p/gpfs1/iopp/mummi_demoroot_20230722_profile/sims-cg/structure_iter00_000000000010/createsims_success,p_14251,85906914
948,/p/gpfs1/iopp/mummi_demoroot_20230722_profile/sims-cg/structure_iter00_000000000011/createsims_success,p_14251,85907090
949,/p/gpfs1/iopp/mummi_demoroot_20230722_profile/sims-cg/structure_iter00_000000000012/createsims_success,p_14251,85907266
950,/p/gpfs1/iopp/mummi_demoroot_20230722_profile/sims-cg/structure_iter00_000000000013/createsims_failure,p_14251,85907532
951,/p/gpfs1/iopp/mummi_demoroot_20230722_profile/sims-cg/structure_iter00_000000000014/createsims_success,p_14251,85907618
952,/p/gpfs1/iopp/mummi_demoroot_20230722_profile/sims-cg/structure_iter00_000000000016/createsims_failure,p_14251,85907881
953,/p/gpfs1/iopp/mummi_demoroot_20230722_profile/sims-cg/structure_iter00_000000000017/createsims_success,p_14251,85907967
954,/p/gpfs1/iopp/mummi_demoroot_20230722_profile/sims-cg/structure_iter00_000000000020/createsims_success,p_14251,85908143
955,/p/gpfs1/iopp/mummi_demoroot_20230722_profile/sims-cg/structure_iter00_000000000021/createsims_failure,p_14251,85908408
956,/p/gpfs1/iopp/mummi_demoroot_20230722_profile/sims-cg/structure_iter00_000000000022/createsims_failure,p_14251,85908582
957,/p/gpfs1/iopp/mummi_demoroot_20230722_profile/sims-cg/structure_iter00_000000000023/createsims_success,p_14251,85908668
958,/p/gpfs1/iopp/mummi_demoroot_20230722_profile/sims-cg/structure_iter00_000000000024/createsims_success,p_14251,85908842
959,/p/gpfs1/iopp/mummi_demoroot_20230722_profile/sims-cg/structure_iter00_000000000026/createsims_failure,p_14251,85909107
960,/p/gpfs1/iopp/mummi_demoroot_20230722_profile/sims-cg/structure_iter00_000000000027/createsims_failure,p_14251,85909282
961,/p/gpfs1/iopp/mummi_demoroot_20230722_profile/sims-cg/structure_iter00_000000000028/createsims_success,p_14251,85909368
962,/p/gpfs1/iopp/mummi_demoroot_20230722_profile/sims-cg/structure_iter00_000000000031/createsims_success,p_14251,85909542
963,/p/gpfs1/iopp/mummi_demoroot_20230722_profile/sims-cg/structure_iter00_000000000032/createsims_success,p_14251,85909717
964,/p/gpfs1/iopp/mummi_demoroot_20230722_profile/sims-cg/structure_iter00_000000000033/createsims_success,p_14251,85909893
965,/p/gpfs1/iopp/mummi_demoroot_20230722_profile/sims-cg/structure_iter00_000000000034/createsims_success,p_14251,85910068
966,/p/gpfs1/iopp/mummi_demoroot_20230722_profile/sims-cg/structure_iter00_000000000035/createsims_success,p_14251,85910242
967,/p/gpfs1/iopp/mummi_demoroot_20230722_profile/sims-cg/structure_iter00_000000000036/createsims_success,p_14251,85910416
968,/p/gpfs1/iopp/mummi_demoroot_20230722_profile/sims-cg/structure_iter00_000000000037/createsims_success,p_14251,85910591
969,/p/gpfs1/iopp/mummi_demoroot_20230722_profile/sims-cg/structure_iter00_000000000042/createsims_success,p_14251,85910765
970,/p/gpfs1/iopp/mummi_demoroot_20230722_profile/sims-cg/structure_iter00_000000000043/createsims_failure,p_14251,85911029
971,/p/gpfs1/iopp/mummi_demoroot_20230722_profile/sims-cg/structure_iter00_000000000045/createsims_success,p_14251,85911114
972,/p/gpfs1/iopp/mummi_demoroot_20230722_profile/sims-cg/structure_iter00_000000000046/createsims_failure,p_14251,85911377
973,/p/gpfs1/iopp/mummi_demoroot_20230722_profile/sims-cg/structure_iter00_000000000047/createsims_success,p_14251,85911463
974,/p/gpfs1/iopp/mummi_demoroot_20230722_profile/sims-cg/structure_iter00_000000000048/createsims_success,p_14251,85911637
975,/p/gpfs1/iopp/mummi_demoroot_20230722_profile/sims-cg/structure_iter00_000000000049/createsims_failure,p_14251,85911901
976,/p/gpfs1/iopp/mummi_demoroot_20230722_profile/sims-cg/structure_iter00_000000000050/createsims_success,p_14251,178501840
977,/p/gpfs1/iopp/mummi_demoroot_20230722_profile/sims-cg/structure_iter00_000000000051/createsims_success,p_14251,178542775
978,/p/gpfs1/iopp/mummi_demoroot_20230722_profile/sims-cg/structure_iter00_000000000053/createsims_success,p_14251,178542959
979,/p/gpfs1/iopp/mummi_demoroot_20230722_profile/sims-cg/structure_iter00_000000000054/createsims_success,p_14251,178543138
980,/p/gpfs1/iopp/mummi_demoroot_20230722_profile/sims-cg/structure_iter00_000000000056/createsims_success,p_14251,178543315
981,/p/gpfs1/iopp/mummi_demoroot_20230722_profile/sims-cg/structure_iter00_000000000057/createsims_failure,p_14251,178543580
982,/p/gpfs1/iopp/mummi_demoroot_20230722_profile/sims-cg/structure_iter00_000000000059/createsims_failure,p_14251,178543756
983,/p/gpfs1/iopp/mummi_demoroot_20230722_profile/sims-cg/structure_iter00_000000000060/createsims_success,p_14251,178543842
984,/p/gpfs1/iopp/mummi_demoroot_20230722_profile/sims-cg/structure_iter00_000000000061/createsims_success,p_14251,178544018
985,/p/gpfs1/iopp/mummi_demoroot_20230722_profile/sims-cg/structure_iter00_000000000062/createsims_failure,p_14251,178544282
986,/p/gpfs1/iopp/mummi_demoroot_20230722_profile/sims-cg/structure_iter00_000000000063/createsims_success,p_14251,178544368
987,/p/gpfs1/iopp/mummi_demoroot_20230722_profile/sims-cg/structure_iter00_000000000064/createsims_failure,p_14251,178544631
988,/p/gpfs1/iopp/mummi_demoroot_20230722_profile/sims-cg/structure_iter00_000000000065/createsims_success,p_14251,178544717
989,/p/gpfs1/iopp/mummi_demoroot_20230722_profile/sims-cg/structure_iter00_000000000066/createsims_success,p_14251,178544892
990,/p/gpfs1/iopp/mummi_demoroot_20230722_profile/sims-cg/structure_iter00_000000000067/createsims_success,p_14251,178545066
991,/p/gpfs1/iopp/mummi_demoroot_20230722_profile/sims-cg/structure_iter00_000000000068/createsims_success,p_14251,178545240
992,/p/gpfs1/iopp/mummi_demoroot_20230722_profile/sims-cg/structure_iter00_000000000069/createsims_success,p_14251,178545420
993,/p/gpfs1/iopp/mummi_demoroot_20230722_profile/sims-cg/structure_iter00_000000000070/createsims_success,p_14251,178545608
994,/p/gpfs1/iopp/mummi_demoroot_20230722_profile/sims-cg/structure_iter00_000000000071/createsims_success,p_14251,178545782
995,/p/gpfs1/iopp/mummi_demoroot_20230722_profile/sims-cg/structure_iter00_000000000073/createsims_success,p_14251,178545956
996,/p/gpfs1/iopp/mummi_demoroot_20230722_profile/sims-cg/structure_iter00_000000000074/createsims_failure,p_14251,178546219
997,/p/gpfs1/iopp/mummi_demoroot_20230722_profile/sims-cg/structure_iter00_000000000075/createsims_success,p_14251,178546304
998,/p/gpfs1/iopp/mummi_demoroot_20230722_profile/sims-cg/structure_iter00_000000000076/createsims_failure,p_14251,178546567
999,/p/gpfs1/iopp/mummi_demoroot_20230722_profile/sims-cg/structure_iter00_000000000077/createsims_success,p_14251,178546652
1000,/p/gpfs1/iopp/mummi_demoroot_20230722_profile/sims-cg/structure_iter00_000000000078/createsims_success,p_14251,178546825
1001,/p/gpfs1/iopp/mummi_demoroot_20230722_profile/sims-cg/structure_iter00_000000000079/createsims_success,p_14251,178547000
1002,/p/gpfs1/iopp/mummi_demoroot_20230722_profile/sims-cg/structure_iter00_000000000080/createsims_success,p_14251,178547174
1003,/p/gpfs1/iopp/mummi_demoroot_20230722_profile/sims-cg/structure_iter00_000000000081/createsims_failure,p_14251,178547437
1004,/p/gpfs1/iopp/mummi_demoroot_20230722_profile/sims-cg/structure_iter00_000000000082/createsims_success,p_14251,178547522
1005,/p/gpfs1/iopp/mummi_demoroot_20230722_profile/sims-cg/structure_iter00_000000000083/createsims_success,p_14251,178547696
1006,/p/gpfs1/iopp/mummi_demoroot_20230722_profile/sims-cg/structure_iter00_000000000084/createsims_success,p_14251,178547870
1007,/p/gpfs1/iopp/mummi_demoroot_20230722_profile/sims-cg/structure_iter00_000000000085/createsims_failure,p_14251,178548132
1008,/p/gpfs1/iopp/mummi_demoroot_20230722_profile/sims-cg/structure_iter00_000000000087/createsims_success,p_14251,178548217
1009,/p/gpfs1/iopp/mummi_demoroot_20230722_profile/sims-cg/structure_iter00_000000000088/createsims_success,p_14251,178548391
1010,/p/gpfs1/iopp/mummi_demoroot_20230722_profile/sims-cg/structure_iter00_000000000089/createsims_success,p_14251,178548564
1011,/p/gpfs1/iopp/mummi_demoroot_20230722_profile/sims-cg/structure_iter00_000000000090/createsims_failure,p_14251,178548825
1012,/p/gpfs1/iopp/mummi_demoroot_20230722_profile/sims-cg/structure_iter00_000000000091/createsims_failure,p_14251,178548998
1013,/p/gpfs1/iopp/mummi_demoroot_20230722_profile/sims-cg/structure_iter00_000000000092/createsims_success,p_14251,178549083
1014,/p/gpfs1/iopp/mummi_demoroot_20230722_profile/sims-cg/structure_iter00_000000000094/createsims_success,p_14251,178549255
1015,/p/gpfs1/iopp/mummi_demoroot_20230722_profile/sims-cg/structure_iter00_000000000095/createsims_success,p_14251,178549429
1016,/p/gpfs1/iopp/mummi_demoroot_20230722_profile/sims-cg/structure_iter00_000000000096/createsims_success,p_14251,178549602
1017,/p/gpfs1/iopp/mummi_demoroot_20230722_profile/sims-cg/structure_iter00_000000000097/createsims_success,p_14251,178549776
1018,/p/gpfs1/iopp/mummi_demoroot_20230722_profile/sims-cg/structure_iter00_000000000098/createsims_success,p_14251,178549949
1019,/p/gpfs1/iopp/mummi_demoroot_20230722_profile/sims-cg/structure_iter00_000000000100/createsims_success,p_14251,273432262
1020,/p/gpfs1/iopp/mummi_demoroot_20230722_profile/sims-cg/structure_iter00_000000000102/createsims_success,p_14251,273461191
1021,/p/gpfs1/iopp/mummi_demoroot_20230722_profile/sims-cg/structure_iter00_000000000103/createsims_success,p_14251,273479106
1022,/p/gpfs1/iopp/mummi_demoroot_20230722_profile/sims-cg/structure_iter00_000000000104/createsims_failure,p_14251,273492005
1023,/p/gpfs1/iopp/mummi_demoroot_20230722_profile/sims-cg/structure_iter00_000000000105/createsims_success,p_14251,273492092
1024,/p/gpfs1/iopp/mummi_demoroot_20230722_profile/sims-cg/structure_iter00_000000000107/createsims_success,p_14251,273493001
1025,/p/gpfs1/iopp/mummi_demoroot_20230722_profile/sims-cg/structure_iter00_000000000108/createsims_success,p_14251,273508771
1026,/p/gpfs1/iopp/mummi_demoroot_20230722_profile/sims-cg/structure_iter00_000000000109/createsims_failure,p_14251,273560916
1027,/p/gpfs1/iopp/mummi_demoroot_20230722_profile/sims-cg/structure_iter00_000000000110/createsims_success,p_14251,273561003
1028,/p/gpfs1/iopp/mummi_demoroot_20230722_profile/sims-cg/structure_iter00_000000000111/createsims_failure,p_14251,273613673
1029,/p/gpfs1/iopp/mummi_demoroot_20230722_profile/sims-cg/structure_iter00_000000000112/createsims_success,p_14251,273613759
1030,/p/gpfs1/iopp/mummi_demoroot_20230722_profile/sims-cg/structure_iter00_000000000113/createsims_success,p_14251,273648818
1031,/p/gpfs1/iopp/mummi_demoroot_20230722_profile/sims-cg/structure_iter00_000000000115/createsims_failure,p_14251,273692296
1032,/p/gpfs1/iopp/mummi_demoroot_20230722_profile/sims-cg/structure_iter00_000000000117/createsims_success,p_14251,273692383
1033,/p/gpfs1/iopp/mummi_demoroot_20230722_profile/sims-cg/structure_iter00_000000000118/createsims_success,p_14251,273718119
1034,/p/gpfs1/iopp/mummi_demoroot_20230722_profile/sims-cg/structure_iter00_000000000119/createsims_success,p_14251,273742965
1035,/p/gpfs1/iopp/mummi_demoroot_20230722_profile/sims-cg/structure_iter00_000000000120/createsims_success,p_14251,273757282
1036,/p/gpfs1/iopp/mummi_demoroot_20230722_profile/sims-cg/structure_iter00_000000000121/createsims_success,p_14251,273772309
1037,/p/gpfs1/iopp/mummi_demoroot_20230722_profile/sims-cg/structure_iter00_000000000122/createsims_success,p_14251,273773181
1038,/p/gpfs1/iopp/mummi_demoroot_20230722_profile/sims-cg/structure_iter00_000000000123/createsims_success,p_14251,273773358
1039,/p/gpfs1/iopp/mummi_demoroot_20230722_profile/sims-cg/structure_iter00_000000000124/createsims_success,p_14251,273786094
1040,/p/gpfs1/iopp/mummi_demoroot_20230722_profile/sims-cg/structure_iter00_000000000125/createsims_success,p_14251,273799926
1041,/p/gpfs1/iopp/mummi_demoroot_20230722_profile/sims-cg/structure_iter00_000000000126/createsims_success,p_14251,273820163
1042,/p/gpfs1/iopp/mummi_demoroot_20230722_profile/sims-cg/structure_iter00_000000000127/createsims_success,p_14251,273837225
1043,/p/gpfs1/iopp/mummi_demoroot_20230722_profile/sims-cg/structure_iter00_000000000128/createsims_success,p_14251,273856066
1044,/p/gpfs1/iopp/mummi_demoroot_20230722_profile/sims-cg/structure_iter00_000000000129/createsims_failure,p_14251,273882265
1045,/p/gpfs1/iopp/mummi_demoroot_20230722_profile/sims-cg/structure_iter00_000000000130/createsims_success,p_14251,273882351
1046,/p/gpfs1/iopp/mummi_demoroot_20230722_profile/sims-cg/structure_iter00_000000000132/createsims_success,p_14251,273900027
1047,/p/gpfs1/iopp/mummi_demoroot_20230722_profile/sims-cg/structure_iter00_000000000133/createsims_failure,p_14251,273955263
1048,/p/gpfs1/iopp/mummi_demoroot_20230722_profile/sims-cg/structure_iter00_000000000135/createsims_success,p_14251,273955348
1049,/p/gpfs1/iopp/mummi_demoroot_20230722_profile/sims-cg/structure_iter00_000000000136/createsims_success,p_14251,273964985
1050,/p/gpfs1/iopp/mummi_demoroot_20230722_profile/sims-cg/structure_iter00_000000000138/createsims_success,p_14251,273965879
1051,/p/gpfs1/iopp/mummi_demoroot_20230722_profile/sims-cg/structure_iter00_000000000139/createsims_success,p_14251,273987627
1052,/p/gpfs1/iopp/mummi_demoroot_20230722_profile/sims-cg/structure_iter00_000000000140/createsims_success,p_14251,273987804
1053,/p/gpfs1/iopp/mummi_demoroot_20230722_profile/sims-cg/structure_iter00_000000000141/createsims_success,p_14251,274017684
1054,/p/gpfs1/iopp/mummi_demoroot_20230722_profile/sims-cg/structure_iter00_000000000143/createsims_success,p_14251,274040657
1055,/p/gpfs1/iopp/mummi_demoroot_20230722_profile/sims-cg/structure_iter00_000000000144/createsims_success,p_14251,274040833
1056,/p/gpfs1/iopp/mummi_demoroot_20230722_profile/sims-cg/structure_iter00_000000000145/createsims_success,p_14251,274058039
1057,/p/gpfs1/iopp/mummi_demoroot_20230722_profile/sims-cg/structure_iter00_000000000147/createsims_success,p_14251,274079443
1058,/p/gpfs1/iopp/mummi_demoroot_20230722_profile/sims-cg/structure_iter00_000000000149/createsims_failure,p_14251,274123447
1059,/p/gpfs1/iopp/mummi_demoroot_20230722_profile/sims-cg/structure_iter00_000000000150/createsims_success,p_14251,375087751
1060,/p/gpfs1/iopp/mummi_demoroot_20230722_profile/sims-cg/structure_iter00_000000000151/createsims_success,p_14251,375114054
1061,/p/gpfs1/iopp/mummi_demoroot_20230722_profile/sims-cg/structure_iter00_000000000153/createsims_failure,p_14251,375180663
1062,/p/gpfs1/iopp/mummi_demoroot_20230722_profile/sims-cg/structure_iter00_000000000154/createsims_failure,p_14251,375182117
1063,/p/gpfs1/iopp/mummi_demoroot_20230722_profile/sims-cg/structure_iter00_000000000155/createsims_success,p_14251,375182204
1064,/p/gpfs1/iopp/mummi_demoroot_20230722_profile/sims-cg/structure_iter00_000000000156/createsims_success,p_14251,375199336
1065,/p/gpfs1/iopp/mummi_demoroot_20230722_profile/sims-cg/structure_iter00_000000000157/createsims_success,p_14251,375224257
1066,/p/gpfs1/iopp/mummi_demoroot_20230722_profile/sims-cg/structure_iter00_000000000158/createsims_success,p_14251,375237572
1067,/p/gpfs1/iopp/mummi_demoroot_20230722_profile/sims-cg/structure_iter00_000000000159/createsims_success,p_14251,375267276
1068,/p/gpfs1/iopp/mummi_demoroot_20230722_profile/sims-cg/structure_iter00_000000000160/createsims_success,p_14251,375292667
1069,/p/gpfs1/iopp/mummi_demoroot_20230722_profile/sims-cg/structure_iter00_000000000161/createsims_success,p_14251,375294115
1070,/p/gpfs1/iopp/mummi_demoroot_20230722_profile/sims-cg/structure_iter00_000000000162/createsims_failure,p_14251,375341989
1071,/p/gpfs1/iopp/mummi_demoroot_20230722_profile/sims-cg/structure_iter00_000000000165/createsims_success,p_14251,375342076
1072,/p/gpfs1/iopp/mummi_demoroot_20230722_profile/sims-cg/structure_iter00_000000000166/createsims_success,p_14251,375351100
1073,/p/gpfs1/iopp/mummi_demoroot_20230722_profile/sims-cg/structure_iter00_000000000169/createsims_success,p_14251,375352488
1074,/p/gpfs1/iopp/mummi_demoroot_20230722_profile/sims-cg/structure_iter00_000000000170/createsims_success,p_14251,375377399
1075,/p/gpfs1/iopp/mummi_demoroot_20230722_profile/sims-cg/structure_iter00_000000000171/createsims_success,p_14251,375388009
1076,/p/gpfs1/iopp/mummi_demoroot_20230722_profile/sims-cg/structure_iter00_000000000174/createsims_success,p_14251,375389405
1077,/p/gpfs1/iopp/mummi_demoroot_20230722_profile/sims-cg/structure_iter00_000000000175/createsims_success,p_14251,375400098
1078,/p/gpfs1/iopp/mummi_demoroot_20230722_profile/sims-cg/structure_iter00_000000000176/createsims_failure,p_14251,375448451
1079,/p/gpfs1/iopp/mummi_demoroot_20230722_profile/sims-cg/structure_iter00_000000000177/createsims_success,p_14251,375448537
1080,/p/gpfs1/iopp/mummi_demoroot_20230722_profile/sims-cg/structure_iter00_000000000178/createsims_failure,p_14251,375451239
1081,/p/gpfs1/iopp/mummi_demoroot_20230722_profile/sims-cg/structure_iter00_000000000179/createsims_success,p_14251,375451326
1082,/p/gpfs1/iopp/mummi_demoroot_20230722_profile/sims-cg/structure_iter00_000000000180/createsims_success,p_14251,375479905
1083,/p/gpfs1/iopp/mummi_demoroot_20230722_profile/sims-cg/structure_iter00_000000000181/createsims_failure,p_14251,375504576
1084,/p/gpfs1/iopp/mummi_demoroot_20230722_profile/sims-cg/structure_iter00_000000000183/createsims_success,p_14251,375504662
1085,/p/gpfs1/iopp/mummi_demoroot_20230722_profile/sims-cg/structure_iter00_000000000184/createsims_success,p_14251,375518451
1086,/p/gpfs1/iopp/mummi_demoroot_20230722_profile/sims-cg/structure_iter00_000000000185/createsims_success,p_14251,375539673
1087,/p/gpfs1/iopp/mummi_demoroot_20230722_profile/sims-cg/structure_iter00_000000000186/createsims_failure,p_14251,375568242
1088,/p/gpfs1/iopp/mummi_demoroot_20230722_profile/sims-cg/structure_iter00_000000000187/createsims_success,p_14251,375568327
1089,/p/gpfs1/iopp/mummi_demoroot_20230722_profile/sims-cg/structure_iter00_000000000188/createsims_failure,p_14251,375595185
1090,/p/gpfs1/iopp/mummi_demoroot_20230722_profile/sims-cg/structure_iter00_000000000191/createsims_success,p_14251,375595269
1091,/p/gpfs1/iopp/mummi_demoroot_20230722_profile/sims-cg/structure_iter00_000000000192/createsims_failure,p_14251,375621841
1092,/p/gpfs1/iopp/mummi_demoroot_20230722_profile/sims-cg/structure_iter00_000000000193/createsims_success,p_14251,375621927
1093,/p/gpfs1/iopp/mummi_demoroot_20230722_profile/sims-cg/structure_iter00_000000000195/createsims_failure,p_14251,375645218
1094,/p/gpfs1/iopp/mummi_demoroot_20230722_profile/sims-cg/structure_iter00_000000000196/createsims_success,p_14251,375645303
1095,/p/gpfs1/iopp/mummi_demoroot_20230722_profile/sims-cg/structure_iter00_000000000198/createsims_success,p_14251,375647298
1096,/p/gpfs1/iopp/mummi_demoroot_20230722_profile/sims-cg/structure_iter00_000000000199/createsims_success,p_14251,375668743
1097,/p/gpfs1/iopp/mummi_demoroot_20230722_profile/sims-cg/structure_iter00_000000000201/createsims_success,p_14251,479036710
1098,/p/gpfs1/iopp/mummi_demoroot_20230722_profile/sims-cg/structure_iter00_000000000205/createsims_failure,p_14251,479123875
1099,/p/gpfs1/iopp/mummi_demoroot_20230722_profile/sims-cg/structure_iter00_000000000206/createsims_success,p_14251,479123962
1100,/p/gpfs1/iopp/mummi_demoroot_20230722_profile/sims-cg/structure_iter00_000000000208/createsims_success,p_14251,479124823
1101,/p/gpfs1/iopp/mummi_demoroot_20230722_profile/sims-cg/structure_iter00_000000000209/createsims_success,p_14251,479147371
1102,/p/gpfs1/iopp/mummi_demoroot_20230722_profile/sims-cg/structure_iter00_000000000212/createsims_failure,p_14251,479175471
1103,/p/gpfs1/iopp/mummi_demoroot_20230722_profile/sims-cg/structure_iter00_000000000214/createsims_success,p_14251,479187277
1104,/p/gpfs1/iopp/mummi_demoroot_20230722_profile/sims-cg/structure_iter00_000000000216/createsims_success,p_14251,479224949
1105,/p/gpfs1/iopp/mummi_demoroot_20230722_profile/sims-cg/structure_iter00_000000000218/createsims_success,p_14251,479252312
1106,/p/gpfs1/iopp/mummi_demoroot_20230722_profile/sims-cg/structure_iter00_000000000222/createsims_success,p_14251,479321376
1107,/p/gpfs1/iopp/mummi_demoroot_20230722_profile/sims-cg/structure_iter00_000000000223/createsims_success,p_14251,479334794
1108,/p/gpfs1/iopp/mummi_demoroot_20230722_profile/sims-cg/structure_iter00_000000000225/createsims_failure,p_14251,479362692
1109,/p/gpfs1/iopp/mummi_demoroot_20230722_profile/sims-cg/structure_iter00_000000000229/createsims_success,p_14251,479393642
1110,/p/gpfs1/iopp/mummi_demoroot_20230722_profile/sims-cg/structure_iter00_000000000232/createsims_success,p_14251,479421102
1111,/p/gpfs1/iopp/mummi_demoroot_20230722_profile/sims-cg/structure_iter00_000000000233/createsims_failure,p_14251,479472433
1112,/p/gpfs1/iopp/mummi_demoroot_20230722_profile/sims-cg/structure_iter00_000000000234/createsims_success,p_14251,479472518
1113,/p/gpfs1/iopp/mummi_demoroot_20230722_profile/sims-cg/structure_iter00_000000000236/createsims_success,p_14251,479484794
1114,/p/gpfs1/iopp/mummi_demoroot_20230722_profile/sims-cg/structure_iter00_000000000237/createsims_failure,p_14251,479496644
1115,/p/gpfs1/iopp/mummi_demoroot_20230722_profile/sims-cg/structure_iter00_000000000238/createsims_failure,p_14251,479496818
1116,/p/gpfs1/iopp/mummi_demoroot_20230722_profile/sims-cg/structure_iter00_000000000241/createsims_success,p_14251,479520540
1117,/p/gpfs1/iopp/mummi_demoroot_20230722_profile/sims-cg/structure_iter00_000000000242/createsims_success,p_14251,479521418
1118,/p/gpfs1/iopp/mummi_demoroot_20230722_profile/sims-cg/structure_iter00_000000000245/createsims_success,p_14251,479587857
1119,/p/gpfs1/iopp/mummi_demoroot_20230722_profile/sims-cg/structure_iter00_000000000247/createsims_success,p_14251,479589534
1120,/p/gpfs1/iopp/mummi_demoroot_20230722_profile/sims-cg/structure_iter00_000000000248/createsims_success,p_14251,479589709
1121,/p/gpfs1/iopp/mummi_demoroot_20230722_profile/sims-cg/structure_iter00_000000000249/createsims_failure,p_14251,479621036
1122,/p/gpfs1/iopp/mummi_demoroot_20230722_profile/ml/iter00/structure_iter00_000000000185.npz,p_28559,19487
1123,/p/gpfs1/iopp/mummi_demoroot_20230722_profile/sims-cg/structure_iter00_000000000185/createsims_success,p_28559,3630545339
1124,p_28559,/p/gpfs1/iopp/mummi_demoroot_20230722_profile/sims-cg/structure_iter00_000000000185/createsims_success,3630545339
1125,/p/gpfs1/iopp/mummi_demoroot_20230722_profile/ml/iter00/structure_iter00_000000000228.npz,p_4698,21710
1126,/p/gpfs1/iopp/mummi_demoroot_20230722_profile/ml/iter00/structure_iter00_000000000105.npz,p_96281,68397
1127,/p/gpfs1/iopp/mummi_demoroot_20230722_profile/sims-cg/structure_iter00_000000000105/createsims_success,p_96281,1917477122
1128,p_96281,/p/gpfs1/iopp/mummi_demoroot_20230722_profile/sims-cg/structure_iter00_000000000105/createsims_success,1917477122
1129,/p/gpfs1/iopp/mummi_demoroot_20230722_profile/ml/iter00/structure_iter00_000000000232.npz,p_22827,27981
1130,/p/gpfs1/iopp/mummi_demoroot_20230722_profile/sims-cg/structure_iter00_000000000232/createsims_success,p_22827,3796883563
1131,p_22827,/p/gpfs1/iopp/mummi_demoroot_20230722_profile/sims-cg/structure_iter00_000000000232/createsims_success,3796883563
1132,/p/gpfs1/iopp/mummi_demoroot_20230722_profile/ml/iter00/structure_iter00_000000000070.npz,p_162947,17885
1133,/p/gpfs1/iopp/mummi_demoroot_20230722_profile/sims-cg/structure_iter00_000000000070/createsims_success,p_162947,2175398927
1134,p_162947,/p/gpfs1/iopp/mummi_demoroot_20230722_profile/sims-cg/structure_iter00_000000000070/createsims_success,2175398927
1135,/p/gpfs1/iopp/mummi_demoroot_20230722_profile/ml/iter00/structure_iter00_000000000057.npz,p_35282,16197
1136,/p/gpfs1/iopp/mummi_demoroot_20230722_profile/sims-cg/structure_iter00_000000000057/createsims_failure,p_35282,82805160
1137,p_35282,/p/gpfs1/iopp/mummi_demoroot_20230722_profile/sims-cg/structure_iter00_000000000057/createsims_failure,82805160
1138,/p/gpfs1/iopp/mummi_demoroot_20230722_profile/ml/iter00/structure_iter00_000000000078.npz,p_148143,23234
1139,/p/gpfs1/iopp/mummi_demoroot_20230722_profile/sims-cg/structure_iter00_000000000078/createsims_success,p_148143,2783203521
1140,p_148143,/p/gpfs1/iopp/mummi_demoroot_20230722_profile/sims-cg/structure_iter00_000000000078/createsims_success,2783203521
1141,/p/gpfs1/iopp/mummi_demoroot_20230722_profile/ml/iter00/structure_iter00_000000000231.npz,p_129871,19712
1142,/p/gpfs1/iopp/mummi_demoroot_20230722_profile/ml/iter00/structure_iter00_000000000002.npz,p_126258,82150
1143,/p/gpfs1/iopp/mummi_demoroot_20230722_profile/ml/iter00/structure_iter00_000000000064.npz,p_159230,16609
1144,/p/gpfs1/iopp/mummi_demoroot_20230722_profile/sims-cg/structure_iter00_000000000064/createsims_failure,p_159230,79261161
1145,p_159230,/p/gpfs1/iopp/mummi_demoroot_20230722_profile/sims-cg/structure_iter00_000000000064/createsims_failure,79261161
1146,/p/gpfs1/iopp/mummi_demoroot_20230722_profile/ml/iter00/structure_iter00_000000000006.npz,p_26982,64765
1147,/p/gpfs1/iopp/mummi_demoroot_20230722_profile/sims-cg/structure_iter00_000000000006/createsims_success,p_26982,2093211626
1148,p_26982,/p/gpfs1/iopp/mummi_demoroot_20230722_profile/sims-cg/structure_iter00_000000000006/createsims_success,2093211626
1149,/p/gpfs1/iopp/mummi_demoroot_20230722_profile/ml/iter00/structure_iter00_000000000270.npz,p_58646,25687
1150,/p/gpfs1/iopp/mummi_demoroot_20230722_profile/ml/iter00/structure_iter00_000000000243.npz,p_53251,19951
1151,/p/gpfs1/iopp/mummi_demoroot_20230722_profile/ml/iter00/structure_iter00_000000000252.npz,p_84875,16533
1152,/p/gpfs1/iopp/mummi_demoroot_20230722_profile/ml/iter00/structure_iter00_000000000026.npz,p_138650,16061
1153,/p/gpfs1/iopp/mummi_demoroot_20230722_profile/sims-cg/structure_iter00_000000000026/createsims_failure,p_138650,79840366
1154,p_138650,/p/gpfs1/iopp/mummi_demoroot_20230722_profile/sims-cg/structure_iter00_000000000026/createsims_failure,79840366
1155,/p/gpfs1/iopp/mummi_demoroot_20230722_profile/ml/iter00/structure_iter00_000000000242.npz,p_106218,14081
1156,/p/gpfs1/iopp/mummi_demoroot_20230722_profile/sims-cg/structure_iter00_000000000242/createsims_success,p_106218,2453879775
1157,p_106218,/p/gpfs1/iopp/mummi_demoroot_20230722_profile/sims-cg/structure_iter00_000000000242/createsims_success,2453879775
1158,/p/gpfs1/iopp/mummi_demoroot_20230722_profile/ml/iter00/structure_iter00_000000000275.npz,p_53646,21299
1159,/p/gpfs1/iopp/mummi_demoroot_20230722_profile/ml/iter00/structure_iter00_000000000071.npz,p_40972,14847
1160,/p/gpfs1/iopp/mummi_demoroot_20230722_profile/sims-cg/structure_iter00_000000000071/createsims_success,p_40972,1954874943
1161,p_40972,/p/gpfs1/iopp/mummi_demoroot_20230722_profile/sims-cg/structure_iter00_000000000071/createsims_success,1954874943
1162,/p/gpfs1/iopp/mummi_demoroot_20230722_profile/ml/iter00/structure_iter00_000000000043.npz,p_141542,61316
1163,/p/gpfs1/iopp/mummi_demoroot_20230722_profile/sims-cg/structure_iter00_000000000043/createsims_failure,p_141542,83263027
1164,p_141542,/p/gpfs1/iopp/mummi_demoroot_20230722_profile/sims-cg/structure_iter00_000000000043/createsims_failure,83263027
1165,/p/gpfs1/iopp/mummi_demoroot_20230722_profile/ml/iter00/structure_iter00_000000000047.npz,p_121996,66590
1166,/p/gpfs1/iopp/mummi_demoroot_20230722_profile/sims-cg/structure_iter00_000000000047/createsims_success,p_121996,1863755790
1167,p_121996,/p/gpfs1/iopp/mummi_demoroot_20230722_profile/sims-cg/structure_iter00_000000000047/createsims_success,1863755790
1168,/p/gpfs1/iopp/mummi_demoroot_20230722_profile/ml/iter00/structure_iter00_000000000097.npz,p_141278,16532
1169,/p/gpfs1/iopp/mummi_demoroot_20230722_profile/sims-cg/structure_iter00_000000000097/createsims_success,p_141278,1748932701
1170,p_141278,/p/gpfs1/iopp/mummi_demoroot_20230722_profile/sims-cg/structure_iter00_000000000097/createsims_success,1748932701
1171,/p/gpfs1/iopp/mummi_demoroot_20230722_profile/ml/iter00/structure_iter00_000000000241.npz,p_92142,17549
1172,/p/gpfs1/iopp/mummi_demoroot_20230722_profile/sims-cg/structure_iter00_000000000241/createsims_success,p_92142,4416325502
1173,p_92142,/p/gpfs1/iopp/mummi_demoroot_20230722_profile/sims-cg/structure_iter00_000000000241/createsims_success,4416325502
1174,/p/gpfs1/iopp/mummi_demoroot_20230722_profile/ml/iter00/structure_iter00_000000000003.npz,p_2607,69412
1175,/p/gpfs1/iopp/mummi_demoroot_20230722_profile/sims-cg/structure_iter00_000000000003/createsims_failure,p_2607,77697082
1176,p_2607,/p/gpfs1/iopp/mummi_demoroot_20230722_profile/sims-cg/structure_iter00_000000000003/createsims_failure,77697082
1177,/p/gpfs1/iopp/mummi_demoroot_20230722_profile/ml/iter00/structure_iter00_000000000293.npz,p_110392,18995
1178,/p/gpfs1/iopp/mummi_demoroot_20230722_profile/ml/iter00/structure_iter00_000000000149.npz,p_61975,15928
1179,/p/gpfs1/iopp/mummi_demoroot_20230722_profile/sims-cg/structure_iter00_000000000149/createsims_failure,p_61975,77111433
1180,p_61975,/p/gpfs1/iopp/mummi_demoroot_20230722_profile/sims-cg/structure_iter00_000000000149/createsims_failure,77111433
1181,/p/gpfs1/iopp/mummi_demoroot_20230722_profile/ml/iter00/structure_iter00_000000000162.npz,p_133320,15352
1182,/p/gpfs1/iopp/mummi_demoroot_20230722_profile/sims-cg/structure_iter00_000000000162/createsims_failure,p_133320,81172821
1183,p_133320,/p/gpfs1/iopp/mummi_demoroot_20230722_profile/sims-cg/structure_iter00_000000000162/createsims_failure,81172821
1184,/p/gpfs1/iopp/mummi_demoroot_20230722_profile/ml/iter00/structure_iter00_000000000151.npz,p_92312,14072
1185,/p/gpfs1/iopp/mummi_demoroot_20230722_profile/sims-cg/structure_iter00_000000000151/createsims_success,p_92312,2729530946
1186,p_92312,/p/gpfs1/iopp/mummi_demoroot_20230722_profile/sims-cg/structure_iter00_000000000151/createsims_success,2729530946
1187,/p/gpfs1/iopp/mummi_demoroot_20230722_profile/ml/iter00/structure_iter00_000000000299.npz,p_178525,20063
1188,/p/gpfs1/iopp/mummi_demoroot_20230722_profile/ml/iter00/structure_iter00_000000000178.npz,p_79866,14020
1189,/p/gpfs1/iopp/mummi_demoroot_20230722_profile/sims-cg/structure_iter00_000000000178/createsims_failure,p_79866,139208049
1190,p_79866,/p/gpfs1/iopp/mummi_demoroot_20230722_profile/sims-cg/structure_iter00_000000000178/createsims_failure,139208049
